account_id,segment,region,years_as_customer,on_contract,orders_last_year,avg_order_value,discount_pct,support_tickets,avg_days_to_pay,spend_last_year,next_year_spend,paid_late
A0001,Clinic,North America,8,0,11,1465.0,1.8,1,24.0,16120.0,17893.0,0
A0002,Laboratory,Europe,13,0,27,3566.0,5.1,3,29.4,96292.0,98706.0,0
A0003,Distributor,Latin America,7,0,64,6348.0,7.5,4,41.1,406255.0,386311.0,1
A0004,Hospital,Asia Pacific,3,1,42,14789.0,5.9,6,22.5,621150.0,650920.0,1
A0005,Clinic,Europe,10,0,13,4035.0,7.9,2,28.1,52455.0,52354.0,0
A0006,Laboratory,Europe,8,1,18,5089.0,8.9,2,14.1,91608.0,99314.0,0
A0007,Hospital,Europe,3,0,51,11688.0,3.4,7,20.4,596094.0,626945.0,0
A0008,Distributor,Europe,9,1,61,23962.0,10.1,3,18.9,1461668.0,1590394.0,1
A0009,Distributor,North America,3,0,60,16507.0,8.3,1,49.2,990429.0,1110873.0,0
A0010,Clinic,North America,5,0,20,1418.0,1.4,1,45.5,28359.0,28872.0,1
A0011,Clinic,North America,2,0,19,2303.0,3.2,1,42.0,43749.0,46604.0,1
A0012,Hospital,Asia Pacific,14,1,45,3475.0,6.5,2,13.0,156371.0,165594.0,0
A0013,Hospital,Europe,11,1,37,5955.0,5.0,3,16.3,220336.0,268005.0,0
A0014,Clinic,Asia Pacific,5,0,20,1601.0,6.5,3,22.4,32021.0,27970.0,0
A0015,Clinic,North America,9,1,22,2467.0,6.9,1,22.0,54267.0,62158.0,0
A0016,Clinic,Latin America,5,0,20,2835.0,4.0,2,46.5,56698.0,61623.0,1
A0017,Laboratory,North America,15,1,30,2860.0,10.4,3,16.7,85801.0,79706.0,0
A0018,Distributor,Latin America,11,0,48,10751.0,11.4,3,43.3,516050.0,482357.0,0
A0019,Clinic,Europe,0,0,14,2727.0,5.2,1,10.0,38174.0,34690.0,0
A0020,Laboratory,Europe,7,1,18,3744.0,10.6,3,26.1,67401.0,73227.0,0
A0021,Hospital,Asia Pacific,6,0,40,7431.0,7.5,5,19.9,297254.0,296463.0,1
A0022,Hospital,Europe,11,0,46,3410.0,3.7,6,23.5,156871.0,157875.0,1
A0023,Clinic,Europe,15,0,15,2118.0,5.7,2,25.1,31770.0,36246.0,0
A0024,Hospital,North America,2,0,34,10434.0,4.2,4,33.6,354765.0,420807.0,1
A0025,Hospital,Europe,2,0,32,8654.0,2.3,2,38.6,276941.0,262658.0,0
A0026,Clinic,North America,2,0,15,1471.0,8.7,1,44.9,22058.0,23511.0,0
A0027,Clinic,North America,15,1,21,2246.0,9.9,3,10.0,47157.0,53589.0,0
A0028,Laboratory,North America,11,0,29,4338.0,2.6,1,13.2,125801.0,146945.0,0
A0029,Clinic,Europe,7,0,17,1757.0,6.0,2,41.9,29861.0,26471.0,0
A0030,Clinic,North America,6,1,8,3127.0,3.9,3,28.4,25017.0,24047.0,0
A0031,Clinic,Asia Pacific,9,1,18,1866.0,9.1,3,16.4,33581.0,34205.0,1
A0032,Hospital,North America,13,1,43,7038.0,6.9,4,16.9,302622.0,311067.0,0
A0033,Hospital,North America,0,0,40,7606.0,4.5,2,34.5,304226.0,315366.0,1
A0034,Hospital,Latin America,3,0,31,17222.0,7.4,1,48.4,533873.0,536734.0,0
A0035,Distributor,North America,10,1,66,10592.0,12.1,7,28.8,699099.0,636213.0,0
A0036,Hospital,Europe,3,0,40,6469.0,4.5,2,32.0,258753.0,252068.0,0
A0037,Clinic,North America,15,0,15,3171.0,6.8,1,11.8,47571.0,46425.0,0
A0038,Hospital,North America,13,1,40,6699.0,6.5,2,30.7,267945.0,287425.0,0
A0039,Distributor,Europe,13,1,53,12678.0,13.7,2,32.7,671921.0,750722.0,0
A0040,Hospital,Asia Pacific,5,0,30,3589.0,5.0,3,26.7,107685.0,104538.0,0
A0041,Hospital,North America,1,0,41,8767.0,6.6,5,23.0,359437.0,391030.0,0
A0042,Laboratory,Asia Pacific,1,1,36,3922.0,8.2,1,28.5,141207.0,177739.0,0
A0043,Clinic,Latin America,8,0,14,1571.0,6.5,1,43.1,21999.0,24340.0,0
A0044,Distributor,Europe,3,1,66,19047.0,10.1,4,55.5,1257089.0,1183272.0,1
A0045,Clinic,North America,12,1,13,2270.0,10.6,1,35.2,29515.0,36870.0,0
A0046,Distributor,North America,12,0,48,11061.0,9.7,3,31.9,530940.0,653717.0,0
A0047,Hospital,North America,3,1,31,4986.0,10.4,3,23.8,154571.0,163488.0,0
A0048,Clinic,North America,4,0,16,1397.0,3.9,1,23.5,22355.0,24074.0,0
A0049,Clinic,Asia Pacific,14,1,21,2023.0,6.5,1,22.0,42476.0,52381.0,0
A0050,Laboratory,North America,8,0,30,2317.0,4.5,1,22.1,69515.0,75279.0,0
A0051,Clinic,Asia Pacific,1,0,19,2930.0,7.3,2,38.4,55661.0,62375.0,0
A0052,Clinic,Europe,13,1,18,3345.0,6.2,3,21.8,60201.0,70179.0,0
A0053,Hospital,North America,13,1,41,6323.0,7.8,3,22.5,259224.0,278494.0,0
A0054,Clinic,North America,9,0,25,1405.0,2.0,4,19.6,35122.0,35261.0,0
A0055,Clinic,Asia Pacific,3,1,16,2149.0,6.1,0,36.4,34389.0,37231.0,0
A0056,Hospital,Europe,12,0,33,5447.0,5.5,4,23.4,179743.0,180422.0,0
A0057,Distributor,North America,6,1,62,12552.0,11.8,7,,778241.0,894928.0,0
A0058,Clinic,Asia Pacific,15,1,21,2627.0,3.4,0,17.3,55163.0,65503.0,0
A0059,Laboratory,North America,13,1,25,3399.0,8.0,2,20.6,84986.0,94920.0,0
A0060,Clinic,Europe,4,1,15,2530.0,5.2,3,26.9,37956.0,43291.0,1
A0061,Clinic,North America,14,0,21,3550.0,8.8,1,31.0,74544.0,82244.0,0
A0062,Clinic,Europe,14,1,18,4477.0,6.7,3,28.1,80577.0,97396.0,0
A0063,Distributor,North America,3,0,57,9860.0,14.4,3,60.5,562042.0,645701.0,1
A0064,Hospital,North America,8,1,37,10159.0,8.3,9,22.5,375899.0,394966.0,0
A0065,Clinic,Asia Pacific,11,0,28,2269.0,5.9,1,35.6,63525.0,65832.0,0
A0066,Hospital,Europe,3,0,39,5449.0,4.1,3,11.6,212518.0,197624.0,1
A0067,Clinic,Europe,13,1,17,3861.0,6.8,1,34.3,65635.0,84054.0,0
A0068,Hospital,Asia Pacific,2,0,33,9050.0,5.9,4,32.9,298659.0,309769.0,0
A0069,Laboratory,Europe,11,1,24,4143.0,3.3,1,31.1,99429.0,107917.0,0
A0070,Hospital,north america,5,0,44,8930.0,7.0,3,28.8,392909.0,402567.0,0
A0071,Distributor,Europe,15,1,56,11177.0,9.8,4,32.1,625884.0,646960.0,0
A0072,Clinic,North America,2,0,13,1705.0,4.5,1,38.2,22165.0,25316.0,1
A0073,Laboratory,North America,5,0,16,7340.0,0.0,0,25.9,117447.0,127565.0,0
A0074,Distributor,Europe,12,1,70,16207.0,12.9,5,25.6,1134467.0,1212183.0,0
A0075,Hospital,North America,6,0,30,8647.0,6.5,1,10.0,259414.0,244300.0,0
A0076,Distributor,North America,8,1,65,16583.0,12.6,4,37.8,1077926.0,1350115.0,0
A0077,Laboratory,Europe,4,0,20,6183.0,5.7,2,30.3,123666.0,129422.0,0
A0078,Laboratory,Asia Pacific,0,1,36,3677.0,6.3,3,27.9,132356.0,116885.0,0
A0079,Clinic,North America,0,0,10,3026.0,5.3,0,44.6,30263.0,30021.0,1
A0080,Hospital,North America,14,1,31,7039.0,9.4,2,21.4,218215.0,247632.0,0
A0081,Hospital,North America,12,0,35,9880.0,4.2,2,27.0,345815.0,376555.0,0
A0082,Laboratory,europe,9,1,27,3607.0,8.0,7,10.0,97386.0,95116.0,0
A0083,Clinic,Europe,10,0,15,5776.0,6.4,2,28.0,86640.0,100257.0,0
A0084,Hospital,latin america,7,1,35,6958.0,6.6,0,29.8,243547.0,284391.0,0
A0085,Laboratory,North America,8,1,21,4722.0,7.5,1,31.2,99169.0,111115.0,0
A0086,Clinic,Latin America,2,0,25,2898.0,5.5,3,37.2,72440.0,69935.0,0
A0087,Clinic,Latin America,1,0,23,2192.0,4.1,3,32.1,50406.0,43994.0,0
A0088,Clinic,North America,7,0,20,3419.0,9.7,2,27.3,68387.0,69479.0,0
A0089,Clinic,Asia Pacific,15,1,14,2393.0,6.2,0,32.6,33502.0,38379.0,0
A0090,Hospital,Asia Pacific,14,0,51,6826.0,8.3,3,16.6,348128.0,342610.0,0
A0091,Hospital,Europe,8,1,35,7889.0,9.1,3,33.7,276103.0,309207.0,0
A0092,Laboratory,North America,9,1,31,3031.0,3.1,5,21.2,93969.0,107512.0,0
A0093,Clinic,Europe,13,1,17,3745.0,7.5,0,10.0,63671.0,70981.0,0
A0094,Clinic,Asia Pacific,7,1,22,3066.0,9.0,1,29.2,67462.0,72862.0,0
A0095,Clinic,North America,6,0,21,3474.0,6.6,0,48.9,72963.0,77729.0,0
A0096,Distributor,Europe,9,1,54,7371.0,10.3,5,36.2,398034.0,482348.0,0
A0097,Hospital,North America,8,1,45,8668.0,7.5,2,14.8,390065.0,475280.0,0
A0098,Clinic,Asia Pacific,8,0,20,1883.0,2.7,2,26.6,37652.0,34902.0,0
A0099,Hospital,Asia Pacific,0,0,47,8126.0,3.0,7,27.7,381936.0,354468.0,1
A0100,Hospital,North America,9,0,35,12314.0,4.6,3,50.6,430996.0,539382.0,0
A0101,Laboratory,Asia Pacific,6,0,17,4313.0,5.4,1,34.4,73322.0,75596.0,0
A0102,Distributor,Europe,3,0,56,11122.0,13.1,4,23.3,622809.0,715694.0,1
A0103,Clinic,North America,12,1,22,3646.0,7.7,1,26.8,80220.0,94367.0,0
A0104,Clinic,Europe,2,0,16,3510.0,7.1,2,36.8,56154.0,63217.0,0
A0105,Laboratory,Europe,2,1,26,7528.0,4.7,2,20.0,195728.0,205331.0,0
A0106,Clinic,North America,0,1,20,1285.0,4.8,2,24.9,25694.0,27592.0,0
A0107,Clinic,Europe,11,0,26,2763.0,4.1,5,25.4,71839.0,77925.0,0
A0108,Distributor,Latin America,13,1,55,10223.0,15.4,1,51.2,562258.0,641534.0,1
A0109,Clinic,Europe,6,1,30,1814.0,4.4,3,20.7,54430.0,58942.0,0
A0110,Clinic,Europe,0,0,19,2565.0,2.0,7,28.7,48741.0,52590.0,1
A0111,Distributor,North America,7,1,50,7874.0,11.9,2,41.9,393687.0,428934.0,0
A0112,Laboratory,North America,4,0,28,1804.0,7.3,3,26.5,50516.0,57123.0,0
A0113,Hospital,Asia Pacific,3,1,41,5749.0,3.9,2,19.0,235724.0,244092.0,0
A0114,Laboratory,Asia Pacific,9,1,24,3598.0,6.5,0,21.5,86351.0,95659.0,0
A0115,Hospital,Asia Pacific,11,1,41,15153.0,4.4,4,27.6,621270.0,720202.0,0
A0116,Distributor,Europe,7,1,68,9188.0,14.8,9,35.4,624805.0,670053.0,1
A0117,Distributor,Europe,5,1,63,7857.0,13.4,3,32.8,494993.0,573328.0,0
A0118,Hospital,Europe,14,0,42,3947.0,5.6,2,35.1,165758.0,180770.0,0
A0119,Clinic,Asia Pacific,8,1,13,2179.0,6.9,1,34.6,28324.0,31589.0,0
A0120,Distributor,North America,3,1,55,10874.0,11.6,3,24.5,598086.0,619363.0,0
A0121,Hospital,Europe,12,0,35,8305.0,5.3,4,15.9,290674.0,271545.0,0
A0122,Clinic,Europe,1,0,10,1485.0,3.8,1,26.6,14855.0,14856.0,0
A0123,Distributor,Europe,13,1,74,9058.0,10.3,5,27.6,670323.0,793421.0,0
A0124,Clinic,North America,2,1,20,1114.0,4.9,3,29.5,22287.0,23674.0,0
A0125,Distributor,North America,9,1,65,12544.0,12.1,5,32.0,815386.0,895622.0,0
A0126,Hospital,North America,7,1,51,4553.0,5.5,6,24.8,232192.0,269363.0,0
A0127,Hospital,North America,15,1,37,3015.0,8.7,2,21.4,111558.0,119457.0,0
A0128,Clinic,Asia Pacific,4,1,22,3698.0,2.9,3,16.3,81367.0,89906.0,0
A0129,Hospital,Asia Pacific,1,1,34,9410.0,8.1,4,11.4,319954.0,322806.0,0
A0130,Clinic,Asia Pacific,7,0,22,2787.0,6.1,1,31.6,61305.0,70557.0,0
A0131,Laboratory,Europe,5,1,21,4457.0,9.4,2,35.8,93604.0,91567.0,0
A0132,Clinic,North America,11,1,15,1715.0,6.5,2,22.6,25728.0,28178.0,0
A0133,Clinic,Europe,0,1,10,3588.0,4.1,3,26.5,35882.0,36523.0,1
A0134,Hospital,Asia Pacific,5,1,41,5464.0,5.2,5,30.3,224029.0,232184.0,0
A0135,Laboratory,Europe,14,1,38,7698.0,9.2,5,16.0,292526.0,311300.0,0
A0136,Clinic,Europe,10,1,16,2667.0,6.4,4,11.3,42674.0,53082.0,0
A0137,Laboratory,North America,1,0,18,2068.0,4.2,3,30.9,37218.0,37057.0,0
A0138,Clinic,North America,0,0,11,3340.0,,2,41.0,36744.0,36972.0,0
A0139,Clinic,Europe,8,1,21,4917.0,6.9,5,26.0,103247.0,99681.0,0
A0140,Laboratory,Europe,8,0,25,3607.0,4.6,1,33.9,90181.0,86965.0,0
A0141,Distributor,North America,3,0,62,17183.0,7.0,3,38.4,1065331.0,1026635.0,0
A0142,Clinic,North America,14,1,20,2289.0,5.9,4,23.1,45770.0,46827.0,0
A0143,Clinic,Europe,0,0,27,1979.0,7.0,1,46.3,53423.0,57027.0,0
A0144,Laboratory,North America,14,1,30,1598.0,9.8,0,16.0,47929.0,53303.0,0
A0145,Clinic,Europe,0,0,24,3800.0,4.8,5,30.9,91193.0,86857.0,1
A0146,Laboratory,North America,9,1,24,3375.0,6.0,2,32.5,81002.0,89243.0,0
A0147,Hospital,Asia Pacific,15,1,29,9011.0,9.7,2,18.7,261317.0,280050.0,0
A0148,Clinic,North America,15,1,23,1658.0,6.7,3,10.0,38129.0,39436.0,0
A0149,Clinic,Europe,15,1,19,1794.0,4.7,2,14.5,34080.0,37146.0,0
A0150,Laboratory,Latin America,3,0,35,5833.0,4.8,1,51.0,204156.0,216107.0,0
A0151,Hospital,Asia Pacific,11,1,43,6892.0,8.4,3,24.0,296351.0,327227.0,0
A0152,Distributor,Asia Pacific,4,0,53,10285.0,13.1,2,56.6,545092.0,529567.0,0
A0153,Distributor,North America,4,0,62,7613.0,9.1,5,46.8,472015.0,534007.0,1
A0154,Distributor,Asia Pacific,7,0,62,12739.0,11.1,5,41.4,789840.0,830426.0,1
A0155,Clinic,North America,6,1,17,3239.0,6.4,1,33.6,55065.0,63860.0,0
A0156,Laboratory,Latin America,8,0,17,3358.0,7.2,1,31.6,57092.0,67770.0,0
A0157,Clinic,Asia Pacific,1,0,17,2310.0,5.5,4,42.7,39264.0,36565.0,0
A0158,Clinic,Europe,13,1,17,1609.0,7.5,1,18.8,27345.0,33285.0,0
A0159,Hospital,Asia Pacific,5,1,34,12900.0,5.1,4,23.9,438601.0,479143.0,0
A0160,Hospital,Europe,7,0,35,6356.0,4.4,3,32.5,222471.0,237033.0,0
A0161,Hospital,Asia Pacific,12,1,41,7476.0,6.4,5,16.6,306512.0,300264.0,0
A0162,Laboratory,North America,0,0,30,7122.0,0.0,2,25.9,213659.0,204012.0,0
A0163,Distributor,Latin America,9,1,53,10940.0,13.7,2,33.6,579798.0,645444.0,0
A0164,Hospital,Asia Pacific,11,1,39,4583.0,7.0,1,25.3,178751.0,201855.0,0
A0165,Clinic,North America,13,1,21,1784.0,6.6,2,21.9,37456.0,46924.0,0
A0166,Clinic,North America,3,1,23,2176.0,6.3,1,28.2,50055.0,53238.0,0
A0167,Clinic,Europe,2,0,8,4612.0,5.1,1,39.1,36897.0,38998.0,1
A0168,Distributor,Asia Pacific,14,0,59,12817.0,10.5,5,26.6,756199.0,781792.0,0
A0169,Clinic,north america,8,0,22,2282.0,2.5,3,25.3,50197.0,47530.0,0
A0170,Laboratory,Latin America,3,1,32,5285.0,7.3,5,48.6,169117.0,173527.0,0
A0171,Clinic,North America,13,0,15,3903.0,5.2,2,17.0,58551.0,63865.0,0
A0172,Clinic,Latin America,4,1,18,1893.0,7.1,1,45.0,34067.0,41996.0,0
A0173,Clinic,Asia Pacific,4,1,18,4087.0,4.1,0,24.6,73566.0,88597.0,0
A0174,Hospital,Europe,2,0,36,10690.0,4.7,3,37.6,384823.0,375740.0,0
A0175,Hospital,North America,10,1,45,9259.0,4.5,4,23.9,416642.0,428508.0,0
A0176,Clinic,North America,4,1,20,1076.0,7.7,0,24.8,21528.0,23813.0,0
A0177,Distributor,North America,11,0,65,12711.0,12.6,3,37.1,826240.0,842161.0,0
A0178,Distributor,Europe,9,1,50,19369.0,13.7,5,40.5,968470.0,1233817.0,0
A0179,Distributor,Asia Pacific,10,0,51,10779.0,9.4,3,31.4,549712.0,617798.0,1
A0180,Hospital,Latin America,4,0,27,17827.0,4.0,2,32.2,481328.0,497846.0,0
A0181,Laboratory,North America,6,1,17,4061.0,,3,32.1,69035.0,72268.0,0
A0182,Distributor,Latin America,0,0,62,8303.0,10.7,4,49.8,514784.0,471351.0,1
A0183,Laboratory,North America,5,1,25,4877.0,5.7,7,24.6,121918.0,126346.0,0
A0184,Clinic,Latin America,9,1,17,2744.0,6.0,1,29.3,46646.0,43112.0,0
A0185,Laboratory,Latin America,15,1,20,5308.0,2.1,3,22.6,106161.0,117159.0,0
A0186,Hospital,North America,11,1,33,7323.0,5.4,2,10.0,241665.0,262979.0,0
A0187,Hospital,Asia Pacific,2,1,39,12529.0,5.5,2,,488642.0,584732.0,0
A0188,Hospital,Asia Pacific,1,0,37,6513.0,4.0,2,30.5,240988.0,213944.0,0
A0189,Hospital,Asia Pacific,15,0,39,8298.0,7.4,4,12.2,323636.0,370162.0,0
A0190,Hospital,Asia Pacific,6,0,47,5106.0,2.4,0,25.7,240000.0,250206.0,0
A0191,Hospital,Europe,5,0,39,5978.0,2.4,4,32.9,233147.0,252723.0,0
A0192,Clinic,Europe,1,1,21,2660.0,8.2,3,43.0,55868.0,56231.0,1
A0193,Hospital,North America,1,0,38,6288.0,3.1,2,,238937.0,252180.0,0
A0194,Clinic,Asia Pacific,0,0,21,2114.0,4.7,2,45.7,44388.0,48109.0,0
A0195,Hospital,Latin America,6,0,27,7370.0,5.4,3,34.6,198986.0,246049.0,1
A0196,Distributor,North America,5,1,64,13001.0,12.0,4,39.7,832095.0,841759.0,1
A0197,Hospital,Asia Pacific,7,1,46,10389.0,5.5,4,22.4,477892.0,513278.0,0
A0198,Clinic,North America,4,1,21,3249.0,8.8,3,32.8,68228.0,73068.0,0
A0199,Laboratory,North America,7,1,32,5690.0,9.9,1,25.5,182078.0,194533.0,0
A0200,Clinic,North America,14,0,16,2664.0,3.1,3,20.7,42628.0,45687.0,0
A0201,Distributor,Europe,12,1,55,9815.0,11.5,4,18.1,539810.0,599845.0,0
A0202,Distributor,North America,0,0,61,6797.0,11.8,6,52.9,414598.0,395011.0,1
A0203,Clinic,North America,0,0,19,2193.0,4.6,3,23.1,41658.0,36494.0,0
A0204,Hospital,North America,10,0,28,5989.0,3.1,1,22.2,167683.0,184374.0,0
A0205,Clinic,North America,6,1,18,1305.0,6.2,2,39.3,23497.0,23188.0,0
A0206,Hospital,Asia Pacific,11,1,45,14202.0,8.6,2,23.1,639084.0,714119.0,0
A0207,Distributor,North America,0,0,56,6213.0,8.1,5,45.7,347946.0,371318.0,1
A0208,Laboratory,Europe,6,1,23,4499.0,7.5,2,26.3,103480.0,103524.0,0
A0209,Laboratory,Europe,13,1,29,4829.0,7.8,3,21.6,140028.0,155989.0,0
A0210,Hospital,North America,8,0,46,7305.0,3.7,7,25.9,336014.0,344236.0,0
A0211,Clinic,North America,12,0,16,6191.0,6.1,1,28.2,99051.0,107532.0,0
A0212,Clinic,Latin America,3,0,20,2498.0,6.3,2,39.4,49968.0,49871.0,0
A0213,Hospital,Latin America,1,0,51,6052.0,7.0,2,39.6,308661.0,316536.0,1
A0214,Clinic,Asia Pacific,4,0,22,4625.0,6.8,2,35.6,101742.0,111077.0,0
A0215,Distributor,North America,11,1,45,8970.0,9.1,2,36.3,403640.0,422283.0,0
A0216,Clinic,Asia Pacific,0,1,12,1492.0,8.8,0,32.9,17908.0,19275.0,0
A0217,Laboratory,Europe,3,0,27,2780.0,6.1,3,40.2,75063.0,81034.0,0
A0218,Distributor,North America,14,1,55,9485.0,13.9,2,43.7,521669.0,570313.0,0
A0219,Hospital,Europe,8,0,35,8067.0,3.4,2,42.3,282329.0,272913.0,0
A0220,Distributor,Latin America,0,1,64,13418.0,13.8,1,48.9,858731.0,977602.0,1
A0221,Laboratory,Asia Pacific,9,1,21,2315.0,7.7,3,14.2,48620.0,56302.0,0
A0222,Hospital,North America,2,0,48,8985.0,2.8,6,42.6,431291.0,458599.0,0
A0223,Clinic,North America,14,1,16,5473.0,9.5,1,19.8,87561.0,100560.0,0
A0224,Clinic,Latin America,11,1,10,1926.0,5.5,0,35.5,19257.0,21076.0,0
A0225,Clinic,Latin America,13,1,13,2367.0,5.0,5,24.9,30774.0,37595.0,0
A0226,Hospital,Europe,7,0,35,10158.0,5.8,3,36.3,355515.0,405431.0,0
A0227,Distributor,North America,1,1,49,18253.0,10.8,5,30.5,894401.0,989454.0,0
A0228,Clinic,Europe,8,0,19,1957.0,5.7,1,30.1,37190.0,38354.0,0
A0229,Distributor,Europe,8,0,61,8463.0,9.5,4,28.1,516268.0,541396.0,0
A0230,Distributor,Europe,4,1,58,8325.0,12.6,2,53.0,482828.0,493334.0,0
A0231,Clinic,North America,3,1,18,3660.0,8.6,3,25.7,65879.0,65480.0,0
A0232,Distributor,North America,2,1,61,16387.0,12.0,4,,999612.0,1066311.0,0
A0233,Laboratory,North America,15,1,25,1841.0,8.7,1,28.3,46026.0,54281.0,0
A0234,Laboratory,North America,12,0,26,1857.0,6.7,3,33.3,48294.0,53743.0,0
A0235,Hospital,North America,2,0,39,5116.0,3.4,0,44.5,199538.0,211047.0,0
A0236,Hospital,Latin America,1,0,40,4660.0,6.7,1,33.5,186418.0,222273.0,1
A0237,Distributor,North America,13,1,54,13769.0,13.2,0,32.8,743499.0,802494.0,0
A0238,Hospital,Asia Pacific,4,0,51,8582.0,5.3,3,42.5,437661.0,494996.0,1
A0239,Clinic,Asia Pacific,4,1,14,4974.0,9.2,0,25.6,69630.0,75109.0,0
A0240,Laboratory,Europe,12,1,25,5262.0,10.2,1,23.8,131549.0,159440.0,1
A0241,Clinic,Europe,2,0,18,2590.0,6.5,1,32.0,46628.0,45189.0,0
A0242,Hospital,North America,4,0,42,12071.0,2.2,3,29.7,506979.0,608139.0,1
A0243,Clinic,Europe,3,0,20,1807.0,5.9,4,43.8,36140.0,40689.0,1
A0244,Distributor,Asia Pacific,15,0,54,7248.0,9.8,2,27.2,391406.0,380369.0,0
A0245,Hospital,Asia Pacific,12,0,38,8032.0,4.5,5,26.0,305200.0,351296.0,0
A0246,Clinic,Europe,2,1,18,3463.0,7.7,2,33.3,62330.0,68229.0,1
A0247,Hospital,Latin America,7,1,32,4466.0,6.4,2,33.1,142910.0,167984.0,0
A0248,Distributor,Asia Pacific,8,0,61,16363.0,13.2,5,45.6,998150.0,1028773.0,1
A0249,Distributor,Europe,2,0,58,16159.0,10.6,3,28.1,937222.0,947013.0,1
A0250,Clinic,Europe,8,0,22,2076.0,5.1,2,37.9,45680.0,43599.0,1
A0251,Clinic,North America,15,1,9,2635.0,8.5,0,10.0,23711.0,26790.0,0
A0252,Clinic,Latin America,8,1,17,2251.0,8.6,1,30.2,38263.0,42827.0,0
A0253,Hospital,Europe,1,1,55,8171.0,9.3,2,26.8,449402.0,425658.0,0
A0254,Hospital,Asia Pacific,12,1,31,10577.0,8.3,1,24.5,327883.0,349268.0,0
A0255,Clinic,North America,7,0,13,1865.0,5.0,1,28.3,24241.0,25864.0,0
A0256,Clinic,Latin America,0,0,17,3590.0,5.3,1,40.0,61031.0,65048.0,1
A0257,Hospital,North America,4,0,43,10816.0,0.8,1,37.6,465104.0,472725.0,0
A0258,Distributor,Europe,8,1,63,16440.0,9.2,3,50.2,1035693.0,1252625.0,0
A0259,Clinic,North America,6,0,19,1232.0,7.0,3,25.7,23403.0,23446.0,0
A0260,Hospital,North America,12,1,37,4096.0,6.4,4,15.5,151537.0,175696.0,0
A0261,Hospital,Asia Pacific,10,0,32,10153.0,8.5,2,22.7,324885.0,381080.0,0
A0262,Distributor,North America,0,0,56,9667.0,13.5,3,35.7,541378.0,514982.0,1
A0263,Hospital,North America,12,0,37,6210.0,2.6,0,16.1,229775.0,273675.0,0
A0264,Hospital,north america,8,1,35,6049.0,7.6,5,20.2,211721.0,226848.0,0
A0265,Hospital,Asia Pacific,9,1,55,4926.0,12.6,3,28.7,270932.0,282212.0,0
A0266,Hospital,North America,7,1,45,7169.0,5.5,3,20.7,322586.0,394005.0,0
A0267,Laboratory,North America,6,0,16,3070.0,5.8,2,24.0,49117.0,57908.0,0
A0268,Hospital,Asia Pacific,6,0,42,6287.0,4.6,4,29.6,264062.0,266338.0,1
A0269,Clinic,Europe,6,0,15,2941.0,4.6,2,24.2,44112.0,50083.0,1
A0270,Distributor,Asia Pacific,8,0,56,7820.0,9.5,2,60.2,437928.0,498827.0,1
A0271,Clinic,Latin America,3,1,13,3700.0,7.0,1,48.0,48099.0,52724.0,0
A0272,Hospital,North America,9,0,40,3601.0,6.5,1,28.3,144023.0,179668.0,0
A0273,Clinic,Europe,11,0,21,6050.0,3.5,1,13.2,127060.0,137107.0,0
A0274,Laboratory,Asia Pacific,11,1,28,2446.0,8.0,5,17.0,68500.0,71736.0,0
A0275,Clinic,Asia Pacific,11,0,21,3052.0,3.7,4,19.3,64090.0,67968.0,0
A0276,Distributor,Asia Pacific,14,1,69,16473.0,13.0,5,,1136617.0,1255902.0,0
A0277,Hospital,North America,6,0,47,7926.0,5.6,6,13.3,372507.0,364975.0,0
A0278,Distributor,North America,10,0,62,15515.0,8.5,4,33.1,961921.0,992417.0,1
A0279,Distributor,Asia Pacific,14,0,54,11455.0,,3,29.3,618580.0,606285.0,0
A0280,Distributor,Europe,15,1,70,6359.0,10.6,5,22.9,445162.0,518959.0,0
A0281,Distributor,North America,7,0,80,13459.0,8.4,6,29.5,1076720.0,983564.0,1
A0282,Clinic,North America,10,0,19,3727.0,7.3,1,30.1,70814.0,82781.0,0
A0283,Hospital,Europe,11,1,38,6521.0,3.5,2,,247817.0,293084.0,0
A0284,Clinic,North America,4,1,13,1355.0,8.1,3,10.0,17617.0,18561.0,0
A0285,Distributor,Asia Pacific,8,0,64,9606.0,11.4,5,30.7,614810.0,617249.0,1
A0286,Hospital,North America,2,1,36,8910.0,5.9,5,34.9,320768.0,321783.0,0
A0287,Hospital,Asia Pacific,9,1,29,8837.0,9.1,1,32.4,256276.0,289418.0,0
A0288,Clinic,North America,1,0,15,3676.0,6.8,3,25.4,55143.0,63677.0,0
A0289,Distributor,Europe,4,0,66,14521.0,7.5,4,40.6,958363.0,1005803.0,0
A0290,Laboratory,North America,4,1,32,4754.0,8.1,2,31.3,152117.0,161418.0,0
A0291,Hospital,Asia Pacific,11,0,40,3889.0,5.9,5,33.5,155578.0,184358.0,0
A0292,Hospital,Europe,1,0,35,17554.0,3.6,2,30.6,614399.0,613362.0,1
A0293,Distributor,North America,10,1,68,12115.0,13.2,5,34.4,823838.0,878963.0,0
A0294,Clinic,Latin America,10,1,26,3373.0,8.5,4,26.7,87697.0,111408.0,0
A0295,Distributor,Europe,4,0,57,10523.0,8.6,7,27.7,599817.0,627578.0,0
A0296,Laboratory,North America,11,0,31,3760.0,1.2,3,33.5,116549.0,135457.0,0
A0297,Laboratory,Asia Pacific,9,1,29,4054.0,7.8,3,22.3,117569.0,136099.0,1
A0298,Distributor,North America,9,1,59,20877.0,10.6,1,36.2,1231768.0,1442548.0,0
A0299,Distributor,Latin America,1,0,58,20448.0,6.7,5,50.6,1186009.0,1248249.0,1
A0300,Clinic,North America,6,1,12,3093.0,6.3,2,18.4,37116.0,43195.0,0
A0301,Clinic,Latin America,5,1,13,5037.0,2.4,0,30.2,65479.0,84508.0,0
A0302,Hospital,North America,7,1,33,6899.0,6.4,1,27.1,227660.0,234312.0,0
A0303,Distributor,Asia Pacific,13,0,68,14332.0,12.9,5,24.7,974610.0,853325.0,0
A0304,Distributor,North America,4,0,67,10128.0,4.5,6,53.9,678608.0,667041.0,1
A0305,Distributor,Europe,5,1,80,18919.0,12.9,9,53.9,1513483.0,1384642.0,1
A0306,Clinic,Europe,14,0,23,2516.0,3.2,3,10.0,57870.0,63471.0,0
A0307,Clinic,North America,6,0,8,3521.0,4.2,1,37.5,28172.0,27393.0,0
A0308,Clinic,North America,0,1,15,4596.0,5.3,0,26.6,68934.0,75651.0,0
A0309,Hospital,North America,11,1,38,3795.0,8.3,4,26.0,144195.0,172314.0,1
A0310,Distributor,Asia Pacific,5,1,55,25887.0,12.0,4,37.5,1423769.0,1480678.0,0
A0311,Clinic,North America,10,1,21,2785.0,5.5,4,20.6,58486.0,61249.0,0
A0312,Clinic,Europe,9,1,19,2218.0,4.5,2,29.9,42144.0,49762.0,0
A0313,Clinic,North America,7,1,19,1254.0,6.2,1,25.2,23826.0,25284.0,0
A0314,Distributor,North America,2,0,60,10711.0,12.3,6,55.1,642681.0,635141.0,1
A0315,Clinic,Latin America,14,0,19,1093.0,2.7,2,34.4,20774.0,22507.0,0
A0316,Distributor,Europe,13,1,68,12319.0,12.8,3,18.4,837684.0,862733.0,0
A0317,Laboratory,Europe,5,0,38,3745.0,5.7,2,29.8,142293.0,159735.0,1
A0318,Clinic,Asia Pacific,7,0,22,4773.0,1.1,0,29.5,105011.0,104482.0,0
A0319,Hospital,Asia Pacific,10,0,39,7082.0,7.2,1,22.6,276186.0,318808.0,0
A0320,Distributor,North America,5,0,56,17522.0,10.0,5,31.5,981251.0,1029034.0,0
A0321,Laboratory,North America,9,0,23,6041.0,9.4,3,43.3,138939.0,135669.0,0
A0322,Hospital,Europe,1,0,40,16657.0,8.4,2,33.8,666282.0,667741.0,0
A0323,Distributor,North America,14,0,59,10932.0,9.5,2,33.7,644995.0,748837.0,0
A0324,Distributor,North America,4,0,57,15685.0,9.7,10,29.2,894070.0,842419.0,0
A0325,Laboratory,Latin America,7,0,22,2312.0,3.1,3,41.9,50865.0,62066.0,0
A0326,Hospital,Europe,9,1,40,5356.0,4.4,2,22.0,214247.0,223327.0,0
A0327,Hospital,Europe,3,1,33,7224.0,8.6,3,36.3,238401.0,279390.0,0
A0328,Laboratory,North America,4,1,28,3951.0,6.5,2,40.2,110622.0,106851.0,0
A0329,Hospital,Asia Pacific,7,0,28,5157.0,4.3,4,24.5,144402.0,147179.0,0
A0330,Hospital,Europe,0,0,47,6875.0,4.7,5,29.5,323132.0,346302.0,0
A0331,Clinic,North America,5,1,24,3201.0,8.4,5,35.3,76835.0,70751.0,0
A0332,Clinic,Latin America,9,1,20,2115.0,8.9,1,39.4,42304.0,48652.0,0
A0333,Distributor,Latin America,2,1,57,11313.0,12.0,6,49.0,644845.0,617892.0,0
A0334,Hospital,Latin America,4,0,30,5795.0,4.7,4,45.7,173861.0,160088.0,1
A0335,Laboratory,Asia Pacific,15,1,29,6542.0,7.2,2,15.7,189718.0,207122.0,0
A0336,Hospital,Europe,13,0,32,15091.0,9.1,2,24.6,482901.0,505096.0,0
A0337,Distributor,North America,3,0,70,12875.0,6.0,2,42.8,901269.0,901381.0,1
A0338,Hospital,Europe,11,1,38,7656.0,4.8,1,10.0,290910.0,317655.0,0
A0339,Clinic,North America,9,0,19,4529.0,6.0,2,33.8,86048.0,86173.0,0
A0340,Hospital,europe,11,0,41,9472.0,5.3,1,32.5,388349.0,343791.0,0
A0341,Clinic,North America,3,0,26,1961.0,7.4,2,25.6,50985.0,58278.0,0
A0342,Clinic,North America,14,1,32,1537.0,9.6,3,14.7,49190.0,63823.0,0
A0343,Distributor,Asia Pacific,8,1,52,9689.0,15.9,4,36.1,503824.0,568651.0,0
A0344,Clinic,North America,12,0,18,5480.0,3.5,1,31.2,98649.0,105666.0,0
A0345,Hospital,Europe,12,1,37,6451.0,8.2,1,20.7,238681.0,254506.0,0
A0346,Laboratory,Asia Pacific,5,0,23,11252.0,4.6,0,27.6,258807.0,282028.0,0
A0347,Laboratory,Asia Pacific,0,0,31,3988.0,6.9,4,38.5,123628.0,126719.0,0
A0348,Laboratory,Europe,9,0,18,3693.0,5.4,3,29.0,66481.0,65670.0,0
A0349,Hospital,Asia Pacific,5,1,41,12834.0,8.8,0,18.4,526197.0,581002.0,0
A0350,Clinic,Europe,4,1,17,2285.0,5.6,1,24.5,38839.0,45093.0,0
A0351,Hospital,Latin America,2,1,38,9147.0,7.4,1,33.7,347586.0,387857.0,0
A0352,Hospital,Asia Pacific,3,0,47,5498.0,4.0,5,38.0,258390.0,259396.0,0
A0353,Hospital,North America,12,1,45,5108.0,6.5,4,10.3,229876.0,258078.0,0
A0354,Clinic,North America,3,0,22,1915.0,4.2,0,26.5,42126.0,42175.0,0
A0355,Hospital,North America,12,0,34,8651.0,3.0,1,22.5,294120.0,320143.0,0
A0356,Hospital,North America,1,1,39,6292.0,9.2,0,29.6,245369.0,270796.0,0
A0357,Laboratory,North America,14,0,26,1973.0,5.6,4,42.5,51309.0,52082.0,0
A0358,Clinic,Asia Pacific,3,0,20,2961.0,7.2,3,31.4,59228.0,60327.0,1
A0359,Hospital,North America,12,0,48,7529.0,3.1,5,33.8,361394.0,406137.0,0
A0360,Distributor,North America,3,1,48,10838.0,8.2,4,43.9,520233.0,597720.0,1
A0361,Hospital,Asia Pacific,3,0,34,6410.0,3.8,3,42.9,217947.0,186785.0,0
A0362,Clinic,North America,10,1,27,1112.0,6.7,2,35.7,30029.0,30354.0,0
A0363,Hospital,north america,1,0,36,14136.0,6.6,1,38.9,508910.0,567790.0,0
A0364,Clinic,Latin America,4,1,21,2101.0,9.1,4,27.4,44127.0,48802.0,0
A0365,Clinic,Asia Pacific,9,1,15,3017.0,9.4,1,20.2,45259.0,52595.0,0
A0366,Clinic,Europe,0,0,25,4117.0,8.1,0,46.9,102937.0,96131.0,0
A0367,Clinic,North America,4,1,22,3746.0,8.5,1,43.8,82411.0,91328.0,0
A0368,Distributor,North America,6,0,68,12891.0,10.3,2,,876601.0,962643.0,0
A0369,Laboratory,Latin America,9,1,24,4009.0,5.6,2,49.7,96222.0,110773.0,0
A0370,Hospital,Asia Pacific,3,0,39,8922.0,6.4,3,38.2,347951.0,337923.0,0
A0371,Hospital,North America,8,0,35,11071.0,4.1,7,22.3,387472.0,375020.0,0
A0372,Hospital,Asia Pacific,11,0,38,9841.0,3.5,3,27.2,373955.0,408341.0,0
A0373,Laboratory,North America,5,0,31,3404.0,6.2,4,33.5,105522.0,109958.0,0
A0374,Laboratory,Asia Pacific,3,1,23,4698.0,7.5,0,35.0,108057.0,130642.0,0
A0375,Hospital,North America,4,0,33,9156.0,6.7,3,38.7,302133.0,258577.0,0
A0376,Laboratory,North America,8,1,25,5130.0,5.6,6,,128253.0,131626.0,0
A0377,Hospital,North America,0,1,44,8605.0,9.3,2,39.4,378631.0,442714.0,0
A0378,Clinic,North America,2,1,14,4087.0,7.8,3,24.2,57211.0,56247.0,0
A0379,Clinic,Asia Pacific,1,1,18,2686.0,6.7,0,31.6,48344.0,53468.0,0
A0380,Laboratory,Asia Pacific,7,0,17,5501.0,3.6,2,34.7,93509.0,109377.0,0
A0381,Hospital,Europe,13,1,42,8122.0,4.9,3,25.3,341108.0,357702.0,0
A0382,Clinic,asia pacific,13,1,14,2033.0,4.4,3,23.9,28459.0,32828.0,0
A0383,Clinic,North America,10,1,22,1779.0,9.8,0,18.0,39132.0,50580.0,0
A0384,Hospital,North America,4,1,46,7552.0,4.3,9,26.0,347381.0,320660.0,0
A0385,Hospital,Asia Pacific,0,1,37,9693.0,8.3,5,37.5,358636.0,318295.0,0
A0386,Clinic,Latin America,8,0,19,3940.0,4.6,3,33.2,74853.0,84960.0,0
A0387,Laboratory,Europe,3,0,25,3871.0,3.9,4,23.6,96783.0,94802.0,1
A0388,Distributor,Asia Pacific,7,1,67,9952.0,11.1,2,14.7,666751.0,735772.0,0
A0389,Distributor,Latin America,9,0,54,9993.0,9.9,4,46.1,539634.0,568253.0,0
A0390,Distributor,Latin America,1,0,63,19067.0,11.8,8,45.3,1201218.0,1278199.0,0
A0391,Distributor,North America,1,1,56,12460.0,13.2,3,39.4,697780.0,729057.0,0
A0392,Distributor,Europe,0,0,54,10022.0,10.0,2,36.8,541163.0,595318.0,1
A0393,Distributor,North America,14,1,58,15647.0,9.4,1,25.5,907547.0,1100150.0,0
A0394,Distributor,Europe,13,1,60,7464.0,8.6,4,26.8,447870.0,500140.0,0
A0395,Clinic,Europe,3,0,12,2606.0,8.7,2,40.2,31271.0,35016.0,0
A0396,Hospital,North America,5,1,28,7875.0,5.1,6,19.3,220496.0,238385.0,0
A0397,Distributor,North America,9,1,64,11431.0,9.0,0,23.6,731587.0,826749.0,0
A0398,Hospital,Asia Pacific,10,1,35,5284.0,9.3,3,23.0,184947.0,249457.0,0
A0399,Laboratory,Europe,6,0,27,5688.0,2.1,3,36.8,153588.0,136072.0,0
A0400,Clinic,Asia Pacific,6,1,19,4572.0,8.5,2,18.2,86875.0,87909.0,1
A0401,Clinic,North America,11,1,15,1554.0,8.9,2,25.3,23304.0,24407.0,0
A0402,Laboratory,North America,13,0,25,4175.0,5.5,3,24.8,104372.0,108982.0,0
A0403,Hospital,Europe,2,0,51,10082.0,6.9,1,37.4,514185.0,542833.0,0
A0404,Clinic,Latin America,3,0,23,5621.0,2.3,1,26.1,129287.0,133119.0,0
A0405,Hospital,Europe,11,1,45,6888.0,4.6,2,22.0,309941.0,404414.0,0
A0406,Laboratory,North America,7,1,27,2845.0,6.7,0,22.5,76817.0,83478.0,0
A0407,Clinic,Europe,2,1,18,2495.0,7.0,0,30.1,44918.0,45689.0,0
A0408,Distributor,Latin America,8,1,56,24718.0,11.9,6,36.4,1384190.0,1485638.0,0
A0409,Hospital,Asia Pacific,0,1,38,8201.0,8.0,4,29.2,311620.0,317185.0,0
A0410,Distributor,Asia Pacific,12,1,55,13194.0,10.6,4,13.3,725658.0,779067.0,0
A0411,Distributor,Europe,5,0,52,22688.0,5.9,6,40.9,1179787.0,1273216.0,1
A0412,Clinic,North America,0,0,11,1161.0,5.8,1,45.8,12776.0,13497.0,1
A0413,Laboratory,Asia Pacific,14,1,19,1838.0,6.6,2,20.4,34916.0,42950.0,0
A0414,Clinic,Asia Pacific,5,0,15,3462.0,6.6,0,31.6,51928.0,51057.0,0
A0415,Clinic,Asia Pacific,12,1,23,3301.0,11.1,0,23.2,75921.0,91070.0,0
A0416,Distributor,North America,7,1,68,7295.0,12.2,4,45.6,496075.0,539664.0,0
A0417,Distributor,North America,0,0,56,14449.0,11.2,5,39.7,809117.0,762968.0,1
A0418,Clinic,North America,9,0,20,2537.0,3.3,1,16.3,50739.0,48363.0,0
A0419,Distributor,Asia Pacific,1,0,53,12972.0,11.8,3,35.5,687505.0,694540.0,1
A0420,Hospital,Latin America,2,0,41,5993.0,5.7,5,36.2,245731.0,223708.0,1
A0421,Clinic,North America,15,1,14,2125.0,7.5,0,18.8,29744.0,36375.0,0
A0422,Distributor,Asia Pacific,8,0,58,8759.0,11.8,2,45.1,508025.0,557453.0,0
A0423,Hospital,North America,4,1,44,8147.0,4.8,2,21.1,358478.0,404739.0,0
A0424,Distributor,Europe,11,1,59,11044.0,13.2,11,23.2,651585.0,818022.0,0
A0425,Hospital,Europe,9,1,37,14632.0,7.9,2,29.9,541388.0,658325.0,0
A0426,Laboratory,North America,11,0,24,5011.0,8.2,4,34.7,120262.0,107954.0,0
A0427,Clinic,North America,10,1,20,1421.0,3.5,2,16.0,28421.0,33194.0,0
A0428,Clinic,North America,3,0,33,2902.0,4.9,4,38.6,95770.0,98914.0,1
A0429,Distributor,North America,6,1,55,20062.0,16.3,5,33.8,1103428.0,1200478.0,0
A0430,Clinic,Europe,7,0,20,2766.0,4.2,0,25.6,55313.0,57365.0,0
A0431,Distributor,North America,2,0,65,17719.0,9.2,3,42.4,1151761.0,1259357.0,1
A0432,Hospital,Asia Pacific,4,0,38,7902.0,8.5,4,25.0,300281.0,240129.0,0
A0433,Clinic,North America,10,1,18,3219.0,12.0,3,10.0,57946.0,58318.0,0
A0434,Clinic,Europe,6,1,17,1787.0,7.3,2,14.0,30383.0,34924.0,0
A0435,Laboratory,Europe,5,1,23,5304.0,5.6,0,20.0,121997.0,137970.0,0
A0436,Hospital,North America,5,1,37,4878.0,5.9,4,28.3,180468.0,207199.0,0
A0437,Clinic,Europe,2,0,16,3975.0,4.3,0,36.5,63600.0,64945.0,0
A0438,Clinic,Europe,15,1,17,1452.0,5.4,1,24.7,24688.0,27500.0,0
A0439,Clinic,Europe,10,1,14,1170.0,5.5,2,15.7,16381.0,19370.0,0
A0440,Hospital,Asia Pacific,0,1,42,9677.0,7.4,1,29.7,406446.0,444620.0,0
A0441,Clinic,Asia Pacific,12,0,17,2350.0,5.1,4,13.9,39946.0,36939.0,0
A0442,Hospital,North America,15,1,33,8334.0,8.0,3,10.2,275012.0,332808.0,0
A0443,Hospital,Asia Pacific,13,0,42,9327.0,5.1,2,,391725.0,391837.0,0
A0444,Laboratory,europe,0,0,19,3961.0,2.7,4,33.9,75258.0,80565.0,0
A0445,Hospital,Europe,3,1,39,5823.0,8.5,1,42.4,227092.0,252248.0,0
A0446,Clinic,North America,1,0,19,2697.0,5.5,3,39.5,51238.0,54386.0,0
A0447,Distributor,Europe,0,0,48,13593.0,8.9,3,41.2,652487.0,712059.0,0
A0448,Distributor,Europe,3,0,65,14321.0,9.5,7,,930853.0,843429.0,1
A0449,Clinic,Asia Pacific,14,1,29,5100.0,,0,10.0,147899.0,179303.0,0
A0450,Distributor,Asia Pacific,4,1,67,9217.0,12.2,4,47.1,617559.0,658452.0,1
A0451,Clinic,North America,9,1,21,2561.0,6.8,2,30.6,53779.0,58929.0,0
A0452,Clinic,Asia Pacific,13,0,11,3056.0,6.5,3,53.0,33619.0,36184.0,1
A0453,Distributor,Europe,15,0,64,10221.0,12.1,2,49.3,654139.0,690830.0,1
A0454,Distributor,Europe,13,0,77,7805.0,9.4,1,37.2,600949.0,660527.0,0
A0455,Clinic,Asia Pacific,0,0,22,2039.0,5.0,2,26.7,44864.0,46661.0,0
A0456,Clinic,Europe,14,0,15,3663.0,2.9,2,10.0,54948.0,57174.0,0
A0457,Clinic,Latin America,8,1,16,2269.0,6.7,2,28.5,36312.0,43462.0,0
A0458,Clinic,Asia Pacific,6,0,14,3114.0,6.0,1,29.9,43597.0,46578.0,0
A0459,Distributor,Asia Pacific,10,1,63,9219.0,13.7,5,20.3,580818.0,583113.0,0
A0460,Clinic,North America,0,0,16,2934.0,5.4,1,40.5,46945.0,50083.0,1
A0461,Clinic,Europe,9,0,15,1962.0,4.9,0,35.4,29424.0,33155.0,0
A0462,Distributor,North America,10,1,41,8868.0,10.6,1,24.1,363605.0,370154.0,0
A0463,Clinic,Asia Pacific,2,0,10,2603.0,5.5,0,31.3,26028.0,27945.0,0
A0464,Clinic,Asia Pacific,14,0,19,2547.0,2.9,1,12.5,48396.0,51836.0,0
A0465,Distributor,North America,1,1,77,20366.0,12.3,2,47.2,1568183.0,1718774.0,1
A0466,Clinic,Asia Pacific,1,0,18,1395.0,5.1,3,27.0,25116.0,25173.0,1
A0467,Distributor,Europe,6,1,44,14405.0,10.3,3,26.1,633829.0,710709.0,0
A0468,Distributor,North America,13,1,48,21401.0,12.7,5,13.9,1027266.0,1150881.0,0
A0469,Clinic,Latin America,6,1,14,4076.0,6.6,1,25.0,57065.0,53163.0,0
A0470,Distributor,Europe,0,0,64,10455.0,11.2,5,31.1,669127.0,667111.0,0
A0471,Hospital,North America,9,1,26,6264.0,6.1,3,31.1,162857.0,187125.0,0
A0472,Clinic,North America,11,1,12,2093.0,8.0,0,26.1,25116.0,30205.0,0
A0473,Laboratory,Asia Pacific,6,0,19,4456.0,8.1,2,20.3,84665.0,97225.0,0
A0474,Clinic,North America,7,1,26,2676.0,7.4,4,17.2,69571.0,77398.0,0
A0475,Clinic,Europe,14,0,15,2834.0,6.6,1,23.1,42513.0,51194.0,0
A0476,Distributor,North America,14,1,43,14876.0,10.8,4,29.6,639682.0,760244.0,0
A0477,Distributor,Europe,8,1,63,8173.0,11.3,2,25.0,514871.0,552781.0,0
A0478,Clinic,North America,13,0,17,1668.0,1.3,3,35.2,28348.0,28945.0,1
A0479,Clinic,Asia Pacific,2,1,15,1610.0,6.7,3,33.3,24143.0,28281.0,0
A0480,Hospital,Europe,0,0,40,4941.0,2.8,5,51.0,197643.0,206784.0,0
A0481,Hospital,Asia Pacific,10,0,40,7720.0,5.3,4,10.0,308796.0,281948.0,0
A0482,Hospital,North America,7,0,44,8946.0,1.0,2,16.6,393625.0,382910.0,0
A0483,Clinic,North America,3,0,27,6205.0,3.3,6,38.2,167528.0,182179.0,0
A0484,Laboratory,Asia Pacific,3,1,34,4844.0,7.2,6,29.3,164701.0,174320.0,0
A0485,Clinic,Latin America,5,0,21,2515.0,,1,36.6,52822.0,48585.0,1
A0486,Clinic,Europe,7,1,17,4161.0,3.8,1,15.0,70735.0,81390.0,0
A0487,Clinic,Latin America,11,1,25,1921.0,6.2,4,33.1,48015.0,56847.0,0
A0488,Clinic,Asia Pacific,1,1,19,2824.0,12.1,4,25.0,53656.0,59415.0,0
A0489,Laboratory,Europe,3,1,23,5674.0,8.6,3,38.4,130497.0,139900.0,1
A0490,Laboratory,Europe,5,1,23,5305.0,7.3,1,34.7,122013.0,133026.0,0
A0491,Clinic,North America,13,0,15,2890.0,0.0,2,31.8,43350.0,45254.0,0
A0492,Hospital,Europe,6,1,39,7059.0,5.2,5,10.3,275282.0,283580.0,0
A0493,Laboratory,North America,5,0,24,2561.0,,2,33.5,61473.0,65610.0,0
A0494,Clinic,Europe,0,0,16,2366.0,5.5,2,49.0,37858.0,46175.0,1
A0495,Distributor,Europe,15,1,63,9690.0,12.9,1,42.7,610495.0,830288.0,0
A0496,Hospital,North America,7,0,43,10244.0,6.9,4,39.3,440504.0,450453.0,1
A0497,Laboratory,North America,12,1,29,3809.0,7.2,3,29.5,110458.0,110880.0,0
A0498,Clinic,North America,14,0,20,3058.0,6.7,2,17.6,61168.0,66273.0,0
A0499,Clinic,Europe,1,0,24,1403.0,1.5,5,45.9,33675.0,32785.0,0
A0500,Hospital,Asia Pacific,0,0,46,11344.0,9.9,4,50.0,521822.0,511899.0,1
A0501,Clinic,Europe,0,0,14,1841.0,4.4,0,38.4,25774.0,23428.0,1
A0502,Distributor,Europe,15,0,66,6850.0,8.8,2,37.1,452083.0,492805.0,0
A0503,Distributor,Europe,5,0,77,7323.0,13.0,5,39.8,563838.0,543799.0,1
A0504,Clinic,North America,7,0,17,1995.0,,1,30.9,33922.0,36276.0,0
A0505,Distributor,North America,1,1,50,17959.0,13.9,5,36.7,897970.0,829287.0,1
A0506,Clinic,Asia Pacific,3,0,25,3229.0,3.8,1,36.4,80733.0,84643.0,1
A0507,Clinic,Latin America,3,1,26,1641.0,7.6,1,34.2,42659.0,42651.0,0
A0508,Clinic,North America,15,1,17,2579.0,8.4,5,10.0,43840.0,46024.0,0
A0509,Hospital,North America,11,0,46,7704.0,2.8,3,21.2,354387.0,359437.0,0
A0510,Clinic,Latin America,7,0,34,1424.0,4.6,5,40.6,48425.0,47565.0,0
A0511,Distributor,Asia Pacific,9,1,64,8409.0,11.5,5,34.4,538198.0,561043.0,0
A0512,Distributor,Europe,6,1,71,5776.0,11.5,3,46.9,410126.0,429047.0,0
A0513,Hospital,Asia Pacific,0,0,37,5855.0,3.7,2,42.7,216634.0,210564.0,1
A0514,Distributor,Europe,6,0,46,4636.0,7.6,3,50.6,213269.0,210092.0,0
A0515,Distributor,Latin America,12,1,50,9020.0,12.9,5,38.0,451025.0,475857.0,0
A0516,Clinic,North America,14,1,21,1787.0,7.5,2,27.4,37522.0,41760.0,0
A0517,Hospital,Europe,12,1,50,6010.0,9.3,5,14.7,300518.0,375434.0,0
A0518,Distributor,Europe,2,1,72,8931.0,11.9,6,32.9,643020.0,715743.0,1
A0519,Hospital,North America,13,1,42,12112.0,5.7,3,26.7,508723.0,548558.0,0
A0520,Clinic,Asia Pacific,3,1,12,2206.0,4.2,3,29.5,26476.0,25610.0,0
A0521,Clinic,North America,0,1,21,2726.0,7.2,1,23.6,57244.0,66990.0,0
A0522,Clinic,Asia Pacific,4,1,19,3277.0,6.4,2,34.4,62267.0,67839.0,0
A0523,Hospital,Asia Pacific,5,1,40,11050.0,11.0,4,37.7,441990.0,487650.0,0
A0524,Clinic,Europe,0,1,17,3191.0,11.5,4,36.1,54241.0,61960.0,1
A0525,Clinic,Latin America,9,1,15,2050.0,10.1,3,41.3,30746.0,29362.0,0
A0526,Clinic,Europe,13,0,17,1687.0,3.3,3,32.0,28675.0,29462.0,0
A0527,Hospital,Asia Pacific,13,1,36,6052.0,4.3,3,27.0,217870.0,248446.0,0
A0528,Laboratory,North America,7,0,23,3377.0,4.6,0,22.9,77660.0,92089.0,0
A0529,Hospital,North America,4,0,38,8014.0,3.3,1,16.7,304530.0,317931.0,0
A0530,Clinic,Asia Pacific,9,1,24,2424.0,9.8,1,20.0,58180.0,65848.0,0
A0531,Hospital,Latin America,4,1,48,11849.0,7.2,2,10.0,568761.0,618633.0,0
A0532,Hospital,Europe,14,1,38,7710.0,6.2,2,14.3,292961.0,333182.0,0
A0533,Clinic,Latin America,6,0,20,4753.0,5.0,2,29.1,95055.0,101001.0,0
A0534,Distributor,North America,7,0,68,17357.0,12.5,5,40.2,1180269.0,1157071.0,1
A0535,Distributor,Asia Pacific,9,1,66,10096.0,10.2,4,27.0,666335.0,692514.0,0
A0536,Hospital,Asia Pacific,4,0,46,10889.0,6.0,2,31.7,500902.0,506167.0,0
A0537,Hospital,Europe,15,1,48,2856.0,4.4,2,10.7,137072.0,163795.0,0
A0538,Clinic,Europe,8,0,13,4095.0,4.6,1,26.4,53238.0,61912.0,0
A0539,Distributor,Asia Pacific,0,1,56,13906.0,,0,51.9,778742.0,857334.0,0
A0540,Clinic,North America,8,0,19,2882.0,5.6,0,20.2,54760.0,57996.0,1
A0541,Laboratory,Europe,6,0,17,2188.0,5.3,3,16.1,37198.0,42325.0,1
A0542,Distributor,Europe,4,1,64,29600.0,14.4,4,48.1,1894373.0,2111700.0,0
A0543,Clinic,Europe,2,1,21,2282.0,8.4,0,34.5,47923.0,55536.0,0
A0544,Distributor,North America,3,1,55,11399.0,10.8,5,37.2,626942.0,655702.0,0
A0545,Distributor,North America,9,1,63,17957.0,9.4,3,29.4,1131318.0,1213559.0,0
A0546,Clinic,North America,5,0,15,2332.0,3.4,2,33.4,34982.0,37933.0,0
A0547,Hospital,Asia Pacific,9,0,34,5898.0,4.2,7,24.7,200545.0,201212.0,0
A0548,Clinic,North America,11,1,14,3165.0,,1,28.9,44305.0,54417.0,0
A0549,Clinic,North America,6,1,12,1739.0,5.5,1,22.7,20865.0,21721.0,0
A0550,Hospital,North America,2,1,43,10437.0,9.1,4,23.2,448775.0,487736.0,0
A0551,Clinic,Europe,10,1,16,2626.0,8.8,3,26.3,42017.0,46732.0,0
A0552,Clinic,Europe,15,1,17,3743.0,6.5,2,11.4,63623.0,67797.0,0
A0553,Hospital,Asia Pacific,13,0,44,5185.0,4.0,2,28.9,228135.0,241324.0,0
A0554,Hospital,Asia Pacific,3,1,47,12494.0,6.6,1,18.0,587235.0,594857.0,0
A0555,Hospital,Latin America,13,1,51,8887.0,6.9,2,23.1,453215.0,502162.0,0
A0556,Hospital,Asia Pacific,4,1,49,16218.0,7.0,5,28.1,794692.0,826197.0,0
A0557,Laboratory,Europe,1,0,24,3168.0,1.8,5,28.4,76025.0,91600.0,0
A0558,Hospital,North America,1,0,42,15551.0,,4,42.0,653155.0,603314.0,0
A0559,Hospital,Latin America,12,1,43,10291.0,3.3,2,,442513.0,522963.0,0
A0560,Hospital,North America,6,0,30,10610.0,5.1,2,31.8,318313.0,322940.0,0
A0561,Clinic,Europe,14,1,17,1927.0,8.3,2,10.0,32754.0,38308.0,1
A0562,Hospital,North America,5,0,38,9769.0,2.9,2,35.4,371216.0,378335.0,1
A0563,Clinic,Asia Pacific,0,1,12,3177.0,7.3,1,30.6,38128.0,38793.0,0
A0564,Hospital,North America,10,1,48,5941.0,5.8,3,10.0,285187.0,348934.0,0
A0565,Hospital,Europe,9,1,35,5287.0,5.7,1,24.7,185035.0,224668.0,0
A0566,Distributor,North America,14,1,54,9099.0,15.9,3,31.3,491328.0,488097.0,0
A0567,Hospital,Asia Pacific,15,1,52,13502.0,8.8,4,12.1,702112.0,782413.0,1
A0568,Clinic,Europe,3,0,20,2644.0,6.0,6,23.7,52880.0,51171.0,0
A0569,Clinic,Europe,3,1,18,3496.0,6.2,0,16.1,62924.0,61676.0,0
A0570,Clinic,North America,12,1,21,2772.0,7.8,4,20.5,58219.0,65441.0,0
A0571,Distributor,North America,6,1,55,12509.0,11.6,2,35.3,688020.0,784887.0,0
A0572,Hospital,Asia Pacific,4,1,37,8661.0,7.9,1,24.9,320475.0,354042.0,0
A0573,Laboratory,Asia Pacific,2,1,38,3453.0,5.3,4,44.5,131210.0,143962.0,0
A0574,Laboratory,Asia Pacific,6,1,31,6192.0,6.9,1,,191953.0,240012.0,0
A0575,Distributor,Latin America,5,0,47,12766.0,9.2,3,50.1,600019.0,600144.0,1
A0576,Hospital,Europe,2,0,48,8670.0,2.2,5,20.5,416161.0,457586.0,1
A0577,Distributor,North America,2,0,72,7311.0,13.3,5,45.7,526419.0,617511.0,1
A0578,Clinic,Europe,14,1,12,2792.0,8.6,1,,33505.0,30896.0,0
A0579,Distributor,North America,1,0,59,9423.0,8.5,5,36.9,555985.0,543847.0,0
A0580,Hospital,Europe,5,1,41,6686.0,4.1,5,42.7,274138.0,321555.0,0
A0581,Laboratory,Europe,6,1,28,5796.0,5.6,2,20.5,162298.0,183058.0,0
A0582,Laboratory,Europe,11,1,31,2706.0,,1,22.2,83877.0,91256.0,0
A0583,Hospital,Latin America,6,1,40,7447.0,5.8,1,30.0,297878.0,364564.0,0
A0584,Clinic,Asia Pacific,0,0,15,3131.0,2.0,4,31.7,46958.0,50305.0,1
A0585,Hospital,Europe,9,1,42,12080.0,5.4,3,10.0,507369.0,497034.0,0
A0586,Distributor,Asia Pacific,11,1,49,9967.0,12.1,2,37.9,488402.0,581806.0,0
A0587,Laboratory,Asia Pacific,8,1,23,4484.0,7.8,2,10.0,103133.0,113146.0,0
A0588,Laboratory,Asia Pacific,3,1,22,4430.0,3.1,2,,97467.0,107446.0,0
A0589,Clinic,Europe,15,0,17,1669.0,5.0,1,13.9,28373.0,28762.0,0
A0590,Distributor,Asia Pacific,7,1,56,5579.0,10.1,3,30.0,312438.0,355974.0,0
A0591,Distributor,Europe,10,0,57,6020.0,8.0,4,57.0,343121.0,365232.0,1
A0592,Clinic,North America,10,0,16,3098.0,4.4,3,19.0,49569.0,48937.0,0
A0593,Laboratory,North America,2,0,28,4149.0,3.7,1,31.4,116165.0,117903.0,0
A0594,Clinic,Europe,2,1,14,1548.0,8.4,3,18.2,21665.0,25650.0,0
A0595,Clinic,North America,1,1,17,1988.0,8.4,1,27.5,33797.0,40815.0,0
A0596,Clinic,Europe,8,1,17,2166.0,6.4,4,26.7,36828.0,35867.0,0
A0597,Hospital,Europe,6,1,24,7037.0,5.7,2,37.6,168889.0,192792.0,0
A0598,Distributor,North America,13,0,57,11868.0,13.5,3,13.4,676503.0,712446.0,0
A0599,Distributor,North America,12,1,83,26424.0,15.7,5,29.6,2193180.0,2327812.0,0
A0600,Clinic,North America,2,1,19,1890.0,7.8,1,33.0,35902.0,39902.0,1
A0601,Laboratory,Europe,10,1,17,4209.0,6.7,2,29.0,71558.0,88850.0,0
A0602,Distributor,North America,7,0,61,9109.0,12.0,3,33.0,555627.0,605870.0,0
A0603,Clinic,Europe,1,0,25,1996.0,7.9,5,34.7,49902.0,45972.0,1
A0604,Hospital,Latin America,2,1,42,5837.0,6.0,5,51.2,245165.0,258960.0,1
A0605,Hospital,Europe,13,1,45,7365.0,10.6,2,22.4,331423.0,388550.0,0
A0606,Hospital,Asia Pacific,2,1,40,6563.0,6.7,3,45.2,262517.0,304465.0,0
A0607,Clinic,Asia Pacific,6,1,17,2832.0,,3,15.3,48143.0,52318.0,0
A0608,Clinic,Latin America,7,1,24,2697.0,6.0,0,26.5,64728.0,73657.0,0
A0609,Laboratory,North America,12,0,24,2905.0,5.1,1,25.5,69731.0,77456.0,0
A0610,Hospital,North America,7,1,48,15879.0,6.1,3,16.0,762205.0,875483.0,0
A0611,Laboratory,Latin America,8,0,24,2632.0,5.1,1,41.6,63169.0,58361.0,0
A0612,Distributor,Europe,10,1,57,13623.0,14.0,6,22.8,776536.0,925636.0,0
A0613,Laboratory,Latin America,5,1,25,8685.0,5.2,5,36.6,217128.0,237259.0,0
A0614,Clinic,North America,13,1,16,1937.0,6.4,0,,30986.0,35888.0,0
A0615,Hospital,North America,10,0,39,12850.0,6.1,4,20.0,501136.0,484286.0,0
A0616,Distributor,Asia Pacific,11,0,56,19931.0,9.1,3,38.1,1116145.0,1214587.0,0
A0617,Hospital,Europe,14,1,49,9027.0,11.0,4,23.4,442336.0,565553.0,0
A0618,Hospital,Europe,5,1,51,4129.0,4.1,5,18.1,210594.0,214902.0,0
A0619,Distributor,Latin America,11,1,72,19936.0,17.0,6,26.9,1435409.0,1376384.0,0
A0620,Distributor,North America,7,1,54,12400.0,10.7,1,38.7,669585.0,771425.0,1
A0621,Hospital,Latin America,5,0,52,6577.0,6.9,1,30.8,341992.0,362400.0,0
A0622,Hospital,North America,10,1,41,12623.0,10.2,2,25.0,517543.0,578958.0,0
A0623,Laboratory,North America,2,0,26,3086.0,6.1,3,43.7,80232.0,72382.0,0
A0624,Hospital,North America,13,1,41,11703.0,4.2,7,24.6,479843.0,537775.0,0
A0625,Distributor,Europe,14,1,79,9860.0,11.3,4,16.4,778974.0,913725.0,0
A0626,Hospital,Europe,10,1,35,9687.0,7.1,3,31.8,339048.0,261505.0,0
A0627,Distributor,Asia Pacific,6,1,45,8164.0,13.1,2,44.0,367370.0,409668.0,0
A0628,Hospital,North America,8,0,50,6942.0,6.9,3,23.7,347081.0,386275.0,0
A0629,Clinic,North America,4,1,19,1801.0,9.2,1,23.2,34226.0,35300.0,1
A0630,Hospital,North America,2,0,38,6200.0,7.9,0,44.7,235618.0,208245.0,0
A0631,Clinic,Europe,13,1,14,2672.0,5.1,1,22.0,37406.0,43195.0,0
A0632,Distributor,Asia Pacific,13,1,57,11285.0,14.0,6,,643232.0,814919.0,0
A0633,Hospital,Europe,9,1,37,8554.0,3.6,2,31.5,316495.0,362734.0,0
A0634,Hospital,Europe,4,0,42,12651.0,5.3,5,36.0,531351.0,632767.0,1
A0635,Distributor,Europe,15,1,64,11515.0,9.9,6,50.6,736931.0,835988.0,1
A0636,Clinic,North America,6,0,13,1285.0,1.5,1,41.3,16709.0,17464.0,1
A0637,Clinic,North America,9,1,17,2255.0,8.8,1,24.0,38329.0,40857.0,0
A0638,Clinic,Latin America,14,1,16,2572.0,6.9,3,27.7,41149.0,51216.0,0
A0639,Clinic,North America,0,1,13,3597.0,9.0,2,27.6,46761.0,45229.0,0
A0640,Laboratory,Latin America,3,0,21,5787.0,1.9,0,50.4,121518.0,122619.0,0
A0641,Hospital,Europe,11,0,38,11233.0,2.6,2,16.6,426855.0,445861.0,0
A0642,Distributor,North America,14,1,53,11059.0,11.8,3,36.0,586135.0,677586.0,0
A0643,Clinic,North America,13,0,16,3148.0,3.7,2,19.9,50364.0,54966.0,0
A0644,Distributor,North America,3,1,77,7163.0,12.1,3,22.8,551566.0,529621.0,0
A0645,Clinic,North America,12,0,16,3967.0,3.8,3,33.3,63476.0,62175.0,0
A0646,Distributor,Europe,1,1,64,14031.0,11.3,3,42.7,897986.0,1080767.0,1
A0647,Distributor,Europe,9,1,49,14384.0,9.7,5,35.1,704827.0,771566.0,0
A0648,Clinic,Europe,8,1,15,2182.0,9.5,3,21.1,32737.0,36104.0,0
A0649,Hospital,Europe,13,1,37,8159.0,6.4,4,19.5,301878.0,329084.0,0
A0650,Laboratory,North America,12,0,32,3149.0,2.7,4,20.3,100753.0,109336.0,0
A0651,Distributor,North America,0,0,61,14689.0,11.4,7,55.8,896057.0,818360.0,1
A0652,Hospital,Latin America,6,1,38,4975.0,8.0,3,44.3,189036.0,223269.0,0
A0653,Distributor,North America,1,1,54,16978.0,,5,38.9,916811.0,1022836.0,1
A0654,Hospital,Asia Pacific,13,0,36,9714.0,5.4,3,24.8,349714.0,376657.0,0
A0655,Clinic,Europe,0,1,13,5155.0,6.2,3,,67015.0,76102.0,1
A0656,Laboratory,Asia Pacific,6,1,33,3944.0,6.7,6,32.6,130160.0,136654.0,0
A0657,Clinic,North America,10,1,19,2418.0,2.6,5,24.0,45937.0,48663.0,0
A0658,Hospital,North America,13,0,37,8571.0,1.9,5,21.1,317118.0,360329.0,0
A0659,Clinic,Europe,14,1,16,2533.0,4.6,1,17.1,40521.0,46414.0,0
A0660,Hospital,Latin America,1,1,39,7697.0,7.6,2,39.6,300198.0,304227.0,0
A0661,Hospital,North America,4,0,46,5392.0,7.4,4,30.8,248051.0,285033.0,1
A0662,Hospital,North America,4,1,59,5387.0,6.7,3,23.8,317833.0,339514.0,0
A0663,Hospital,North America,4,0,32,6532.0,4.5,4,41.9,209022.0,221307.0,1
A0664,Hospital,Asia Pacific,1,0,42,7209.0,7.2,6,37.7,302787.0,335428.0,1
A0665,Clinic,North America,11,0,11,1635.0,4.3,2,33.7,17990.0,17581.0,0
A0666,Hospital,North America,11,1,49,5282.0,8.3,4,14.3,258799.0,280407.0,0
A0667,Distributor,Europe,7,0,63,10840.0,10.9,6,46.3,682927.0,747698.0,1
A0668,Laboratory,Asia Pacific,7,1,25,5213.0,4.4,1,24.8,130323.0,142641.0,0
A0669,Hospital,Europe,12,1,36,7471.0,7.6,4,18.6,268960.0,289854.0,0
A0670,Clinic,North America,10,0,19,3185.0,5.4,1,21.7,60520.0,64846.0,0
A0671,Clinic,Europe,2,0,20,3538.0,2.7,3,28.5,70767.0,70709.0,0
A0672,Hospital,North America,3,0,34,10527.0,2.9,3,,357903.0,359093.0,0
A0673,Hospital,North America,8,1,32,6881.0,4.5,2,24.8,220182.0,252163.0,0
A0674,Laboratory,Latin America,11,1,25,3461.0,9.7,3,28.8,86524.0,97369.0,1
A0675,Clinic,Europe,15,1,23,1284.0,11.2,1,,29523.0,38226.0,0
A0676,Distributor,North America,15,1,64,9399.0,13.4,4,,601508.0,694194.0,1
A0677,Hospital,Asia Pacific,8,0,49,9456.0,8.1,1,30.8,463346.0,558795.0,0
A0678,Clinic,Latin America,1,0,25,1695.0,2.3,2,41.7,42365.0,44027.0,1
A0679,Laboratory,Asia Pacific,9,0,25,6489.0,7.8,1,21.6,162219.0,197320.0,0
A0680,Laboratory,North America,5,0,28,6677.0,8.9,5,24.7,186961.0,188461.0,0
A0681,Hospital,North America,3,0,33,7011.0,8.2,2,35.7,231366.0,262709.0,0
A0682,Clinic,Europe,13,0,19,3476.0,3.1,2,12.6,66043.0,72751.0,0
A0683,Clinic,Europe,13,1,17,1506.0,9.2,2,32.9,25605.0,32438.0,0
A0684,Distributor,Asia Pacific,13,1,57,8248.0,11.8,5,42.5,470151.0,492114.0,0
A0685,Hospital,Latin America,0,0,32,7003.0,7.1,2,31.3,224086.0,221193.0,0
A0686,Hospital,latin america,13,1,43,8025.0,5.7,4,37.6,345059.0,396786.0,0
A0687,Distributor,North America,14,0,55,11228.0,10.0,2,42.9,617544.0,628507.0,0
A0688,Clinic,Europe,3,1,16,1837.0,5.9,2,37.0,29389.0,35413.0,0
A0689,Clinic,North America,8,0,15,5048.0,6.0,1,34.3,75717.0,80245.0,1
A0690,Laboratory,Europe,9,0,22,4439.0,4.8,2,41.3,97648.0,108477.0,0
A0691,Clinic,North America,7,0,16,2769.0,7.2,1,23.2,44311.0,50969.0,0
A0692,Hospital,North America,1,0,37,10205.0,6.6,2,30.8,377574.0,406589.0,0
A0693,Clinic,North America,1,0,16,2662.0,5.8,1,39.4,42589.0,41774.0,0
A0694,Hospital,North America,6,1,40,7365.0,6.9,4,,294612.0,288364.0,0
A0695,Hospital,North America,4,0,35,6557.0,4.4,4,20.6,229483.0,204605.0,0
A0696,Clinic,Asia Pacific,9,1,19,1392.0,7.0,1,29.7,26456.0,27975.0,0
A0697,Laboratory,North America,9,0,26,6823.0,6.5,2,36.4,177405.0,179087.0,0
A0698,Clinic,North America,4,0,17,1799.0,5.3,2,30.4,30579.0,29996.0,0
A0699,Clinic,Europe,6,0,25,1380.0,5.6,4,33.6,34492.0,36906.0,0
A0700,Clinic,Europe,6,0,13,1873.0,4.9,3,38.2,24350.0,22798.0,1
A0701,Clinic,Asia Pacific,15,1,16,1410.0,6.9,2,10.0,22563.0,23024.0,0
A0702,Distributor,Asia Pacific,5,0,62,24471.0,8.7,4,36.8,1517216.0,1581918.0,1
A0703,Clinic,europe,8,0,20,2848.0,1.3,2,21.9,56969.0,68655.0,1
A0704,Distributor,Europe,1,0,57,19853.0,11.1,6,43.3,1131602.0,1035845.0,0
A0705,Clinic,Asia Pacific,6,0,12,4204.0,6.1,2,20.5,50445.0,52673.0,0
A0706,Hospital,North America,1,0,45,9802.0,3.1,2,24.3,441103.0,451840.0,1
A0707,Clinic,North America,1,0,18,3068.0,8.8,4,36.3,55220.0,60439.0,1
A0708,Clinic,Asia Pacific,12,1,22,1931.0,4.7,3,35.4,42483.0,50629.0,0
A0709,Hospital,North America,0,1,28,7763.0,9.0,3,20.4,217359.0,223495.0,0
A0710,Clinic,Europe,0,1,14,2015.0,7.5,5,43.2,28205.0,31481.0,0
A0711,Distributor,North America,14,0,64,12184.0,10.6,7,41.8,779797.0,817822.0,1
A0712,Hospital,Europe,15,1,51,6231.0,9.3,5,26.4,317779.0,375655.0,0
A0713,Clinic,Asia Pacific,2,0,23,3931.0,6.8,2,44.3,90412.0,106395.0,1
A0714,Distributor,Europe,14,1,72,15768.0,12.1,7,25.7,1135326.0,1044702.0,0
A0715,Clinic,Europe,13,0,22,2407.0,2.9,3,34.0,52948.0,51136.0,0
A0716,Hospital,North America,15,0,48,4403.0,2.6,4,11.2,211367.0,205257.0,0
A0717,Clinic,Asia Pacific,6,0,19,3193.0,5.4,0,24.1,60665.0,59138.0,0
A0718,Clinic,Europe,12,1,15,3429.0,10.2,3,23.4,51432.0,58187.0,0
A0719,Distributor,Europe,1,0,50,11711.0,11.8,4,,585539.0,595837.0,1
A0720,Clinic,Asia Pacific,0,0,18,1593.0,4.9,1,24.3,28680.0,33569.0,0
A0721,Hospital,Europe,0,0,41,9337.0,5.7,6,20.1,382808.0,419157.0,0
A0722,Distributor,Latin America,1,1,76,17464.0,13.4,4,50.8,1327274.0,1434442.0,1
A0723,Laboratory,Europe,14,1,27,2017.0,10.4,1,21.5,54454.0,62216.0,0
A0724,Hospital,Asia Pacific,5,0,35,9794.0,3.5,5,36.9,342775.0,366943.0,1
A0725,Hospital,Europe,5,0,42,4183.0,6.5,3,30.7,175681.0,188235.0,1
A0726,Hospital,Asia Pacific,2,0,36,8229.0,5.6,2,23.2,296233.0,294852.0,0
A0727,Distributor,Asia Pacific,8,1,48,22391.0,10.5,4,43.0,1074773.0,1233078.0,1
A0728,Laboratory,North America,0,0,35,4133.0,3.0,2,41.6,144663.0,142145.0,1
A0729,Hospital,Europe,3,0,49,9496.0,7.5,5,34.3,465322.0,465372.0,0
A0730,Clinic,Europe,14,1,20,2229.0,7.7,1,36.6,44576.0,50833.0,0
A0731,Hospital,north america,14,1,50,7981.0,6.6,2,,399041.0,437097.0,0
A0732,Clinic,Asia Pacific,14,1,21,5785.0,7.2,1,31.3,121493.0,133782.0,0
A0733,Laboratory,Asia Pacific,5,1,24,6440.0,9.0,5,25.3,154554.0,165734.0,0
A0734,Hospital,Latin America,12,1,42,7151.0,7.2,7,10.0,300345.0,322114.0,0
A0735,Hospital,North America,1,1,28,6983.0,10.2,1,20.2,195519.0,193521.0,0
A0736,Clinic,Europe,4,1,21,2516.0,6.5,0,10.0,52842.0,65708.0,0
A0737,Clinic,Latin America,4,0,19,5471.0,3.4,2,38.3,103951.0,122290.0,0
A0738,Distributor,Europe,13,0,71,12929.0,9.8,4,44.4,917943.0,1098599.0,1
A0739,Clinic,Asia Pacific,13,1,20,3719.0,5.1,2,10.0,74375.0,91461.0,0
A0740,Hospital,Europe,13,1,40,7025.0,6.3,1,25.8,281009.0,320157.0,0
A0741,Clinic,North America,5,0,16,1587.0,7.5,2,29.1,25400.0,24696.0,1
A0742,Laboratory,North America,5,0,23,6416.0,8.4,2,38.7,147564.0,142638.0,1
A0743,Distributor,North America,13,0,61,11678.0,11.3,1,38.0,712332.0,683643.0,0
A0744,Hospital,Europe,2,1,46,6048.0,7.4,3,20.8,278206.0,290986.0,0
A0745,Distributor,North America,7,0,62,9373.0,8.2,7,44.4,581105.0,505989.0,0
A0746,Clinic,Asia Pacific,2,0,13,1968.0,3.0,3,33.5,25580.0,26349.0,0
A0747,Distributor,Latin America,9,1,55,9664.0,12.7,2,48.4,531538.0,604632.0,1
A0748,Hospital,North America,6,1,46,4619.0,7.3,4,41.2,212466.0,220729.0,0
A0749,Laboratory,North America,10,0,26,6139.0,3.9,2,25.8,159618.0,164197.0,0
A0750,Hospital,North America,13,1,53,9168.0,6.1,4,33.2,485927.0,539959.0,0
A0751,Clinic,Latin America,3,1,10,3540.0,10.1,0,35.2,35396.0,40735.0,0
A0752,Distributor,North America,1,0,60,10614.0,12.0,6,49.5,636865.0,611137.0,1
A0753,Clinic,Europe,1,0,10,2829.0,5.1,1,36.1,28291.0,33084.0,0
A0754,Hospital,North America,6,1,36,8491.0,7.5,5,20.2,305675.0,305977.0,0
A0755,Hospital,North America,12,0,39,12160.0,7.6,2,26.9,474228.0,489621.0,1
A0756,Hospital,North America,5,1,45,10696.0,7.7,1,22.8,481334.0,514090.0,0
A0757,Hospital,Europe,12,1,47,9091.0,7.5,0,25.4,427259.0,484924.0,0
A0758,Hospital,North America,14,1,35,6347.0,3.9,2,10.7,222159.0,257183.0,0
A0759,Hospital,Asia Pacific,15,1,39,5214.0,3.6,2,10.7,203345.0,241679.0,0
A0760,Clinic,Europe,2,0,18,1880.0,1.2,3,40.8,33841.0,33671.0,1
A0761,Clinic,North America,9,1,22,1995.0,2.5,2,27.6,43883.0,54421.0,0
A0762,Clinic,North America,10,0,17,2063.0,5.0,1,32.0,35077.0,32786.0,0
A0763,Hospital,Europe,8,0,40,5150.0,5.7,2,33.6,205994.0,222762.0,0
A0764,Hospital,Europe,5,1,39,14453.0,5.3,1,34.8,563663.0,624967.0,0
A0765,Clinic,North America,6,1,15,2752.0,7.9,1,,41282.0,41417.0,0
A0766,Distributor,North America,10,1,56,5852.0,12.9,3,39.9,327733.0,327025.0,0
A0767,Hospital,Europe,7,1,37,5423.0,6.9,0,18.6,200634.0,227363.0,0
A0768,Clinic,Latin America,13,0,17,1551.0,2.1,1,37.2,26372.0,31245.0,1
A0769,Distributor,Europe,3,1,60,13064.0,14.9,5,32.1,783820.0,851243.0,0
A0770,Clinic,Asia Pacific,13,0,18,3654.0,7.8,3,15.1,65780.0,70268.0,0
A0771,Laboratory,Europe,9,1,20,2816.0,5.9,3,21.5,56314.0,60797.0,0
A0772,Laboratory,Europe,13,1,18,4986.0,10.9,1,25.3,89746.0,99221.0,0
A0773,Clinic,Europe,0,1,16,2266.0,7.1,4,30.6,36254.0,36901.0,0
A0774,Distributor,Europe,4,0,52,18063.0,8.4,5,56.6,939259.0,994709.0,1
A0775,Hospital,Europe,15,1,37,13004.0,6.2,8,23.9,481148.0,561955.0,0
A0776,Hospital,Asia Pacific,4,0,38,8936.0,1.3,5,35.7,339568.0,357059.0,0
A0777,Clinic,North America,7,1,10,3228.0,,1,25.8,32276.0,34214.0,0
A0778,Clinic,North America,1,1,12,2497.0,3.8,0,18.9,29968.0,34118.0,0
A0779,Laboratory,Asia Pacific,14,0,31,3502.0,7.3,1,24.7,108575.0,128041.0,0
A0780,Hospital,North America,4,0,31,5291.0,5.6,2,32.5,164012.0,146913.0,1
A0781,Distributor,Asia Pacific,14,0,76,13479.0,7.2,4,48.3,1024427.0,1120155.0,0
A0782,Clinic,Latin America,1,0,23,2438.0,6.2,2,36.4,56083.0,55039.0,0
A0783,Hospital,europe,13,1,33,6980.0,3.6,4,19.1,230328.0,258537.0,0
A0784,Laboratory,North America,12,0,27,3893.0,5.3,1,20.1,105111.0,103967.0,0
A0785,Distributor,Asia Pacific,0,1,65,11235.0,13.0,2,41.7,730272.0,719883.0,0
A0786,Hospital,Europe,0,1,49,5533.0,7.1,4,16.6,271095.0,281810.0,0
A0787,Laboratory,North America,9,0,36,3316.0,2.8,4,30.7,119373.0,119412.0,1
A0788,Hospital,Asia Pacific,3,1,41,12003.0,6.8,3,28.2,492112.0,509214.0,0
A0789,Hospital,Europe,15,0,41,7365.0,4.6,2,25.0,301945.0,309306.0,0
A0790,Clinic,North America,12,0,19,4104.0,5.1,0,47.0,77977.0,88275.0,0
A0791,Laboratory,North America,9,1,27,2656.0,10.0,4,22.6,71703.0,84349.0,0
A0792,Hospital,North America,12,1,37,4946.0,10.4,1,24.8,183019.0,194568.0,0
A0793,Laboratory,Europe,0,0,13,4185.0,8.2,3,35.3,54405.0,55936.0,1
A0794,Clinic,Asia Pacific,15,1,14,3293.0,5.7,0,27.2,46096.0,52014.0,0
A0795,Hospital,North America,14,1,37,6338.0,5.5,4,37.3,234502.0,266813.0,0
A0796,Clinic,North America,6,1,21,3121.0,7.1,2,39.3,65540.0,77624.0,0
A0797,Clinic,europe,12,1,21,3482.0,7.9,2,23.6,73113.0,83909.0,0
A0798,Clinic,Europe,0,1,17,3658.0,2.9,2,20.3,62194.0,65820.0,0
A0799,Distributor,Europe,4,1,51,11537.0,10.8,6,40.8,588371.0,568452.0,1
A0800,Distributor,Asia Pacific,12,1,58,11783.0,15.6,5,17.6,683418.0,809798.0,1
A0801,Laboratory,Latin America,2,0,30,2227.0,2.5,4,34.8,66818.0,75862.0,0
A0802,Hospital,Latin America,4,1,52,8065.0,5.5,7,30.5,419405.0,372783.0,1
A0803,Distributor,Asia Pacific,10,0,54,13256.0,8.6,8,28.6,715830.0,753578.0,1
A0804,Clinic,North America,12,0,18,4126.0,6.0,2,25.9,74268.0,79030.0,0
A0805,Distributor,North America,12,0,60,7645.0,9.9,6,33.0,458727.0,430555.0,0
A0806,Laboratory,europe,0,0,23,2963.0,4.4,3,29.5,68149.0,77821.0,0
A0807,Laboratory,Latin America,6,1,23,2805.0,4.0,1,36.7,64507.0,74086.0,0
A0808,Hospital,North America,0,0,44,11000.0,6.2,1,29.6,483987.0,575901.0,0
A0809,Clinic,Europe,6,0,24,1020.0,5.0,3,,24480.0,23902.0,0
A0810,Laboratory,North America,9,1,27,2726.0,5.7,2,28.4,73591.0,79209.0,0
A0811,Laboratory,Europe,4,0,33,8304.0,5.1,1,28.8,274040.0,255165.0,0
A0812,Clinic,North America,10,0,18,3155.0,6.6,1,31.0,56786.0,61498.0,0
A0813,Laboratory,North America,4,0,22,2498.0,2.1,7,26.8,54955.0,47082.0,1
A0814,Clinic,North America,8,1,11,2447.0,3.9,2,19.0,26922.0,29150.0,0
A0815,Clinic,North America,9,0,11,3374.0,3.0,0,36.5,37113.0,43473.0,0
A0816,Distributor,Europe,8,0,56,14584.0,8.3,2,26.2,816706.0,897397.0,1
A0817,Clinic,Europe,0,0,26,2312.0,0.0,3,39.2,60099.0,65048.0,1
A0818,Clinic,Asia Pacific,9,1,21,1888.0,5.8,3,38.7,39656.0,44118.0,0
A0819,Clinic,Europe,5,1,19,3357.0,9.2,2,10.0,63778.0,73461.0,0
A0820,Clinic,Latin America,2,0,20,2494.0,4.3,1,61.2,49888.0,51290.0,0
A0821,Hospital,North America,10,1,39,10656.0,9.0,6,10.0,415568.0,406911.0,0
A0822,Hospital,Asia Pacific,1,0,51,9208.0,0.0,1,16.5,469626.0,502321.0,1
A0823,Distributor,North America,3,1,62,10173.0,11.8,2,20.9,630721.0,679580.0,0
A0824,Clinic,Europe,5,0,22,4164.0,7.8,2,22.0,91608.0,89823.0,0
A0825,Distributor,Asia Pacific,2,0,59,10059.0,13.1,4,39.0,593457.0,546839.0,1
A0826,Distributor,North America,8,0,43,13977.0,9.0,3,23.5,600998.0,685902.0,0
A0827,Hospital,Europe,11,0,31,6396.0,3.3,3,24.9,198268.0,185253.0,0
A0828,Hospital,Europe,3,0,47,7374.0,5.8,2,39.5,346580.0,335311.0,0
A0829,Hospital,North America,15,1,53,7324.0,4.6,5,12.0,388154.0,442575.0,0
A0830,Clinic,Europe,2,1,25,1979.0,6.3,0,29.7,49467.0,56612.0,0
A0831,Distributor,North America,13,1,60,13053.0,8.7,2,34.9,783185.0,901083.0,0
A0832,Clinic,North America,7,1,25,3973.0,7.2,3,38.8,99334.0,96827.0,0
A0833,Clinic,Europe,12,0,16,4825.0,5.0,3,25.0,77194.0,88895.0,0
A0834,Clinic,Latin America,6,0,13,4153.0,8.3,0,44.4,53992.0,57147.0,0
A0835,Hospital,Latin America,14,1,32,7527.0,7.7,4,31.3,240875.0,241597.0,0
A0836,Hospital,North America,4,0,45,13390.0,3.7,2,32.5,602550.0,675521.0,0
A0837,Distributor,North America,0,1,71,13916.0,11.8,7,37.5,988018.0,997447.0,0
A0838,Distributor,Europe,14,1,51,22647.0,9.4,3,32.1,1155009.0,1137009.0,0
A0839,Hospital,Europe,10,1,38,5127.0,7.1,1,27.9,194818.0,179386.0,0
A0840,Clinic,North America,15,1,21,4221.0,6.6,2,10.0,88642.0,100119.0,0
A0841,Hospital,Asia Pacific,4,1,44,6475.0,,4,24.1,284919.0,289999.0,0
A0842,Clinic,Asia Pacific,0,0,20,3763.0,6.9,2,38.1,75253.0,78113.0,0
A0843,Clinic,Europe,7,0,22,2121.0,1.0,2,32.1,46654.0,49619.0,0
A0844,Hospital,Europe,7,1,41,11043.0,7.7,4,27.4,452764.0,462381.0,0
A0845,Clinic,Europe,8,1,18,2263.0,8.5,2,37.2,40743.0,46452.0,0
A0846,Clinic,Europe,3,0,10,1287.0,2.6,2,41.4,12874.0,13510.0,0
A0847,Clinic,Latin America,13,1,17,1776.0,10.8,0,17.7,30199.0,32302.0,0
A0848,Hospital,Latin America,5,1,40,7348.0,5.6,5,47.2,293915.0,330053.0,0
A0849,Distributor,Latin America,7,0,63,12103.0,14.9,4,42.0,762490.0,798737.0,0
A0850,Hospital,Asia Pacific,0,0,38,3630.0,6.6,5,28.5,137924.0,134149.0,0
A0851,Laboratory,North America,7,0,26,2621.0,6.9,4,38.5,68139.0,72163.0,0
A0852,Hospital,Europe,1,1,48,6181.0,7.5,3,26.8,296671.0,296455.0,0
A0853,Hospital,Asia Pacific,8,0,37,7425.0,7.0,5,15.1,274709.0,265144.0,0
A0854,Hospital,North America,0,0,49,8648.0,2.9,4,40.3,423770.0,418919.0,0
A0855,Laboratory,Europe,4,1,31,2994.0,5.4,1,30.7,92822.0,95033.0,0
A0856,Hospital,North America,2,0,37,4684.0,1.1,3,38.1,173313.0,196696.0,0
A0857,Clinic,North America,1,1,11,2782.0,8.1,1,18.0,30598.0,33696.0,0
A0858,Laboratory,Europe,10,1,26,3558.0,5.6,4,28.8,92510.0,106704.0,0
A0859,Laboratory,North America,15,1,26,5472.0,8.5,5,,142265.0,178065.0,0
A0860,Hospital,Europe,1,0,49,6646.0,6.2,2,41.8,325652.0,369527.0,1
A0861,Clinic,North America,7,0,16,3139.0,2.3,1,19.5,50222.0,61560.0,0
A0862,Clinic,Asia Pacific,14,1,20,1826.0,8.4,3,11.2,36524.0,38757.0,0
A0863,Distributor,North America,14,1,65,13191.0,12.5,2,13.0,857386.0,1085513.0,0
A0864,Clinic,North America,12,0,13,2581.0,5.4,2,19.3,33551.0,35099.0,1
A0865,Clinic,Asia Pacific,0,0,15,2930.0,5.9,1,43.9,43946.0,44483.0,1
A0866,Hospital,Europe,4,1,32,5756.0,6.9,4,29.0,184187.0,199812.0,0
A0867,Hospital,North America,0,0,41,7664.0,5.0,3,30.6,314236.0,319029.0,0
A0868,Clinic,North America,11,1,9,1854.0,9.1,1,32.6,16684.0,18894.0,0
A0869,Hospital,Europe,6,0,45,7560.0,3.0,3,,340201.0,361678.0,1
A0870,Hospital,North America,15,1,41,9963.0,4.6,3,24.5,408463.0,511666.0,0
A0871,Clinic,North America,3,1,22,7160.0,5.5,2,30.6,157520.0,143955.0,0
A0872,Hospital,Europe,1,0,54,8100.0,,4,33.6,437410.0,389640.0,0
A0873,Hospital,Europe,6,0,40,10294.0,4.4,6,31.5,411763.0,374009.0,1
A0874,Laboratory,North America,8,0,25,4163.0,8.8,2,32.4,104082.0,112667.0,0
A0875,Clinic,Europe,6,0,10,3729.0,0.0,2,,37293.0,39458.0,1
A0876,Hospital,Europe,7,1,38,9417.0,5.6,1,29.5,357856.0,409639.0,0
A0877,Distributor,North America,7,1,51,17346.0,11.1,2,41.8,884667.0,1107643.0,0
A0878,Hospital,North America,4,1,42,9070.0,7.5,2,17.9,380950.0,416047.0,0
A0879,Hospital,North America,1,1,37,18641.0,9.7,2,14.0,689726.0,664888.0,0
A0880,Laboratory,Asia Pacific,4,1,15,6501.0,6.6,2,29.6,97518.0,109548.0,0
A0881,Laboratory,North America,7,1,29,2197.0,5.0,2,25.9,63712.0,79388.0,0
A0882,Clinic,North America,1,1,18,2780.0,8.7,1,,50038.0,61993.0,0
A0883,Hospital,North America,6,1,45,8228.0,10.1,2,17.2,370271.0,405420.0,0
A0884,Clinic,Europe,10,1,27,1151.0,1.9,1,23.3,31066.0,35473.0,0
A0885,Hospital,Asia Pacific,1,0,36,5912.0,6.2,3,25.7,212827.0,221491.0,1
A0886,Hospital,North America,3,0,43,6808.0,5.6,3,33.5,292741.0,313687.0,0
A0887,Hospital,Asia Pacific,15,1,42,6182.0,5.3,4,17.6,259650.0,289252.0,0
A0888,Hospital,Europe,6,0,38,8381.0,4.0,1,28.9,318470.0,325833.0,0
A0889,Clinic,North America,3,0,12,1331.0,5.6,2,35.3,15967.0,18458.0,0
A0890,Hospital,Latin America,14,1,39,10415.0,7.1,4,22.9,406170.0,503446.0,0
A0891,Hospital,North America,2,0,40,10519.0,4.5,2,33.4,420740.0,434068.0,0
A0892,Laboratory,Asia Pacific,5,0,23,4534.0,,1,36.9,104281.0,105292.0,0
A0893,Clinic,North America,14,0,23,2229.0,5.6,3,36.3,51261.0,52886.0,1
A0894,Clinic,Europe,5,0,15,2507.0,3.7,0,34.5,37611.0,36706.0,0
A0895,Hospital,Europe,2,1,38,6801.0,7.2,3,35.2,258456.0,251830.0,0
A0896,Distributor,Asia Pacific,14,1,68,17979.0,10.8,5,33.7,1222560.0,1331110.0,0
A0897,Distributor,Asia Pacific,15,1,62,14357.0,12.4,6,41.8,890110.0,933715.0,1
A0898,Clinic,Europe,9,0,14,5048.0,6.5,1,45.1,70670.0,77502.0,0
A0899,Clinic,North America,3,0,15,2200.0,5.5,1,27.5,33003.0,33174.0,0
A0900,Hospital,Europe,9,0,43,13347.0,6.3,3,,573935.0,564395.0,0
A0901,Hospital,North America,3,1,43,6543.0,4.2,2,30.2,281352.0,296793.0,0
A0902,Clinic,Latin America,3,0,20,2358.0,5.9,3,53.7,47169.0,39165.0,0
A0903,Laboratory,Europe,11,1,27,2776.0,7.6,2,10.0,74952.0,86443.0,0
A0904,Distributor,europe,10,0,56,14452.0,8.7,7,31.9,809305.0,810121.0,1
A0905,Clinic,North America,5,0,17,2453.0,4.7,2,17.0,41696.0,48020.0,0
A0906,Clinic,Asia Pacific,6,0,20,3116.0,0.0,2,41.6,62319.0,63253.0,0
A0907,Hospital,North America,8,1,42,13536.0,7.2,4,26.0,568505.0,612877.0,0
A0908,Laboratory,Asia Pacific,8,0,25,3930.0,4.2,3,34.2,98244.0,96174.0,0
A0909,Hospital,Europe,0,1,44,9162.0,2.5,6,33.5,403124.0,480488.0,0
A0910,Hospital,Europe,6,0,43,10996.0,6.0,4,32.7,472831.0,497047.0,0
A0911,Distributor,Asia Pacific,8,0,67,11778.0,8.7,5,42.1,789139.0,887584.0,1
A0912,Distributor,North America,1,1,46,9921.0,12.6,1,36.0,456343.0,483105.0,0
A0913,Distributor,North America,11,1,62,13635.0,11.5,5,14.7,845350.0,964122.0,0
A0914,Clinic,Europe,14,1,19,2990.0,8.0,3,21.6,56813.0,60003.0,0
A0915,Hospital,North America,11,1,39,10546.0,7.2,2,20.9,411287.0,442843.0,0
A0916,Hospital,North America,11,1,51,10741.0,6.4,3,16.7,547792.0,597691.0,0
A0917,Laboratory,Europe,13,1,36,3170.0,8.0,3,14.8,114113.0,120419.0,0
A0918,Laboratory,Asia Pacific,15,1,20,4687.0,8.7,1,28.9,93742.0,113529.0,0
A0919,Hospital,North America,3,1,49,12356.0,2.5,4,21.7,605460.0,683940.0,0
A0920,Laboratory,Europe,4,1,32,3406.0,7.0,6,18.3,109000.0,124448.0,0
A0921,Clinic,Latin America,6,0,13,2847.0,3.8,0,43.8,37005.0,36945.0,0
A0922,Clinic,Asia Pacific,4,1,16,2016.0,4.8,1,38.9,32259.0,34002.0,0
A0923,Clinic,Latin America,12,0,13,2657.0,7.6,1,23.0,34546.0,37509.0,0
A0924,Hospital,Europe,2,0,50,14755.0,6.9,4,25.5,737740.0,781854.0,0
A0925,Clinic,Europe,2,0,16,2663.0,2.9,2,25.0,42610.0,39668.0,0
A0926,Hospital,Europe,4,0,36,5713.0,2.8,3,35.1,205666.0,207319.0,0
A0927,Distributor,Europe,12,1,73,13581.0,13.6,6,35.1,991409.0,1158717.0,1
A0928,Clinic,Europe,5,0,18,2703.0,3.7,2,42.7,48657.0,51160.0,1
A0929,Laboratory,North America,10,0,29,5933.0,4.3,3,26.7,172050.0,180705.0,0
A0930,Laboratory,North America,2,0,30,2477.0,1.0,4,31.5,74309.0,68438.0,1
A0931,Clinic,North America,6,1,26,1817.0,6.7,1,20.4,47242.0,51144.0,1
A0932,Hospital,North America,4,0,40,7804.0,7.3,4,41.1,312146.0,334764.0,0
A0933,Laboratory,Asia Pacific,5,0,21,2325.0,4.1,3,26.2,48816.0,54304.0,0
A0934,Clinic,europe,4,0,24,3735.0,4.8,3,25.1,89632.0,80475.0,0
A0935,Hospital,North America,3,1,30,3940.0,10.5,3,25.8,118208.0,130507.0,0
A0936,Hospital,Asia Pacific,13,1,47,5993.0,8.7,3,19.5,281650.0,308281.0,0
A0937,Laboratory,North America,9,1,26,2388.0,9.8,1,26.2,62089.0,65209.0,0
A0938,Clinic,Latin America,7,1,18,1991.0,8.2,0,27.4,35842.0,45364.0,1
A0939,Hospital,Europe,11,1,32,10625.0,9.4,4,35.6,339996.0,392463.0,0
A0940,Clinic,Europe,13,1,13,3097.0,3.7,3,35.4,40256.0,41809.0,0
A0941,Clinic,Europe,2,0,22,3469.0,3.3,3,24.3,76327.0,71606.0,0
A0942,Clinic,Asia Pacific,0,0,21,3098.0,1.7,3,36.3,65052.0,66420.0,0
A0943,Laboratory,North America,0,0,34,1965.0,9.4,2,26.9,66820.0,60293.0,0
A0944,Laboratory,North America,3,0,27,4458.0,5.4,0,30.4,120373.0,124707.0,0
A0945,Hospital,Europe,5,0,53,4197.0,4.7,4,21.0,222427.0,235882.0,0
A0946,Hospital,North America,15,1,35,6723.0,5.5,2,15.8,235297.0,244512.0,0
A0947,Clinic,Europe,0,1,22,2184.0,5.0,3,32.3,48050.0,51420.0,0
A0948,Distributor,Europe,0,0,67,9942.0,4.4,7,46.5,666083.0,666167.0,1
A0949,Clinic,North America,4,1,19,2979.0,11.5,5,15.9,56596.0,56906.0,0
A0950,Distributor,Latin America,1,0,72,9058.0,9.8,3,35.9,652158.0,678443.0,0
A0951,Clinic,Europe,11,1,14,4603.0,7.1,1,10.0,64435.0,76197.0,0
A0952,Hospital,North America,8,1,44,9895.0,4.2,5,33.6,435379.0,482928.0,0
A0953,Distributor,Asia Pacific,10,1,59,18210.0,11.9,8,30.6,1074373.0,1078799.0,0
A0954,Hospital,Europe,4,0,52,10468.0,5.7,2,32.5,544323.0,599992.0,0
A0955,Distributor,Europe,15,0,50,16461.0,9.8,3,44.9,823045.0,868709.0,1
A0956,Hospital,Asia Pacific,3,0,34,7904.0,6.2,2,24.5,268728.0,281382.0,0
A0957,Clinic,Latin America,12,1,19,4994.0,5.3,0,31.9,94880.0,109183.0,0
A0958,Laboratory,North America,9,1,19,2773.0,7.6,2,17.4,52680.0,58504.0,1
A0959,Clinic,Latin America,14,0,19,2948.0,6.8,3,33.4,56004.0,51515.0,0
A0960,Hospital,Europe,9,0,39,8034.0,6.1,2,12.5,313327.0,357684.0,0
A0961,Clinic,North America,9,0,28,2318.0,5.7,6,24.6,64900.0,68662.0,1
A0962,Distributor,North America,3,0,59,13456.0,9.8,4,42.1,793875.0,810331.0,1
A0963,Hospital,North America,3,0,38,6168.0,3.0,2,33.6,234375.0,252712.0,0
A0964,Hospital,Asia Pacific,8,0,50,10883.0,6.1,4,16.9,544144.0,545894.0,0
A0965,Hospital,Europe,5,1,52,10568.0,6.2,2,24.0,549513.0,593105.0,0
A0966,Clinic,North America,7,1,20,2595.0,5.1,1,31.7,51893.0,59674.0,0
A0967,Clinic,Asia Pacific,6,0,20,3248.0,6.5,0,29.5,64957.0,58361.0,0
A0968,Clinic,Europe,13,1,23,1742.0,3.8,6,26.7,40058.0,41384.0,0
A0969,Hospital,Asia Pacific,15,1,38,4254.0,5.9,0,23.5,161658.0,180164.0,0
A0970,Distributor,North America,1,1,53,9819.0,13.5,2,41.2,520432.0,544936.0,1
A0971,Hospital,Asia Pacific,11,1,44,7384.0,8.9,1,18.2,324903.0,353784.0,0
A0972,Laboratory,Asia Pacific,3,1,14,9617.0,6.2,2,28.3,134643.0,137383.0,0
A0973,Laboratory,North America,4,0,31,3703.0,5.1,3,24.2,114803.0,119887.0,0
A0974,Clinic,Europe,9,0,17,3601.0,6.1,3,33.3,61223.0,68026.0,0
A0975,Clinic,North America,5,0,17,3373.0,4.8,2,33.7,57345.0,61676.0,1
A0976,Laboratory,Europe,0,0,25,8409.0,3.4,1,44.8,210232.0,232221.0,1
A0977,Hospital,North America,5,1,38,8359.0,7.9,10,44.5,317651.0,333555.0,0
A0978,Distributor,Asia Pacific,13,0,46,15138.0,10.3,3,41.6,696367.0,825136.0,0
A0979,Hospital,North America,12,1,41,7498.0,7.2,4,25.1,307412.0,377620.0,0
A0980,Distributor,Europe,15,1,54,8888.0,14.2,5,29.6,479968.0,515958.0,1
A0981,Clinic,Europe,10,1,21,1763.0,7.6,1,29.0,37024.0,39344.0,1
A0982,Clinic,North America,5,0,19,1905.0,4.1,5,42.3,36196.0,34911.0,1
A0983,Laboratory,North America,11,0,23,6622.0,5.3,0,24.0,152300.0,161973.0,0
A0984,Hospital,Latin America,12,1,40,8870.0,10.9,6,18.1,354802.0,405148.0,0
A0985,Distributor,North America,5,0,53,11405.0,8.5,2,29.9,604467.0,653413.0,0
A0986,Clinic,North America,3,1,17,2523.0,6.5,3,35.8,42898.0,46639.0,0
A0987,Clinic,North America,4,0,16,2058.0,3.4,2,35.7,32924.0,32390.0,0
A0988,Clinic,Europe,15,0,18,2479.0,5.7,5,27.5,44613.0,45872.0,0
A0989,Hospital,North America,15,1,29,7913.0,4.5,3,10.0,229476.0,255919.0,1
A0990,Hospital,North America,3,0,50,10086.0,5.9,4,28.1,504297.0,518330.0,0
A0991,Clinic,Europe,4,0,17,3452.0,6.5,1,19.1,58687.0,47662.0,1
A0992,Hospital,Asia Pacific,0,0,45,4523.0,3.4,3,25.7,203552.0,208658.0,1
A0993,Distributor,Asia Pacific,12,1,57,13060.0,10.3,7,25.8,744402.0,829171.0,0
A0994,Laboratory,Europe,1,1,24,6499.0,4.0,1,23.7,155977.0,159818.0,0
A0995,Laboratory,North America,1,1,34,2806.0,7.1,2,42.2,95393.0,112666.0,0
A0996,Laboratory,North America,7,1,20,3676.0,4.7,4,14.1,73521.0,83845.0,0
A0997,Distributor,Europe,3,0,52,12773.0,8.7,4,37.6,664194.0,707276.0,1
A0998,Hospital,Europe,0,0,31,11806.0,4.1,6,28.9,365997.0,312001.0,0
A0999,Laboratory,Europe,0,0,20,4947.0,3.6,3,35.6,98937.0,105592.0,0
A1000,Hospital,Latin America,15,1,36,7434.0,8.7,2,32.0,267610.0,308461.0,0
A1001,Laboratory,North America,0,0,27,4783.0,8.2,3,28.5,129141.0,131854.0,1
A1002,Laboratory,Asia Pacific,10,1,26,5773.0,2.7,4,10.0,150086.0,137724.0,0
A1003,Clinic,Asia Pacific,7,0,16,2876.0,3.4,2,25.9,46023.0,42812.0,0
A1004,Clinic,Asia Pacific,9,1,13,4812.0,7.5,0,26.1,62558.0,69247.0,0
A1005,Hospital,Latin America,15,1,38,9311.0,4.9,2,17.1,353834.0,366741.0,0
A1006,Clinic,North America,10,1,19,1736.0,5.9,0,30.0,32991.0,40819.0,0
A1007,Hospital,Latin America,6,0,45,6100.0,5.4,3,29.9,274503.0,260314.0,0
A1008,Hospital,Europe,6,0,47,7660.0,7.8,3,25.0,360029.0,393617.0,0
A1009,Hospital,Europe,0,0,43,7468.0,7.3,2,31.3,321103.0,335222.0,0
A1010,Distributor,Latin America,14,1,73,14974.0,11.4,3,52.5,1093109.0,1470616.0,1
A1011,Laboratory,Europe,11,1,24,4546.0,7.2,1,27.6,109096.0,123806.0,0
A1012,Hospital,Europe,11,0,36,14647.0,4.3,3,29.1,527302.0,620324.0,0
A1013,Hospital,North America,5,0,40,10673.0,4.6,4,22.8,426916.0,421303.0,0
A1014,Hospital,Europe,6,1,44,13516.0,4.6,2,16.1,594724.0,599009.0,0
A1015,Hospital,North America,11,0,34,6148.0,1.4,5,20.5,209025.0,223381.0,0
A1016,Hospital,North America,4,0,30,6916.0,4.3,4,44.9,207481.0,231460.0,1
A1017,Clinic,North America,13,0,9,3191.0,6.9,2,35.3,28722.0,29849.0,0
A1018,Clinic,Latin America,2,0,16,2593.0,6.5,1,42.6,41490.0,46357.0,1
A1019,Clinic,Europe,3,0,16,3129.0,1.3,2,26.9,50058.0,53907.0,0
A1020,Hospital,Asia Pacific,5,0,38,8773.0,4.6,2,16.6,333383.0,347599.0,0
A1021,Distributor,North America,8,1,66,9700.0,10.7,3,29.9,640177.0,712388.0,0
A1022,Hospital,North America,5,1,47,14599.0,7.6,3,30.3,686155.0,749498.0,0
A1023,Clinic,Asia Pacific,6,1,15,3748.0,4.8,3,29.8,56215.0,58437.0,1
A1024,Clinic,North America,1,1,25,1457.0,8.8,4,32.4,36436.0,38739.0,0
A1025,Laboratory,Latin America,0,0,21,3239.0,4.6,3,37.3,68014.0,70703.0,1
A1026,Hospital,Europe,14,0,36,8105.0,6.1,1,28.0,291793.0,303358.0,0
A1027,Distributor,North America,7,1,47,15304.0,13.7,4,33.1,719269.0,632031.0,0
A1028,Clinic,Europe,4,0,18,2451.0,1.1,2,39.0,44109.0,47945.0,1
A1029,Laboratory,Europe,2,0,25,2496.0,4.6,3,35.5,62391.0,60141.0,0
A1030,Clinic,Europe,8,1,22,3363.0,10.0,2,30.0,73977.0,85100.0,0
A1031,Clinic,Europe,8,0,18,2338.0,5.0,1,31.4,42077.0,42087.0,0
A1032,Laboratory,Asia Pacific,1,1,17,6130.0,9.1,2,25.4,104202.0,114832.0,0
A1033,Distributor,North America,8,0,54,13418.0,10.8,4,48.3,724565.0,738431.0,1
A1034,Hospital,North America,8,0,41,11427.0,4.0,3,20.1,468487.0,478738.0,0
A1035,Hospital,Europe,10,0,50,10782.0,5.6,6,32.5,539101.0,551452.0,1
A1036,Laboratory,North America,10,0,29,5482.0,7.1,3,23.4,158981.0,172453.0,0
A1037,Hospital,Europe,4,0,44,6737.0,7.6,5,28.8,296409.0,257902.0,0
A1038,Clinic,Europe,1,0,14,3606.0,7.9,1,36.5,50487.0,56992.0,0
A1039,Laboratory,Asia Pacific,0,1,20,4323.0,4.8,3,25.8,86468.0,98231.0,0
A1040,Hospital,North America,15,1,45,5204.0,8.6,7,10.0,234181.0,261613.0,0
A1041,Hospital,North America,1,0,47,7014.0,2.2,4,26.7,329671.0,288284.0,0
A1042,Hospital,Asia Pacific,2,0,43,7157.0,4.7,3,24.2,307736.0,333192.0,0
A1043,Hospital,North America,0,0,51,9490.0,4.6,4,35.3,484015.0,482658.0,1
A1044,Clinic,Asia Pacific,4,0,24,3199.0,6.2,4,34.4,76778.0,87923.0,0
A1045,Clinic,Asia Pacific,8,0,23,1704.0,5.6,3,,39202.0,39633.0,0
A1046,Clinic,North America,11,0,21,3245.0,7.5,2,13.6,68137.0,72023.0,0
A1047,Hospital,North America,9,0,46,7877.0,3.8,6,28.9,362341.0,398136.0,0
A1048,Distributor,Asia Pacific,5,0,46,8355.0,11.7,6,48.8,384313.0,320856.0,1
A1049,Distributor,Europe,9,0,62,16180.0,10.8,5,28.5,1003156.0,1004524.0,0
A1050,Clinic,Europe,14,1,22,1930.0,7.0,1,11.5,42464.0,48121.0,0
A1051,Hospital,Latin America,0,0,30,5312.0,2.6,2,50.5,159347.0,133283.0,0
A1052,Clinic,Europe,3,0,23,3282.0,6.1,0,31.3,75491.0,73842.0,0
A1053,Clinic,Europe,6,1,24,3451.0,7.6,2,34.1,82819.0,92363.0,1
A1054,Clinic,Asia Pacific,5,0,22,2001.0,6.6,0,28.3,44020.0,47907.0,0
A1055,Laboratory,Europe,12,1,23,5834.0,6.9,3,10.0,134191.0,167230.0,0
A1056,Clinic,North America,11,1,15,3578.0,6.5,1,20.9,53668.0,64744.0,0
A1057,Clinic,North America,14,0,18,2103.0,5.8,2,23.4,37850.0,37186.0,0
A1058,Hospital,Europe,13,0,34,16216.0,5.9,0,27.1,551345.0,641572.0,0
A1059,Clinic,Latin America,2,0,15,2470.0,6.4,3,34.5,37052.0,38802.0,1
A1060,Distributor,Europe,14,0,70,13094.0,13.8,4,30.1,916581.0,985840.0,1
A1061,Distributor,North America,12,0,63,5258.0,8.8,3,52.0,331249.0,324011.0,0
A1062,Hospital,Latin America,4,0,45,10078.0,9.0,3,35.3,453509.0,531987.0,0
A1063,Laboratory,Europe,5,0,24,3250.0,0.0,5,44.0,78005.0,89682.0,0
A1064,Distributor,North America,8,1,72,14122.0,13.9,2,24.5,1016809.0,1149924.0,0
A1065,Clinic,Europe,5,1,18,1388.0,5.4,1,27.9,24980.0,25947.0,0
A1066,Clinic,North America,6,0,16,3779.0,9.0,3,33.3,60463.0,57338.0,0
A1067,Distributor,North America,12,0,51,20146.0,8.2,2,42.6,1027460.0,1016989.0,1
A1068,Hospital,Asia Pacific,10,0,34,15625.0,7.1,3,27.0,531234.0,598750.0,1
A1069,Clinic,Europe,11,1,20,899.0,5.0,7,,17986.0,16895.0,0
A1070,Distributor,Latin America,3,0,56,14877.0,7.7,7,51.5,833097.0,892941.0,1
A1071,Clinic,North America,0,0,14,2848.0,6.6,1,23.0,39870.0,40426.0,0
A1072,Laboratory,Latin America,13,1,30,1406.0,8.7,3,,42178.0,48516.0,0
A1073,Clinic,Asia Pacific,9,0,13,1956.0,3.6,2,15.3,25424.0,28532.0,0
A1074,Clinic,North America,11,1,13,2453.0,11.8,3,34.0,31885.0,41449.0,0
A1075,Hospital,Europe,4,0,41,13291.0,4.4,1,38.7,544946.0,602511.0,0
A1076,Laboratory,Europe,2,0,27,3023.0,8.1,0,48.5,81614.0,84440.0,0
A1077,Clinic,North America,5,0,19,2717.0,3.0,4,35.1,51620.0,54317.0,0
A1078,Distributor,North America,5,1,53,11898.0,10.1,7,24.1,630604.0,664516.0,0
A1079,Clinic,Asia Pacific,0,1,15,2874.0,7.2,0,22.0,43111.0,47024.0,0
A1080,Laboratory,North America,5,0,16,3522.0,3.0,0,33.6,56357.0,60364.0,0
A1081,Laboratory,Europe,9,1,21,5531.0,7.9,0,16.1,116142.0,122534.0,0
A1082,Hospital,Europe,14,0,39,11374.0,0.7,2,16.1,443600.0,493609.0,0
A1083,Laboratory,Latin America,15,1,20,2517.0,7.3,1,17.2,50350.0,52711.0,0
A1084,Clinic,Europe,7,0,21,3746.0,3.9,4,23.3,78658.0,88228.0,1
A1085,Hospital,Europe,14,1,36,6241.0,5.1,3,10.0,224686.0,246852.0,0
A1086,Clinic,Latin America,9,0,16,2301.0,5.4,3,39.3,36821.0,35413.0,0
A1087,Hospital,North America,12,1,40,12009.0,6.6,2,14.6,480351.0,566640.0,0
A1088,Clinic,Asia Pacific,14,1,16,2623.0,6.1,1,29.1,41963.0,50416.0,0
A1089,Hospital,North America,13,1,35,9916.0,8.6,4,33.1,347062.0,389273.0,0
A1090,Clinic,Asia Pacific,6,0,20,3340.0,5.6,1,29.7,66795.0,62781.0,0
A1091,Clinic,Asia Pacific,5,1,19,3126.0,7.8,2,34.5,59394.0,58877.0,0
A1092,Clinic,Asia Pacific,15,1,12,2102.0,9.6,0,27.0,25222.0,30410.0,1
A1093,Distributor,Europe,14,1,49,8733.0,11.8,4,30.5,427940.0,554188.0,0
A1094,Laboratory,North America,4,1,24,5152.0,8.7,3,25.4,123639.0,135818.0,0
A1095,Clinic,Europe,6,1,11,3308.0,6.2,3,35.6,36386.0,40442.0,0
A1096,Clinic,Latin America,0,0,13,2876.0,6.2,3,48.4,37392.0,39427.0,0
A1097,Hospital,North America,11,1,34,7607.0,8.0,3,19.8,258636.0,270441.0,0
A1098,Clinic,North America,1,1,20,3426.0,5.9,1,25.2,68520.0,80202.0,0
A1099,Laboratory,North America,12,0,21,4027.0,2.0,3,25.5,84567.0,86216.0,0
A1100,Hospital,Latin America,11,1,40,5041.0,4.4,1,36.8,201622.0,229204.0,0
A1101,Laboratory,North America,7,0,26,4486.0,3.1,2,35.0,116624.0,115461.0,0
A1102,Distributor,North America,6,0,43,14549.0,11.1,2,35.5,625611.0,596789.0,1
A1103,Hospital,North America,15,1,40,10660.0,6.7,6,16.8,426415.0,444972.0,0
A1104,Distributor,Asia Pacific,13,0,44,8938.0,9.4,2,36.0,393272.0,397557.0,0
A1105,Hospital,North America,13,1,36,6262.0,7.9,4,16.3,225429.0,243951.0,0
A1106,Laboratory,Europe,8,0,34,4571.0,6.4,2,27.9,155401.0,183284.0,0
A1107,Hospital,Asia Pacific,12,1,36,6967.0,9.8,5,12.5,250806.0,281354.0,0
A1108,Hospital,Europe,10,1,39,7957.0,5.8,0,15.5,310336.0,339738.0,0
A1109,Distributor,Asia Pacific,14,0,59,16959.0,11.1,2,36.2,1000553.0,1121683.0,0
A1110,Clinic,Europe,5,1,30,2922.0,8.4,4,28.0,87667.0,90216.0,0
A1111,Hospital,Europe,8,0,34,15415.0,3.1,1,26.2,524109.0,606536.0,0
A1112,Clinic,North America,9,1,20,2821.0,7.2,0,40.4,56423.0,67488.0,0
A1113,Hospital,North America,1,0,41,14821.0,3.2,3,32.9,607652.0,599206.0,0
A1114,Clinic,Europe,11,1,24,3699.0,6.5,1,26.9,88771.0,100347.0,0
A1115,Distributor,North America,0,0,69,29786.0,10.8,4,47.3,2055246.0,2065368.0,0
A1116,Laboratory,North America,6,0,28,4111.0,1.6,1,26.4,115106.0,112777.0,0
A1117,Hospital,Asia Pacific,7,0,45,7939.0,,6,35.0,357265.0,330174.0,1
A1118,Clinic,North America,7,1,20,4033.0,5.4,1,33.3,80660.0,89018.0,0
A1119,Laboratory,North America,10,1,21,3421.0,7.2,1,22.2,71844.0,76067.0,0
A1120,Clinic,Europe,13,1,23,2178.0,5.5,6,23.7,50097.0,54720.0,0
A1121,Distributor,Europe,1,0,75,13402.0,10.7,5,67.2,1005153.0,1066273.0,1
A1122,Hospital,North America,14,1,33,9352.0,5.3,0,11.8,308620.0,352466.0,0
A1123,Laboratory,North America,6,0,28,2516.0,4.0,1,28.6,70457.0,77870.0,0
A1124,Clinic,Europe,5,0,16,2804.0,6.2,2,35.7,44860.0,53026.0,0
A1125,Laboratory,North America,10,0,32,3686.0,5.6,2,27.1,117961.0,122180.0,0
A1126,Distributor,Latin America,1,1,70,12211.0,12.3,6,40.7,854803.0,980419.0,0
A1127,Laboratory,Asia Pacific,14,1,21,4370.0,6.9,2,15.0,91778.0,98663.0,0
A1128,Hospital,Europe,13,0,43,7695.0,7.0,4,22.8,330893.0,322637.0,0
A1129,Distributor,Latin America,1,0,38,17933.0,12.7,5,50.1,681459.0,687492.0,0
A1130,Hospital,North America,7,1,37,9754.0,6.3,5,24.9,360895.0,383365.0,0
A1131,Hospital,North America,0,1,33,7716.0,5.6,4,42.9,254637.0,238086.0,0
A1132,Clinic,Latin America,15,1,16,2644.0,4.9,0,,42307.0,53557.0,0
A1133,Clinic,europe,15,1,14,3700.0,10.4,2,15.1,51794.0,62762.0,0
A1134,Clinic,North America,12,0,17,3388.0,3.2,1,31.1,57596.0,58395.0,0
A1135,Laboratory,Europe,8,1,20,6412.0,4.4,1,28.9,128237.0,141624.0,0
A1136,Hospital,Asia Pacific,5,0,35,7869.0,5.5,3,22.5,275405.0,283302.0,0
A1137,Hospital,Europe,3,0,35,8664.0,7.1,6,27.8,303246.0,272279.0,0
A1138,Clinic,North America,13,1,17,5201.0,4.5,4,10.9,88410.0,100826.0,0
A1139,Distributor,North America,3,0,49,12236.0,9.7,4,,599576.0,545057.0,1
A1140,Clinic,Europe,8,1,24,4637.0,4.1,2,30.6,111284.0,108452.0,0
A1141,Clinic,North America,13,1,15,3467.0,5.6,2,18.0,52005.0,64895.0,0
A1142,Distributor,North America,11,0,63,10690.0,13.2,2,46.3,673486.0,690759.0,1
A1143,Distributor,Europe,5,1,59,7632.0,12.3,4,31.5,450303.0,457299.0,1
A1144,Hospital,Europe,14,1,39,10325.0,,0,16.4,402658.0,459971.0,0
A1145,Hospital,North America,1,0,36,6480.0,5.1,0,33.8,233273.0,230621.0,0
A1146,Clinic,Asia Pacific,9,0,25,2023.0,5.6,2,29.4,50568.0,62341.0,0
A1147,Laboratory,North America,11,0,37,2269.0,4.8,2,39.7,83947.0,93263.0,0
A1148,Clinic,Asia Pacific,15,1,25,3911.0,4.6,2,10.0,97780.0,118362.0,0
A1149,Hospital,Europe,15,1,45,8587.0,,5,22.7,386400.0,457770.0,0
A1150,Clinic,Europe,6,1,12,2613.0,11.0,2,,31354.0,39715.0,0
A1151,Clinic,Europe,3,1,18,2971.0,5.5,0,37.2,53481.0,49730.0,0
A1152,Clinic,Europe,6,0,18,2819.0,7.4,0,19.7,50747.0,57389.0,0
A1153,Clinic,North America,5,0,32,2678.0,3.6,1,21.9,85703.0,91604.0,1
A1154,Laboratory,North America,10,1,32,4962.0,9.6,2,35.8,158783.0,178850.0,0
A1155,Clinic,Asia Pacific,11,1,20,2355.0,8.4,6,31.5,47099.0,55418.0,0
A1156,Clinic,North America,6,1,13,1057.0,6.6,1,34.0,13735.0,15919.0,0
A1157,Clinic,North America,1,1,25,3351.0,11.0,3,28.4,83764.0,77882.0,0
A1158,Laboratory,Asia Pacific,11,1,36,4808.0,5.1,3,29.9,173105.0,196396.0,0
A1159,Distributor,North America,7,1,49,12546.0,11.5,3,34.7,614735.0,665171.0,0
A1160,Clinic,North America,8,0,12,4504.0,3.3,0,20.1,54045.0,63088.0,0
A1161,Distributor,Latin America,13,1,42,7662.0,10.5,5,36.7,321791.0,303065.0,0
A1162,Clinic,North America,11,0,17,948.0,4.3,2,24.2,16118.0,18135.0,0
A1163,Laboratory,North America,9,0,25,6959.0,3.1,1,19.7,173976.0,189019.0,0
A1164,Hospital,Asia Pacific,13,1,39,9583.0,6.3,6,15.2,373748.0,428537.0,0
A1165,Hospital,North America,14,1,52,4688.0,10.1,7,13.4,243764.0,273212.0,0
A1166,Distributor,North America,9,1,63,10803.0,8.5,3,37.1,680578.0,640674.0,0
A1167,Hospital,Asia Pacific,4,0,46,10291.0,2.5,1,39.8,473393.0,522798.0,0
A1168,Distributor,North America,14,1,56,8164.0,10.1,2,37.9,457199.0,519964.0,0
A1169,Clinic,Latin America,5,0,23,3145.0,4.1,0,47.9,72331.0,72560.0,0
A1170,Clinic,Asia Pacific,12,1,26,5414.0,9.0,5,12.0,140765.0,165255.0,0
A1171,Hospital,Asia Pacific,13,1,53,13452.0,8.4,0,24.3,712937.0,821012.0,0
A1172,Distributor,North America,13,0,67,12314.0,10.9,8,41.3,825066.0,952776.0,1
A1173,Hospital,North America,12,1,34,9284.0,7.4,3,23.9,315661.0,380199.0,0
A1174,Laboratory,Asia Pacific,0,1,15,2984.0,11.8,0,22.6,44764.0,44893.0,0
A1175,Laboratory,Asia Pacific,12,0,31,4344.0,2.8,2,10.0,134669.0,153716.0,0
A1176,Clinic,North America,0,1,16,2310.0,4.7,1,31.4,36967.0,39919.0,0
A1177,Hospital,North America,11,0,33,5874.0,4.9,3,19.7,193850.0,206041.0,1
A1178,Laboratory,North America,10,1,24,2602.0,7.4,5,29.3,62442.0,67334.0,0
A1179,Clinic,North America,13,0,14,5072.0,4.5,3,13.0,71008.0,82012.0,0
A1180,Hospital,Europe,5,1,52,8550.0,5.3,5,30.5,444620.0,445532.0,0
A1181,Clinic,Europe,2,0,21,1818.0,2.4,1,30.1,38173.0,41006.0,0
A1182,Hospital,Europe,13,0,39,7168.0,4.4,2,14.1,279535.0,269554.0,0
A1183,Clinic,North America,0,0,18,4348.0,3.6,1,31.5,78257.0,82603.0,0
A1184,Clinic,North America,6,0,18,4554.0,4.0,1,29.1,81966.0,78751.0,0
A1185,Laboratory,North America,12,1,18,3351.0,4.8,1,27.2,60311.0,62730.0,0
A1186,Distributor,North America,11,0,54,13320.0,12.7,2,42.7,719303.0,770689.0,1
A1187,Hospital,North America,0,0,35,11308.0,5.9,6,45.0,395770.0,352894.0,0
A1188,Clinic,Latin America,3,0,20,2299.0,8.7,2,46.8,45972.0,51557.0,0
A1189,Clinic,North America,10,0,27,1723.0,4.0,4,23.5,46528.0,44842.0,0
A1190,Laboratory,North America,10,1,29,2956.0,7.1,3,18.6,85721.0,105921.0,0
A1191,Hospital,Europe,14,0,48,8327.0,4.5,3,25.2,399684.0,457398.0,0
A1192,Clinic,Latin America,14,1,17,1982.0,7.0,0,24.2,33698.0,39347.0,0
A1193,Laboratory,Asia Pacific,1,1,19,2644.0,6.5,3,16.1,50236.0,55997.0,0
A1194,Clinic,Europe,13,1,19,2388.0,6.7,3,10.0,45373.0,51788.0,0
A1195,Hospital,North America,9,1,44,11466.0,3.1,3,29.0,504488.0,651127.0,0
A1196,Clinic,Europe,5,1,8,3286.0,6.5,1,27.0,26286.0,30086.0,0
A1197,Clinic,North America,4,0,11,2394.0,6.4,0,47.7,26332.0,26698.0,0
A1198,Laboratory,Asia Pacific,7,1,18,8046.0,3.1,2,20.4,144830.0,164439.0,0
A1199,Hospital,Asia Pacific,7,1,43,6311.0,6.3,5,32.8,271392.0,284548.0,0
A1200,Hospital,Europe,8,0,50,8078.0,6.1,6,29.9,403897.0,409858.0,1
A1201,Hospital,Asia Pacific,7,1,38,5160.0,9.5,4,28.4,196061.0,203692.0,0
A1202,Distributor,Europe,5,1,64,16296.0,11.8,7,36.7,1042964.0,1046342.0,0
A1203,Hospital,Europe,9,0,43,7938.0,5.9,4,36.8,341341.0,379401.0,1
A1204,Laboratory,North America,7,1,23,2311.0,10.5,1,28.6,53143.0,59089.0,0
A1205,Laboratory,North America,5,0,26,3109.0,7.6,1,27.3,80822.0,90162.0,0
A1206,Laboratory,North America,15,0,21,7736.0,4.1,2,22.3,162447.0,174006.0,0
A1207,Hospital,Latin America,2,0,44,10651.0,3.8,9,39.7,468663.0,446777.0,0
A1208,Hospital,Asia Pacific,14,1,48,8612.0,9.0,3,19.5,413384.0,451896.0,0
A1209,Clinic,Asia Pacific,8,1,15,3496.0,7.4,2,25.5,52445.0,63535.0,0
A1210,Laboratory,Asia Pacific,5,0,18,2378.0,3.9,2,27.7,42804.0,50264.0,0
A1211,Distributor,Asia Pacific,13,0,59,9322.0,9.5,5,,550027.0,576692.0,1
A1212,Hospital,Europe,10,0,46,5226.0,5.6,1,27.0,240375.0,276639.0,0
A1213,Distributor,Asia Pacific,1,0,52,9319.0,9.6,5,30.1,484613.0,427611.0,1
A1214,Laboratory,North America,15,1,23,3625.0,6.5,3,21.3,83384.0,86366.0,0
A1215,Laboratory,Europe,6,1,28,4976.0,6.5,2,28.3,139334.0,161414.0,0
A1216,Distributor,North America,5,0,68,17621.0,7.0,4,16.2,1198243.0,1064912.0,0
A1217,Laboratory,Latin America,6,1,19,5816.0,10.4,1,24.5,110508.0,146970.0,0
A1218,Distributor,Asia Pacific,13,1,66,31557.0,14.4,8,29.5,2082791.0,2406082.0,0
A1219,Clinic,North America,4,0,25,2179.0,8.0,3,13.9,54478.0,63589.0,0
A1220,Hospital,Asia Pacific,12,1,28,8222.0,6.7,2,24.0,230208.0,258753.0,0
A1221,Distributor,Asia Pacific,12,1,56,14812.0,12.2,7,38.4,829457.0,808275.0,1
A1222,Hospital,North America,14,0,43,6206.0,6.1,6,27.7,266850.0,261837.0,0
A1223,Clinic,Europe,13,1,19,2340.0,8.6,2,27.2,44459.0,47450.0,0
A1224,Laboratory,Europe,1,0,30,4767.0,1.4,1,33.4,143023.0,157725.0,0
A1225,Clinic,Europe,1,1,19,1902.0,7.7,0,36.1,36142.0,36665.0,0
A1226,Clinic,Asia Pacific,14,0,16,3044.0,3.0,0,29.5,48698.0,50993.0,0
A1227,Laboratory,Asia Pacific,7,1,26,6329.0,6.9,2,23.5,164550.0,202354.0,0
A1228,Hospital,North America,15,1,43,5613.0,5.7,1,18.8,241344.0,255886.0,0
A1229,Laboratory,Europe,2,0,18,1869.0,8.4,1,20.1,33651.0,33353.0,0
A1230,Laboratory,Europe,3,0,25,4255.0,6.1,2,21.8,106366.0,121688.0,0
A1231,Clinic,North America,7,1,24,1799.0,6.9,2,32.5,43179.0,56299.0,0
A1232,Clinic,North America,10,1,15,2743.0,9.8,0,30.4,41139.0,41605.0,0
A1233,Hospital,North America,3,0,34,7069.0,4.9,3,26.1,240335.0,200692.0,0
A1234,Laboratory,North America,1,0,23,4591.0,3.6,4,22.0,105592.0,100430.0,0
A1235,Hospital,North America,9,1,42,12239.0,6.6,2,10.0,514054.0,582426.0,0
A1236,Hospital,Europe,9,1,54,10971.0,6.3,3,32.1,592459.0,653448.0,0
A1237,Laboratory,Latin America,6,0,21,3646.0,5.1,0,41.0,76568.0,78650.0,0
A1238,Clinic,Europe,11,1,13,1719.0,8.7,4,36.6,22342.0,22441.0,0
A1239,Distributor,Europe,2,1,74,5223.0,11.8,8,48.6,386508.0,420713.0,1
A1240,Distributor,Asia Pacific,11,0,64,5815.0,9.9,3,52.5,372182.0,381727.0,0
A1241,Hospital,Europe,0,0,36,6255.0,7.0,3,41.7,225181.0,216073.0,1
A1242,Hospital,Europe,13,0,32,8523.0,5.6,3,20.1,272735.0,294492.0,0
A1243,Clinic,North America,15,1,19,2035.0,8.9,2,15.3,38657.0,48780.0,0
A1244,Hospital,Asia Pacific,4,1,36,6688.0,7.3,1,35.7,240765.0,268644.0,0
A1245,Clinic,North America,6,1,11,1474.0,4.4,6,13.8,16219.0,20553.0,0
A1246,Distributor,North America,1,1,65,6944.0,9.8,5,43.8,451364.0,460982.0,0
A1247,Distributor,Europe,12,0,51,6760.0,6.7,2,32.1,344769.0,389751.0,1
A1248,Clinic,Europe,13,1,21,3178.0,9.3,3,29.9,66745.0,63845.0,0
A1249,Hospital,Asia Pacific,4,1,42,4115.0,7.8,3,22.4,172817.0,178027.0,0
A1250,Hospital,North America,0,0,41,10346.0,4.1,1,29.1,424174.0,436865.0,0
A1251,Laboratory,Latin America,7,1,33,2984.0,5.0,4,40.1,98474.0,101547.0,0
A1252,Hospital,Europe,3,0,36,9829.0,5.7,2,10.0,353840.0,344894.0,0
A1253,Clinic,Asia Pacific,12,0,17,2767.0,4.7,2,34.0,47039.0,48809.0,0
A1254,Hospital,Europe,3,0,39,10577.0,5.6,3,35.0,412510.0,391722.0,0
A1255,Laboratory,North America,15,1,24,6143.0,5.3,5,13.2,147422.0,158353.0,0
A1256,Hospital,North America,12,1,26,6184.0,4.8,4,25.7,160790.0,179790.0,0
A1257,Clinic,Europe,10,1,19,1809.0,10.1,3,18.1,34362.0,39236.0,1
A1258,Clinic,Europe,7,0,21,2174.0,3.1,1,34.4,45645.0,44794.0,0
A1259,Distributor,Europe,0,1,49,9278.0,12.0,1,40.7,454627.0,484493.0,0
A1260,Laboratory,North America,13,1,31,5084.0,9.7,4,25.7,157619.0,165985.0,0
A1261,Distributor,North America,8,1,58,11642.0,8.4,3,25.9,675245.0,793308.0,0
A1262,Clinic,Europe,10,1,19,2525.0,8.4,3,16.6,47981.0,60017.0,0
A1263,Hospital,North America,1,0,38,9316.0,5.1,7,49.0,353992.0,351522.0,0
A1264,Distributor,Asia Pacific,13,1,55,10251.0,11.7,5,32.1,563807.0,643129.0,0
A1265,Laboratory,North America,1,0,19,5896.0,5.5,1,,112030.0,113836.0,0
A1266,Hospital,Latin America,12,1,48,4244.0,4.6,7,21.1,203726.0,228535.0,0
A1267,Distributor,asia pacific,4,1,79,13081.0,,7,32.6,1033433.0,1060378.0,1
A1268,Hospital,North America,14,1,40,9562.0,10.7,1,20.7,382466.0,402184.0,0
A1269,Clinic,Asia Pacific,5,1,20,1922.0,6.4,1,16.3,38443.0,46401.0,0
A1270,Clinic,Europe,4,0,24,1972.0,6.8,1,31.4,47326.0,58315.0,0
A1271,Clinic,Europe,10,1,22,3435.0,9.2,3,19.9,75572.0,87891.0,1
A1272,Laboratory,Asia Pacific,5,0,21,3591.0,5.6,2,15.2,75404.0,79001.0,0
A1273,Distributor,Asia Pacific,5,1,55,6166.0,12.9,4,36.0,339128.0,378487.0,0
A1274,Clinic,North America,10,1,11,1567.0,8.4,0,31.8,17236.0,22016.0,0
A1275,Distributor,Latin America,4,1,60,17072.0,15.1,5,41.3,1024346.0,1050978.0,1
A1276,Clinic,North America,9,0,22,1843.0,6.0,1,26.1,40552.0,46117.0,0
A1277,Clinic,North America,9,1,18,3950.0,9.5,0,24.8,71106.0,81946.0,0
A1278,Clinic,Europe,12,1,14,4032.0,6.4,1,15.5,56446.0,54736.0,1
A1279,Clinic,North America,10,0,11,2334.0,4.2,2,13.0,25670.0,26823.0,0
A1280,Hospital,Europe,12,1,45,9674.0,7.2,5,20.6,435346.0,500186.0,1
A1281,Hospital,Europe,5,1,38,6004.0,7.8,3,22.4,228146.0,254835.0,0
A1282,Hospital,Europe,4,1,35,6956.0,8.1,1,21.6,243476.0,266428.0,0
A1283,Clinic,Latin America,15,0,19,1961.0,8.9,0,,37258.0,37957.0,0
A1284,Hospital,Latin America,1,1,25,9822.0,8.7,3,38.0,245559.0,267419.0,0
A1285,Distributor,North America,11,0,63,7677.0,10.1,6,30.2,483676.0,509317.0,0
A1286,Distributor,North America,11,1,64,11461.0,15.9,7,25.6,733507.0,823257.0,0
A1287,Clinic,Europe,15,1,20,2543.0,7.7,1,30.7,50854.0,66227.0,0
A1288,Clinic,North America,10,0,16,2991.0,5.7,0,33.5,47861.0,52529.0,0
A1289,Laboratory,Europe,10,1,30,1909.0,8.0,5,10.0,57273.0,67696.0,1
A1290,Clinic,Asia Pacific,4,0,20,1340.0,4.3,2,36.6,26799.0,29030.0,0
A1291,Clinic,North America,10,1,16,1838.0,4.8,1,18.0,29408.0,39861.0,0
A1292,Clinic,Asia Pacific,0,1,12,2309.0,7.3,2,25.3,27710.0,30895.0,0
A1293,Distributor,Asia Pacific,7,0,49,12575.0,9.4,4,48.4,616157.0,771039.0,1
A1294,Laboratory,North America,0,0,25,4269.0,3.3,3,40.7,106715.0,99752.0,1
A1295,Hospital,North America,6,0,33,16109.0,5.2,2,23.3,531608.0,509055.0,0
A1296,Laboratory,Europe,3,0,27,5011.0,4.6,4,32.4,135309.0,143235.0,1
A1297,Distributor,North America,15,0,65,14685.0,8.8,2,38.1,954533.0,1039491.0,1
A1298,Distributor,Asia Pacific,4,1,57,10098.0,8.5,2,35.8,575572.0,690687.0,0
A1299,Clinic,Europe,13,1,21,3274.0,6.7,3,22.9,68749.0,82176.0,0
A1300,Laboratory,North America,3,0,29,5072.0,8.5,0,27.0,147082.0,165730.0,0
A1301,Clinic,Asia Pacific,4,0,11,3147.0,6.8,3,42.1,34614.0,33686.0,0
A1302,Distributor,Europe,0,0,59,11498.0,12.1,2,56.6,678382.0,694522.0,1
A1303,Hospital,North America,11,1,44,9903.0,7.0,1,15.9,435722.0,526901.0,0
A1304,Clinic,Europe,2,0,21,4234.0,7.1,4,22.0,88907.0,86337.0,1
A1305,Distributor,Europe,13,0,52,9060.0,8.7,1,30.8,471129.0,519554.0,0
A1306,Hospital,Latin America,5,0,44,3759.0,4.1,3,45.9,165394.0,188411.0,0
A1307,Hospital,North America,1,1,35,10597.0,,4,30.8,370893.0,392674.0,0
A1308,Distributor,Europe,1,0,44,15424.0,7.2,3,43.7,678640.0,706588.0,1
A1309,Distributor,Latin America,9,1,57,11026.0,12.1,4,42.2,628480.0,754082.0,1
A1310,Distributor,Europe,3,0,46,10239.0,10.6,3,30.7,471010.0,503215.0,1
A1311,Clinic,Asia Pacific,1,1,14,6493.0,10.3,2,28.8,90902.0,87732.0,0
A1312,Distributor,North America,7,0,53,10163.0,8.6,4,38.5,538642.0,566727.0,1
A1313,Hospital,North America,6,0,42,5212.0,5.8,5,25.1,218884.0,225373.0,0
A1314,Distributor,North America,13,1,51,10117.0,10.7,2,35.9,515955.0,603590.0,0
A1315,Clinic,Asia Pacific,14,0,25,2962.0,3.9,2,18.5,74054.0,94879.0,0
A1316,Clinic,Europe,13,1,20,2011.0,1.7,0,,40226.0,50457.0,0
A1317,Clinic,North America,7,1,16,2173.0,5.1,2,30.0,34764.0,39093.0,0
A1318,Hospital,North America,6,0,41,8851.0,,3,35.3,362896.0,360957.0,0
A1319,Distributor,Europe,1,0,64,10283.0,11.0,5,44.8,658132.0,704754.0,1
A1320,Clinic,North America,2,0,13,2599.0,5.3,1,35.2,33791.0,35921.0,0
A1321,Distributor,Europe,7,0,71,11762.0,14.9,2,42.5,835136.0,975388.0,0
A1322,Clinic,Asia Pacific,4,1,18,1718.0,8.1,2,29.5,30932.0,34754.0,0
A1323,Hospital,North America,11,1,40,8157.0,4.6,2,13.3,326271.0,395825.0,0
A1324,Clinic,North America,10,0,20,1660.0,4.6,1,33.7,33208.0,33987.0,1
A1325,Clinic,North America,12,1,19,3437.0,6.9,3,36.6,65308.0,72731.0,0
A1326,Laboratory,North America,6,0,31,2876.0,8.2,1,33.3,89144.0,95564.0,0
A1327,Laboratory,Asia Pacific,2,1,38,3660.0,5.2,6,26.3,139096.0,136559.0,0
A1328,Hospital,North America,9,0,36,4227.0,5.8,1,37.2,152184.0,169542.0,0
A1329,Distributor,Asia Pacific,14,1,59,10212.0,13.9,4,33.8,602523.0,661220.0,1
A1330,Hospital,North America,11,1,37,5150.0,5.4,1,15.2,190559.0,212159.0,0
A1331,Distributor,Asia Pacific,10,0,65,20034.0,10.2,4,36.2,1302237.0,1304310.0,0
A1332,Clinic,Asia Pacific,10,1,21,2382.0,3.0,6,17.4,50020.0,54033.0,0
A1333,Clinic,North America,13,1,15,2978.0,7.2,2,27.8,44671.0,45171.0,0
A1334,Clinic,Asia Pacific,13,1,20,1353.0,2.7,0,10.0,27053.0,33392.0,0
A1335,Clinic,Latin America,0,1,20,1615.0,6.2,2,48.1,32292.0,35848.0,0
A1336,Distributor,Europe,1,0,61,11236.0,13.4,3,38.7,685417.0,732057.0,1
A1337,Clinic,Europe,7,0,11,1550.0,5.8,0,31.8,17047.0,20162.0,0
A1338,Distributor,North America,4,1,68,17717.0,12.1,3,33.3,1204765.0,1336504.0,0
A1339,Clinic,north america,15,1,8,2158.0,7.3,1,21.1,17265.0,19649.0,0
A1340,Distributor,Asia Pacific,0,0,55,12549.0,14.3,3,54.3,690171.0,775602.0,1
A1341,Clinic,Asia Pacific,10,0,18,2757.0,6.1,1,32.0,49625.0,52419.0,0
A1342,Clinic,North America,8,1,20,2355.0,9.1,1,13.8,47108.0,53686.0,0
A1343,Clinic,North America,2,1,18,3246.0,6.1,0,26.3,58423.0,54542.0,1
A1344,Clinic,North America,9,0,26,1964.0,4.2,0,28.9,51067.0,53523.0,0
A1345,Hospital,Europe,7,1,37,9012.0,4.9,3,39.5,333432.0,366609.0,1
A1346,Clinic,North America,4,0,17,3757.0,4.7,2,27.7,63868.0,70161.0,0
A1347,Hospital,Latin America,2,0,46,8544.0,3.6,2,38.2,393031.0,423716.0,1
A1348,Clinic,Asia Pacific,0,1,18,2589.0,9.0,1,23.8,46610.0,54217.0,0
A1349,Hospital,Latin America,14,1,42,7072.0,8.3,3,26.4,297006.0,324013.0,0
A1350,Distributor,Europe,7,0,45,12143.0,9.8,2,44.7,546423.0,554981.0,0
A1351,Laboratory,Asia Pacific,10,0,31,5012.0,3.9,6,19.0,155365.0,163494.0,0
A1352,Clinic,Latin America,2,1,15,2278.0,1.3,1,47.7,34163.0,35240.0,0
A1353,Hospital,North America,14,1,28,4433.0,5.8,2,28.9,124112.0,138155.0,0
A1354,Clinic,Europe,3,0,24,2624.0,5.6,7,39.1,62967.0,62622.0,0
A1355,Hospital,North America,13,1,35,7532.0,8.3,1,24.6,263628.0,260989.0,0
A1356,Laboratory,Asia Pacific,6,0,20,4665.0,0.0,1,49.8,93293.0,87456.0,0
A1357,Hospital,North America,2,0,53,8042.0,0.3,4,24.9,426218.0,446237.0,0
A1358,Clinic,Asia Pacific,15,1,16,4270.0,7.3,0,13.6,68325.0,75937.0,0
A1359,Clinic,North America,2,0,16,1635.0,3.0,0,50.7,26167.0,29147.0,1
A1360,Hospital,Europe,5,1,34,5671.0,6.6,2,16.1,192829.0,204329.0,0
A1361,Clinic,Europe,3,1,13,3105.0,6.1,3,30.1,40362.0,40178.0,0
A1362,Hospital,Latin America,11,1,46,5558.0,8.2,3,27.8,255679.0,298537.0,0
A1363,Distributor,Asia Pacific,15,1,61,13309.0,8.3,2,20.5,811873.0,915274.0,0
A1364,Laboratory,Europe,5,0,23,3942.0,3.9,4,23.4,90662.0,95864.0,0
A1365,Clinic,Europe,3,1,15,1258.0,8.9,2,25.9,18867.0,19507.0,0
A1366,Distributor,North America,6,0,55,14967.0,10.4,1,42.4,823185.0,821883.0,0
A1367,Hospital,North America,8,1,34,12715.0,5.4,0,27.6,432322.0,478244.0,0
A1368,Clinic,Asia Pacific,2,0,16,2660.0,5.9,1,38.2,42562.0,41685.0,0
A1369,Clinic,Latin America,5,1,16,1528.0,7.6,3,34.6,24454.0,26224.0,0
A1370,Hospital,Asia Pacific,2,0,45,10398.0,3.3,7,33.7,467896.0,421713.0,0
A1371,Distributor,Europe,11,0,58,8303.0,11.4,8,41.1,481602.0,503063.0,1
A1372,Distributor,Europe,12,1,68,11400.0,13.3,2,25.3,775216.0,925656.0,0
A1373,Hospital,Asia Pacific,2,0,38,9135.0,4.7,3,22.7,347137.0,367648.0,0
A1374,Hospital,Europe,6,0,25,6057.0,6.9,2,36.9,151436.0,143917.0,0
A1375,Distributor,North America,11,0,63,6635.0,7.7,5,19.5,418011.0,478610.0,0
A1376,Laboratory,Asia Pacific,4,1,27,3771.0,8.5,5,31.3,101826.0,93899.0,0
A1377,Clinic,North America,2,0,19,2438.0,4.6,2,43.7,46331.0,48569.0,0
A1378,Laboratory,Latin America,15,1,25,2952.0,5.2,5,15.9,73794.0,82988.0,0
A1379,Laboratory,Asia Pacific,4,0,24,3027.0,3.8,0,13.8,72656.0,81545.0,0
A1380,Distributor,Asia Pacific,14,0,70,15321.0,12.3,5,26.9,1072436.0,1080631.0,0
A1381,Clinic,Asia Pacific,5,0,14,2398.0,3.9,3,33.5,33576.0,33449.0,0
A1382,Hospital,Latin America,4,1,37,6737.0,6.3,2,27.0,249269.0,295083.0,0
A1383,Clinic,Latin America,4,0,14,2016.0,3.7,2,48.1,28219.0,31944.0,0
A1384,Clinic,Europe,6,0,17,2621.0,3.4,3,35.4,44562.0,42786.0,0
A1385,Laboratory,North America,10,0,25,4087.0,6.9,3,19.0,102163.0,106138.0,0
A1386,Clinic,Asia Pacific,9,0,12,2331.0,9.4,2,34.0,27970.0,28071.0,1
A1387,Clinic,Latin America,11,1,18,1535.0,9.7,0,17.6,27630.0,25943.0,0
A1388,Hospital,Europe,2,1,42,6966.0,8.0,3,24.7,292586.0,339907.0,0
A1389,Distributor,North America,11,1,78,9569.0,13.5,4,33.0,746377.0,786509.0,0
A1390,Clinic,North America,6,0,17,2529.0,4.3,1,40.9,42997.0,45836.0,0
A1391,Distributor,Europe,14,0,47,17626.0,9.0,2,40.1,828417.0,920555.0,1
A1392,Hospital,Asia Pacific,4,0,40,10952.0,2.7,2,43.9,438075.0,411051.0,0
A1393,Distributor,Asia Pacific,8,0,52,14780.0,12.9,2,26.9,768549.0,871064.0,0
A1394,Distributor,North America,12,1,62,12325.0,11.3,4,56.3,764131.0,808402.0,1
A1395,Clinic,Europe,2,1,21,2212.0,5.6,1,21.3,46461.0,45295.0,0
A1396,Hospital,Europe,1,0,49,8870.0,3.8,3,36.4,434627.0,453248.0,1
A1397,Clinic,North America,13,1,17,2100.0,7.4,2,32.2,35702.0,41035.0,0
A1398,Distributor,North America,15,1,56,10556.0,10.9,2,32.1,591152.0,651952.0,0
A1399,Hospital,Europe,5,1,39,5932.0,7.0,2,35.7,231334.0,252542.0,0
A1400,Hospital,Europe,3,1,39,7761.0,7.3,2,17.7,302675.0,369579.0,0
A1401,Clinic,Asia Pacific,12,0,16,2406.0,7.7,0,16.3,38497.0,44529.0,0
A1402,Hospital,North America,5,0,40,14826.0,2.6,4,27.4,593060.0,608998.0,0
A1403,Distributor,Asia Pacific,6,0,66,14320.0,10.6,6,35.6,945131.0,928352.0,0
A1404,Distributor,North America,1,0,58,10424.0,8.6,4,45.1,604619.0,697103.0,0
A1405,Laboratory,Europe,0,1,18,5148.0,6.2,1,27.3,92669.0,96966.0,0
A1406,Distributor,Asia Pacific,14,0,49,10092.0,13.2,7,24.4,494513.0,437756.0,1
A1407,Clinic,North America,1,0,11,3486.0,6.3,0,36.0,38346.0,43858.0,0
A1408,Hospital,Latin America,13,1,38,10304.0,6.2,6,16.2,391554.0,413627.0,0
A1409,Distributor,Latin America,12,0,64,31785.0,11.0,8,37.7,2034263.0,1724065.0,0
A1410,Distributor,Latin America,1,0,77,8198.0,10.0,6,54.7,631223.0,551813.0,1
A1411,Distributor,North America,15,1,56,11563.0,14.2,2,20.7,647530.0,671771.0,0
A1412,Distributor,Europe,8,1,63,11402.0,11.1,3,33.4,718302.0,664697.0,0
A1413,Distributor,Europe,7,1,76,13116.0,13.0,4,39.6,996785.0,1022148.0,1
A1414,Hospital,Asia Pacific,6,0,37,10070.0,4.6,4,42.2,372579.0,366313.0,1
A1415,Distributor,North America,2,0,46,8510.0,10.0,2,53.1,391442.0,454671.0,1
A1416,Clinic,North America,9,0,25,1930.0,4.7,4,34.9,48257.0,50136.0,0
A1417,Clinic,Asia Pacific,14,1,17,2737.0,5.8,2,22.8,46536.0,50922.0,0
A1418,Clinic,North America,5,1,20,3432.0,7.2,2,15.8,68648.0,74302.0,0
A1419,Hospital,North America,4,0,37,5400.0,7.0,3,,199785.0,209038.0,0
A1420,Clinic,North America,15,1,21,1459.0,5.8,2,10.9,30631.0,37523.0,0
A1421,Clinic,Europe,3,0,14,3642.0,4.3,3,28.1,50992.0,57650.0,0
A1422,Clinic,Europe,3,1,20,3288.0,7.7,2,26.4,65758.0,61115.0,0
A1423,Laboratory,Asia Pacific,0,0,30,5714.0,3.5,0,27.2,171410.0,158191.0,0
A1424,Distributor,Asia Pacific,13,0,72,8527.0,11.7,1,31.0,613980.0,671861.0,0
A1425,Distributor,North America,9,0,63,11080.0,11.4,7,46.8,698010.0,816160.0,0
A1426,Laboratory,Latin America,4,1,32,4268.0,2.5,0,31.2,136582.0,146313.0,0
A1427,Hospital,Asia Pacific,1,0,43,9178.0,3.7,0,18.5,394666.0,447018.0,1
A1428,Clinic,Latin America,10,1,24,2372.0,4.9,1,27.6,56933.0,61834.0,0
A1429,Hospital,Asia Pacific,2,1,41,7772.0,8.7,3,27.1,318655.0,326928.0,0
A1430,Clinic,North America,6,1,20,3479.0,8.9,1,22.2,69590.0,75863.0,0
A1431,Laboratory,North America,1,0,27,3412.0,2.7,2,51.4,92118.0,104731.0,1
A1432,Hospital,Latin America,8,0,43,6568.0,3.7,1,44.0,282418.0,291613.0,0
A1433,Distributor,Europe,9,0,60,10250.0,9.9,5,51.4,615022.0,640795.0,0
A1434,Laboratory,Europe,8,0,31,3326.0,4.3,3,23.5,103097.0,111089.0,0
A1435,Clinic,Europe,11,1,18,2582.0,8.4,0,27.2,46480.0,56682.0,0
A1436,Distributor,Europe,10,1,53,11049.0,14.0,2,33.9,585574.0,659354.0,0
A1437,Clinic,Europe,12,1,17,2130.0,8.2,3,19.6,36211.0,43186.0,0
A1438,Clinic,Europe,1,0,12,3993.0,,0,27.3,47915.0,56632.0,0
A1439,Clinic,Europe,12,1,17,2735.0,8.9,3,22.0,46495.0,55099.0,0
A1440,Hospital,Asia Pacific,0,1,44,7055.0,6.9,2,14.2,310413.0,323325.0,0
A1441,Clinic,North America,13,0,24,3783.0,4.2,3,32.2,90797.0,96755.0,0
A1442,Clinic,North America,15,0,15,2052.0,3.6,1,45.4,30774.0,34744.0,0
A1443,Laboratory,Latin America,11,0,29,3951.0,6.6,4,46.1,114566.0,118632.0,0
A1444,Clinic,Asia Pacific,4,1,23,2394.0,8.8,5,10.0,55056.0,53523.0,0
A1445,Hospital,Asia Pacific,2,0,47,6515.0,7.0,4,34.8,306189.0,286895.0,1
A1446,Laboratory,North America,5,0,33,3473.0,4.4,1,24.8,114617.0,116013.0,0
A1447,Hospital,North America,4,0,45,8132.0,4.3,4,26.7,365920.0,316371.0,1
A1448,Laboratory,Latin America,3,1,31,2440.0,7.5,4,33.3,75646.0,98315.0,0
A1449,Laboratory,Latin America,5,0,25,3467.0,7.5,2,48.3,86680.0,96682.0,0
A1450,Clinic,North America,10,0,19,2687.0,5.7,0,32.7,51044.0,53423.0,0
A1451,Clinic,Europe,6,1,16,2710.0,7.5,1,18.3,43362.0,45626.0,0
A1452,Hospital,North America,15,1,48,8737.0,5.4,1,22.4,419355.0,526297.0,0
A1453,Hospital,North America,14,1,32,17349.0,7.9,3,19.9,555160.0,565745.0,0
A1454,Hospital,Asia Pacific,6,1,44,9883.0,8.1,3,41.5,434840.0,439114.0,0
A1455,Clinic,North America,15,1,20,2354.0,5.2,3,10.0,47083.0,57436.0,0
A1456,Clinic,Asia Pacific,5,0,13,2372.0,8.5,0,29.9,30830.0,32699.0,0
A1457,Laboratory,Latin America,8,1,24,3949.0,5.2,5,23.8,94773.0,108430.0,0
A1458,Clinic,North America,5,0,25,2858.0,6.9,1,30.6,71450.0,76136.0,0
A1459,Laboratory,Europe,10,0,24,3578.0,4.6,2,10.5,85871.0,92044.0,0
A1460,Distributor,north america,0,0,56,19644.0,10.3,6,37.3,1100070.0,1023482.0,1
A1461,Hospital,North America,7,0,36,5461.0,3.5,6,28.3,196588.0,207507.0,1
A1462,Clinic,North America,1,0,16,3051.0,3.9,2,29.2,48816.0,51070.0,0
A1463,Hospital,Europe,4,0,43,9351.0,6.4,3,24.5,402098.0,422428.0,0
A1464,Hospital,Asia Pacific,0,0,40,5392.0,4.6,3,33.8,215667.0,210879.0,1
A1465,Laboratory,Asia Pacific,9,0,28,4875.0,4.4,0,23.0,136502.0,161512.0,0
A1466,Clinic,North America,5,1,20,2974.0,8.8,1,18.3,59475.0,66176.0,0
A1467,Hospital,North America,6,0,34,6381.0,6.4,6,28.0,216962.0,230052.0,1
A1468,Hospital,Latin America,15,1,32,17122.0,7.4,3,26.0,547903.0,571740.0,0
A1469,Distributor,Europe,11,1,56,15028.0,12.5,5,,841548.0,811749.0,1
A1470,Clinic,Europe,2,0,20,2212.0,8.4,2,19.2,44242.0,48263.0,0
A1471,Hospital,North America,5,1,44,6736.0,6.7,4,22.5,296370.0,303713.0,0
A1472,Distributor,Asia Pacific,8,1,54,9247.0,12.8,4,42.8,499318.0,511648.0,0
A1473,Hospital,Europe,2,0,48,8612.0,5.9,6,21.5,413380.0,422193.0,0
A1474,Distributor,Europe,3,0,65,12097.0,7.3,4,43.4,786285.0,883693.0,1
A1475,Clinic,North America,10,1,17,1542.0,3.2,2,17.8,26210.0,28830.0,0
A1476,Clinic,Asia Pacific,0,0,13,1745.0,5.3,4,43.5,22688.0,22201.0,0
A1477,Clinic,North America,12,1,15,1945.0,8.7,2,30.0,29179.0,34069.0,0
A1478,Distributor,North America,13,1,56,10360.0,12.4,5,31.5,580161.0,667850.0,0
A1479,Laboratory,Europe,6,0,23,3501.0,4.0,1,25.9,80518.0,85948.0,0
A1480,Distributor,Asia Pacific,2,0,59,9485.0,8.7,4,30.4,559623.0,485352.0,1
A1481,Hospital,North America,7,1,34,9779.0,8.6,1,19.9,332469.0,391878.0,0
A1482,Clinic,North America,2,0,25,3385.0,4.4,0,26.4,84634.0,83790.0,0
A1483,Hospital,North America,2,0,42,8096.0,1.9,3,,340031.0,404400.0,1
A1484,Hospital,Europe,13,1,36,3802.0,8.4,0,31.8,136873.0,150806.0,1
A1485,Hospital,Asia Pacific,15,1,33,7495.0,7.5,5,33.0,247340.0,280698.0,0
A1486,Hospital,North America,3,0,55,9518.0,5.8,5,34.8,523468.0,524956.0,1
A1487,Laboratory,Europe,15,1,27,3844.0,9.1,1,18.8,103782.0,121764.0,0
A1488,Distributor,Europe,3,0,70,12969.0,12.6,6,41.3,907818.0,1087471.0,1
A1489,Laboratory,North America,15,1,12,4085.0,8.1,2,20.2,49023.0,55248.0,0
A1490,Distributor,Europe,15,1,66,7207.0,11.7,4,26.1,475685.0,575281.0,1
A1491,Clinic,North America,0,0,13,1063.0,0.9,1,48.8,13818.0,14274.0,0
A1492,Clinic,North America,3,1,22,3034.0,7.6,1,21.4,66744.0,71371.0,0
A1493,Clinic,Latin America,9,0,15,2074.0,4.7,1,36.5,31109.0,35422.0,1
A1494,Hospital,North America,13,1,42,9063.0,9.6,1,14.5,380637.0,447125.0,0
A1495,Clinic,North America,7,0,14,2230.0,7.5,0,36.7,31214.0,33180.0,0
A1496,Distributor,Europe,4,1,61,11189.0,13.0,6,51.0,682534.0,665241.0,1
A1497,Hospital,Europe,10,0,40,12448.0,7.7,2,,497923.0,550987.0,0
A1498,Hospital,North America,9,1,42,5300.0,6.9,4,24.2,222588.0,305077.0,0
A1499,Clinic,Asia Pacific,9,1,20,2458.0,6.9,1,23.0,49165.0,54915.0,0
A1500,Distributor,North America,4,0,63,8231.0,8.4,3,46.2,518529.0,561789.0,0
A1501,Clinic,Europe,15,1,14,2526.0,6.4,1,14.1,35361.0,39289.0,0
A1502,Distributor,Latin America,5,0,73,13869.0,10.4,7,62.0,1012469.0,1291851.0,1
A1503,Hospital,Latin America,7,1,41,9801.0,9.1,0,46.4,401850.0,407243.0,0
A1504,Hospital,Latin America,14,1,54,8297.0,5.6,4,34.7,448053.0,482105.0,0
A1505,Clinic,Europe,6,0,13,1559.0,6.6,2,36.6,20264.0,18281.0,0
A1506,Hospital,Asia Pacific,14,1,42,8560.0,11.6,3,15.5,359536.0,427240.0,0
A1507,Distributor,Asia Pacific,7,1,51,15929.0,9.4,7,48.9,812375.0,869501.0,0
A1508,Laboratory,North America,2,0,19,5493.0,4.5,5,22.3,104367.0,108256.0,0
A1509,Distributor,Latin America,15,1,60,24124.0,12.1,3,30.2,1447460.0,1645664.0,1
A1510,Hospital,North America,11,0,41,9515.0,7.0,3,43.1,390132.0,465482.0,0
A1511,Hospital,Europe,5,0,36,5626.0,8.9,3,27.7,202526.0,232552.0,0
A1512,Distributor,North America,2,0,64,9960.0,12.5,1,36.9,637446.0,724749.0,0
A1513,Laboratory,North America,3,1,34,4060.0,7.0,2,14.4,138024.0,120382.0,0
A1514,Clinic,North America,4,0,23,3493.0,3.4,1,40.1,80340.0,78728.0,0
A1515,Clinic,Latin America,6,0,20,1687.0,4.9,2,47.7,33745.0,35826.0,0
A1516,Clinic,North America,1,0,22,3341.0,5.0,4,35.9,73510.0,79325.0,0
A1517,Clinic,Latin America,6,1,13,3063.0,7.5,1,20.3,39815.0,35540.0,0
A1518,Laboratory,North America,10,1,23,2956.0,5.3,1,21.4,67987.0,85705.0,0
A1519,Clinic,North America,1,0,17,3019.0,8.0,3,28.0,51319.0,53637.0,0
A1520,Hospital,North America,11,1,42,6123.0,5.6,3,28.5,257183.0,320546.0,0
A1521,Hospital,Latin America,14,0,40,7882.0,6.4,7,43.6,315288.0,299263.0,1
A1522,Hospital,North America,11,1,42,7137.0,7.4,2,24.8,299765.0,319659.0,0
A1523,Laboratory,Asia Pacific,6,0,16,4269.0,2.9,1,33.7,68308.0,66875.0,0
A1524,Clinic,North America,12,0,13,1667.0,5.2,4,37.8,21667.0,21942.0,1
A1525,Laboratory,Latin America,11,1,22,4700.0,7.1,1,42.8,103406.0,111200.0,1
A1526,Hospital,Asia Pacific,6,1,38,3837.0,6.7,6,15.9,145795.0,134500.0,0
A1527,Clinic,North America,9,1,15,2155.0,8.6,1,26.5,32327.0,39828.0,1
A1528,Distributor,Europe,2,1,54,9812.0,11.1,2,29.2,529852.0,596729.0,0
A1529,Distributor,North America,12,0,55,19987.0,15.0,3,29.5,1099311.0,1106425.0,0
A1530,Hospital,Europe,0,0,48,9434.0,7.2,6,44.3,452830.0,370050.0,1
A1531,Clinic,North America,11,1,18,2098.0,5.2,2,12.5,37765.0,46100.0,0
A1532,Clinic,Europe,7,0,17,1833.0,0.1,2,28.3,31164.0,27232.0,0
A1533,Distributor,Europe,0,1,76,11976.0,14.5,6,50.1,910153.0,858468.0,0
A1534,Clinic,North America,14,0,14,2001.0,5.5,0,27.7,28017.0,28298.0,0
A1535,Hospital,North America,14,0,45,16584.0,5.2,3,11.0,746283.0,763242.0,0
A1536,Laboratory,Latin America,7,0,35,1570.0,3.1,5,36.8,54952.0,58460.0,0
A1537,Clinic,North America,1,0,19,2521.0,2.2,7,32.6,47894.0,50095.0,1
A1538,Distributor,North America,9,1,54,5235.0,,6,25.9,282671.0,311493.0,0
A1539,Clinic,North America,8,0,14,3482.0,10.1,2,45.1,48746.0,47182.0,1
A1540,Hospital,North America,14,1,37,6045.0,10.2,5,19.5,223655.0,272042.0,0
A1541,Hospital,Europe,7,1,49,13449.0,5.9,2,25.1,658984.0,792421.0,0
A1542,Hospital,Europe,13,1,54,6586.0,10.7,5,28.1,355663.0,415986.0,0
A1543,Hospital,North America,1,0,43,11309.0,1.4,2,35.8,486278.0,592029.0,0
A1544,Hospital,North America,11,0,40,8445.0,6.4,6,16.1,337812.0,321128.0,0
A1545,Clinic,Asia Pacific,3,0,18,3654.0,6.4,4,33.0,65764.0,62793.0,0
A1546,Clinic,North America,9,1,13,2486.0,5.3,4,26.5,32315.0,33397.0,1
A1547,Clinic,North America,14,0,19,919.0,4.1,1,25.5,17459.0,18357.0,0
A1548,Distributor,Europe,3,0,49,9310.0,8.0,2,51.4,456186.0,496473.0,0
A1549,Hospital,North America,15,1,33,4705.0,7.1,3,25.3,155259.0,179008.0,0
A1550,Hospital,Asia Pacific,11,0,39,10810.0,7.6,2,30.7,421581.0,440004.0,0
A1551,Distributor,North America,2,1,58,14157.0,,0,37.5,821106.0,980554.0,0
A1552,Clinic,North America,6,1,8,2472.0,7.8,1,26.0,19777.0,21844.0,0
A1553,Clinic,Europe,1,1,21,2869.0,9.2,2,45.0,60251.0,62116.0,0
A1554,Hospital,North America,11,0,29,8429.0,1.5,3,13.6,244443.0,248181.0,0
A1555,Clinic,Asia Pacific,8,0,14,2041.0,9.0,1,38.0,28569.0,27593.0,0
A1556,Hospital,North America,3,0,45,15116.0,4.9,2,36.6,680221.0,691917.0,0
A1557,Laboratory,Europe,10,1,23,4274.0,4.4,0,17.0,98310.0,105269.0,0
A1558,Distributor,Europe,15,0,56,11106.0,9.3,4,33.4,621929.0,663299.0,1
A1559,Clinic,Asia Pacific,0,0,23,1516.0,3.7,4,40.3,34859.0,35926.0,0
A1560,Hospital,North America,2,1,50,6423.0,7.2,2,17.8,321138.0,358855.0,0
A1561,Laboratory,Asia Pacific,15,0,25,3963.0,5.6,1,24.8,99084.0,105905.0,0
A1562,Hospital,Latin America,12,1,29,7441.0,2.4,5,33.5,215793.0,270382.0,0
A1563,Distributor,North America,7,1,54,10108.0,14.5,2,27.9,545855.0,552659.0,0
A1564,Laboratory,North America,14,1,25,3882.0,10.4,5,20.4,97041.0,113254.0,0
A1565,Distributor,Asia Pacific,13,1,57,8153.0,10.0,2,41.2,464714.0,528463.0,0
A1566,Laboratory,North America,2,0,21,3958.0,7.9,2,35.5,83127.0,87526.0,0
A1567,Clinic,North America,13,1,16,1476.0,9.5,0,13.4,23609.0,25980.0,0
A1568,Distributor,North America,13,1,61,8898.0,14.0,6,17.6,542771.0,560272.0,0
A1569,Clinic,Europe,11,1,18,1930.0,10.2,1,10.0,34747.0,41219.0,0
A1570,Hospital,Latin America,10,0,30,10541.0,2.3,1,43.3,316220.0,297598.0,0
A1571,Clinic,Asia Pacific,2,1,19,2903.0,8.4,2,27.4,55155.0,60154.0,0
A1572,Clinic,Europe,9,0,20,2529.0,3.0,2,27.6,50589.0,47910.0,0
A1573,Distributor,Europe,10,1,68,8081.0,16.7,9,30.9,549480.0,495719.0,0
A1574,Distributor,Latin America,4,0,72,10371.0,8.1,8,44.6,746736.0,735912.0,1
A1575,Hospital,Europe,8,0,43,10303.0,2.6,2,43.0,443020.0,449205.0,0
A1576,Hospital,Latin America,5,0,32,11975.0,7.2,3,45.1,383206.0,456219.0,0
A1577,Clinic,Europe,9,1,14,1512.0,8.2,3,35.1,21165.0,20384.0,0
A1578,Clinic,Europe,3,1,15,2139.0,7.1,2,18.7,32078.0,35174.0,1
A1579,Laboratory,Asia Pacific,0,1,23,4093.0,7.3,4,35.3,94129.0,99589.0,1
A1580,Laboratory,North America,7,1,26,4436.0,8.2,3,30.2,115330.0,127806.0,0
A1581,Laboratory,North America,11,1,28,3960.0,10.4,1,12.8,110882.0,121609.0,0
A1582,Distributor,North America,10,0,55,14798.0,8.6,4,30.7,813903.0,748368.0,0
A1583,Distributor,Latin America,8,0,66,7326.0,8.9,1,40.7,483546.0,545703.0,0
A1584,Hospital,Latin America,11,1,37,13259.0,5.9,2,37.8,490578.0,581138.0,0
A1585,Clinic,Europe,2,0,15,1687.0,4.9,2,35.8,25310.0,26848.0,0
A1586,Hospital,North America,11,0,42,8059.0,5.0,2,21.2,338465.0,371179.0,0
A1587,Distributor,North America,4,0,46,14105.0,7.4,6,47.9,648809.0,711194.0,1
A1588,Hospital,Europe,5,1,40,11651.0,7.6,5,21.4,466035.0,532907.0,0
A1589,Hospital,North America,0,0,45,10680.0,2.5,4,36.6,480611.0,507303.0,1
A1590,Clinic,North America,5,0,17,3303.0,4.4,4,31.0,56149.0,54700.0,1
A1591,Clinic,North America,7,1,26,3781.0,6.5,1,18.3,98308.0,117598.0,0
A1592,Distributor,Europe,12,0,58,11279.0,9.5,6,43.5,654208.0,634434.0,0
A1593,Hospital,Asia Pacific,2,0,38,10154.0,8.0,4,34.4,385863.0,401703.0,0
A1594,Hospital,North America,15,1,34,13216.0,10.3,2,10.0,449355.0,478310.0,0
A1595,Laboratory,North America,2,0,27,3075.0,7.2,0,32.5,83025.0,86082.0,0
A1596,Laboratory,North America,3,0,31,2484.0,8.2,3,45.0,76991.0,83794.0,0
A1597,Clinic,Europe,15,1,26,1770.0,6.4,0,10.0,46029.0,52469.0,0
A1598,Clinic,Europe,6,0,19,3961.0,7.8,3,38.0,75264.0,84010.0,1
A1599,Hospital,Europe,6,0,34,11979.0,4.9,4,32.6,407285.0,403886.0,0
A1600,Laboratory,Asia Pacific,4,1,32,3516.0,7.5,3,17.7,112506.0,136571.0,0
A1601,Distributor,North America,8,0,67,12893.0,10.5,5,39.0,863833.0,878767.0,0
A1602,Clinic,North America,15,1,14,2900.0,4.3,3,10.0,40597.0,54569.0,0
A1603,Hospital,Asia Pacific,14,0,38,11245.0,,1,12.3,427308.0,494652.0,0
A1604,Hospital,Asia Pacific,0,0,28,4232.0,4.7,7,38.6,118510.0,114580.0,1
A1605,Clinic,Asia Pacific,8,1,20,2056.0,7.7,4,26.4,41125.0,41116.0,0
A1606,Clinic,North America,14,1,20,2271.0,6.8,0,10.0,45428.0,51163.0,0
A1607,Hospital,North America,0,0,38,8819.0,3.3,3,31.3,335123.0,391541.0,0
A1608,Clinic,Europe,12,1,18,2542.0,4.7,1,21.2,45753.0,47566.0,0
A1609,Clinic,Latin America,6,0,22,2230.0,5.0,3,26.4,49062.0,44849.0,1
A1610,Hospital,Europe,5,0,36,8738.0,2.6,1,40.1,314584.0,339424.0,1
A1611,Clinic,Europe,3,0,21,1052.0,2.6,3,27.3,22084.0,24867.0,0
A1612,Clinic,North America,10,1,14,6919.0,6.8,2,25.7,96860.0,105542.0,0
A1613,Clinic,Latin America,1,1,20,3263.0,7.4,3,42.9,65269.0,64995.0,1
A1614,Clinic,North America,5,0,20,3333.0,3.3,0,24.2,66661.0,69798.0,0
A1615,Clinic,Europe,3,1,24,1992.0,3.4,3,30.9,47804.0,50558.0,0
A1616,Hospital,Europe,10,0,35,9121.0,5.6,4,28.5,319218.0,363986.0,0
A1617,Distributor,Asia Pacific,4,0,58,23653.0,11.6,5,45.5,1371848.0,1592778.0,0
A1618,Clinic,Asia Pacific,6,0,16,4556.0,4.2,2,27.3,72893.0,75668.0,0
A1619,Clinic,North America,6,0,16,2545.0,4.3,3,38.4,40726.0,39651.0,0
A1620,Distributor,North America,14,0,65,7873.0,5.4,4,40.0,511764.0,498247.0,1
A1621,Distributor,Latin America,6,1,56,12581.0,13.8,3,55.9,704529.0,669682.0,0
A1622,Distributor,Europe,7,0,52,10781.0,7.8,2,48.4,560602.0,588051.0,0
A1623,Distributor,North America,13,1,51,15847.0,,0,19.5,808200.0,831982.0,0
A1624,Distributor,North America,12,1,74,7774.0,10.8,5,26.5,575245.0,665517.0,0
A1625,Distributor,Asia Pacific,10,0,56,11195.0,9.7,9,,626900.0,614906.0,0
A1626,Hospital,asia pacific,9,1,32,8699.0,6.6,4,31.2,278374.0,288955.0,0
A1627,Distributor,Europe,15,0,45,10200.0,6.4,6,28.1,458985.0,537125.0,0
A1628,Hospital,North America,5,1,42,11313.0,12.5,3,26.7,475135.0,448972.0,0
A1629,Hospital,Europe,11,0,53,5437.0,1.9,2,29.2,288169.0,330615.0,0
A1630,Hospital,Latin America,15,1,40,5260.0,7.2,4,25.7,210403.0,238416.0,0
A1631,Clinic,Europe,10,1,18,2210.0,5.4,5,30.5,39774.0,44161.0,0
A1632,Hospital,Asia Pacific,3,1,43,10496.0,6.5,1,20.4,451316.0,493498.0,0
A1633,Distributor,Asia Pacific,14,0,46,10777.0,12.8,1,38.4,495732.0,499710.0,0
A1634,Distributor,Asia Pacific,14,1,70,9784.0,8.3,3,23.1,684903.0,806891.0,0
A1635,Distributor,Europe,10,0,57,15618.0,9.7,4,40.9,890204.0,1019707.0,0
A1636,Hospital,North America,15,0,43,8572.0,6.0,3,16.3,368580.0,339697.0,0
A1637,Clinic,Europe,4,1,14,2083.0,7.2,4,,29167.0,31426.0,0
A1638,Distributor,Asia Pacific,13,0,68,12432.0,10.8,5,42.5,845381.0,883167.0,0
A1639,Hospital,Latin America,3,1,35,7341.0,5.5,2,28.6,256931.0,272452.0,0
A1640,Hospital,North America,9,0,46,9752.0,1.7,1,29.0,448570.0,496592.0,0
A1641,Hospital,North America,4,0,38,8342.0,2.4,3,37.4,317008.0,321180.0,0
A1642,Clinic,Europe,9,1,18,1902.0,6.2,0,22.5,34234.0,37710.0,1
A1643,Hospital,Asia Pacific,12,0,43,6776.0,6.5,6,23.8,291378.0,330733.0,0
A1644,Clinic,North America,14,1,17,2163.0,7.2,0,19.4,36768.0,39748.0,0
A1645,Clinic,Europe,0,0,23,2814.0,8.2,2,28.6,64715.0,63817.0,0
A1646,Distributor,North America,6,0,54,13526.0,10.2,5,46.7,730427.0,719270.0,0
A1647,Clinic,Latin America,14,1,22,1881.0,7.4,1,33.1,41381.0,44859.0,0
A1648,Distributor,North America,13,1,59,11193.0,12.4,4,43.8,660408.0,707552.0,0
A1649,Hospital,North America,6,1,55,8817.0,3.5,6,28.0,484957.0,568075.0,0
A1650,Distributor,Asia Pacific,12,0,52,17230.0,11.2,3,44.5,895952.0,897088.0,1
A1651,Distributor,North America,4,0,59,12970.0,7.8,6,38.5,765229.0,918265.0,1
A1652,Distributor,Europe,13,1,76,22929.0,11.2,4,34.0,1742604.0,1718333.0,1
A1653,Hospital,North America,8,1,47,8019.0,11.7,6,17.0,376901.0,328954.0,0
A1654,Laboratory,North America,7,0,21,5086.0,2.5,3,31.9,106797.0,105379.0,1
A1655,Clinic,North America,8,0,13,2227.0,5.2,2,26.7,28954.0,27670.0,0
A1656,Hospital,North America,10,1,33,5697.0,7.6,4,30.1,188008.0,225286.0,0
A1657,Clinic,Europe,4,0,16,2575.0,5.3,4,16.5,41195.0,43449.0,0
A1658,Clinic,North America,1,0,13,2921.0,5.0,1,33.5,37971.0,35934.0,1
A1659,Clinic,Europe,3,0,12,2769.0,3.9,0,30.8,33228.0,34439.0,0
A1660,Hospital,Latin America,1,0,44,8347.0,9.0,5,48.0,367253.0,355265.0,1
A1661,Hospital,Europe,12,0,51,7112.0,1.0,4,20.4,362714.0,460455.0,0
A1662,Clinic,North America,1,0,18,1888.0,2.9,1,31.5,33976.0,35478.0,0
A1663,Distributor,Latin America,3,1,66,10781.0,15.0,2,56.0,711577.0,785770.0,1
A1664,Clinic,north america,11,0,14,2906.0,6.1,1,21.9,40687.0,45800.0,0
A1665,Hospital,North America,8,1,35,10949.0,5.5,3,21.1,383212.0,427693.0,0
A1666,Clinic,Europe,5,0,15,825.0,3.2,0,40.5,12372.0,13145.0,0
A1667,Hospital,Europe,5,1,48,9750.0,6.5,5,10.1,468018.0,464786.0,0
A1668,Hospital,North America,14,1,34,11425.0,12.3,1,22.5,388466.0,448633.0,0
A1669,Laboratory,Europe,6,1,27,6070.0,8.0,2,28.5,163880.0,182610.0,0
A1670,Hospital,Europe,1,0,36,9036.0,2.9,4,36.8,325289.0,290941.0,0
A1671,Clinic,Europe,12,1,22,3109.0,7.5,0,10.0,68404.0,78930.0,0
A1672,Clinic,North America,2,0,14,2140.0,3.7,2,22.9,29960.0,27748.0,0
A1673,Hospital,Europe,14,1,35,7717.0,10.0,2,12.9,270108.0,270693.0,0
A1674,Laboratory,North America,13,0,23,4741.0,5.6,2,18.5,109053.0,117384.0,0
A1675,Laboratory,North America,8,1,27,2752.0,9.5,3,29.4,74311.0,84652.0,0
A1676,Hospital,Europe,6,0,37,6097.0,5.3,2,27.3,225601.0,253313.0,0
A1677,Clinic,Europe,13,1,17,2654.0,11.1,1,31.3,45110.0,49489.0,0
A1678,Clinic,Europe,3,0,14,1588.0,5.8,3,33.0,22233.0,20098.0,0
A1679,Hospital,Asia Pacific,2,0,34,8090.0,5.6,1,,275049.0,265382.0,0
A1680,Distributor,Asia Pacific,12,1,68,7248.0,10.0,4,25.8,492884.0,535349.0,0
A1681,Distributor,Europe,4,0,67,12727.0,9.2,4,37.7,852733.0,859461.0,1
A1682,Distributor,North America,3,0,67,12034.0,10.8,5,46.5,806297.0,838496.0,0
A1683,Distributor,Latin America,11,1,60,9873.0,11.0,4,,592371.0,644035.0,1
A1684,Hospital,north america,15,1,34,5795.0,12.0,2,13.4,197024.0,241794.0,0
A1685,Hospital,Asia Pacific,13,0,49,6705.0,5.0,4,35.2,328543.0,331990.0,0
A1686,Clinic,Europe,4,0,18,1172.0,3.5,0,30.5,21092.0,23093.0,0
A1687,Distributor,North America,13,1,49,10436.0,14.0,2,42.4,511351.0,605386.0,0
A1688,Clinic,Asia Pacific,13,1,17,2584.0,5.9,5,10.6,43931.0,49798.0,0
A1689,Clinic,Europe,11,1,15,3721.0,7.8,5,,55808.0,63359.0,1
A1690,Distributor,Latin America,7,0,53,10051.0,,2,53.0,532722.0,513654.0,0
A1691,Hospital,Asia Pacific,11,0,38,7495.0,3.6,4,26.2,284792.0,319927.0,0
A1692,Hospital,North America,14,0,36,12666.0,7.8,3,19.9,455988.0,472399.0,0
A1693,Hospital,Europe,0,0,43,14231.0,5.2,1,40.6,611914.0,619630.0,1
A1694,Laboratory,Asia Pacific,4,0,32,3374.0,7.2,4,39.8,107973.0,101007.0,0
A1695,Hospital,North America,11,0,49,11294.0,4.3,3,23.7,553429.0,604408.0,0
A1696,Hospital,Europe,14,1,47,11793.0,4.1,4,25.4,554251.0,599529.0,0
A1697,Clinic,Latin America,5,0,13,2953.0,2.5,4,36.2,38388.0,37129.0,0
A1698,Clinic,North America,4,0,19,1784.0,4.0,3,26.2,33893.0,36694.0,1
A1699,Hospital,North America,14,1,40,5795.0,6.6,1,29.4,231782.0,251689.0,0
A1700,Distributor,North America,7,0,62,14469.0,10.1,3,,897065.0,961466.0,0
A1701,Hospital,North America,0,1,36,17386.0,8.0,2,26.8,625895.0,677520.0,0
A1702,Distributor,North America,10,1,60,11226.0,9.5,5,,673537.0,761555.0,0
A1703,Hospital,Europe,0,0,42,13451.0,5.5,4,28.0,564958.0,565954.0,1
A1704,Laboratory,Asia Pacific,8,1,23,7506.0,4.6,2,16.8,172629.0,174344.0,0
A1705,Hospital,Europe,6,0,34,5226.0,3.6,2,28.8,177695.0,188306.0,0
A1706,Distributor,Europe,10,1,60,9750.0,,10,33.3,584976.0,624613.0,0
A1707,Distributor,North America,4,0,73,19792.0,12.5,3,49.6,1444811.0,1703636.0,1
A1708,Hospital,North America,11,0,34,11028.0,4.3,2,25.3,374962.0,458734.0,0
A1709,Hospital,Latin America,1,0,41,9555.0,8.6,3,37.7,391774.0,424746.0,0
A1710,Clinic,North America,4,1,19,2474.0,9.8,3,17.4,47007.0,54410.0,0
A1711,Clinic,Latin America,15,1,18,3069.0,8.8,0,24.1,55235.0,52813.0,0
A1712,Clinic,North America,0,0,14,2009.0,7.9,0,32.0,28127.0,27998.0,1
A1713,Distributor,Europe,15,1,53,27628.0,11.5,3,37.2,1464292.0,1530837.0,0
A1714,Clinic,Europe,11,1,9,1686.0,6.8,3,10.0,15178.0,17641.0,0
A1715,Clinic,North America,7,1,19,1358.0,5.3,0,11.1,25809.0,30120.0,0
A1716,Clinic,North America,9,1,18,2611.0,8.2,1,10.0,46996.0,54881.0,0
A1717,Clinic,Europe,6,1,21,4034.0,4.5,2,23.9,84716.0,97096.0,0
A1718,Clinic,North America,9,0,19,2105.0,4.0,1,31.7,40001.0,44127.0,0
A1719,Hospital,North America,3,1,46,7805.0,7.9,0,40.7,359049.0,393178.0,1
A1720,Hospital,North America,7,0,43,5639.0,4.0,4,17.3,242498.0,239254.0,0
A1721,Hospital,North America,6,0,31,7752.0,5.7,3,31.9,240318.0,263473.0,0
A1722,Hospital,Europe,14,1,41,5648.0,10.6,7,14.5,231572.0,252303.0,0
A1723,Distributor,North America,15,1,72,8512.0,10.0,4,41.1,612850.0,741482.0,0
A1724,Hospital,North America,4,0,43,4845.0,7.8,1,35.0,208333.0,211105.0,0
A1725,Hospital,Europe,9,1,35,6610.0,5.6,1,35.2,231363.0,254982.0,0
A1726,Clinic,Europe,14,1,17,4643.0,5.1,1,19.1,78935.0,85694.0,0
A1727,Clinic,North America,5,1,14,2435.0,7.5,1,34.8,34093.0,39455.0,0
A1728,Hospital,Latin America,2,1,33,8479.0,9.1,3,39.7,279804.0,280546.0,1
A1729,Clinic,Europe,15,0,19,5263.0,3.6,2,,99993.0,90306.0,0
A1730,Clinic,Latin America,11,0,19,2007.0,3.5,2,42.0,38132.0,38464.0,1
A1731,Distributor,North America,4,0,62,8524.0,9.1,4,39.9,528479.0,508942.0,1
A1732,Laboratory,North America,15,1,31,4736.0,5.6,2,10.0,146804.0,167854.0,0
A1733,Laboratory,North America,14,1,22,2626.0,7.4,1,18.5,57783.0,64732.0,0
A1734,Clinic,Latin America,2,0,19,2777.0,3.6,3,32.3,52768.0,59181.0,0
A1735,Clinic,Europe,6,1,19,3663.0,6.5,2,29.8,69596.0,78309.0,0
A1736,Clinic,Asia Pacific,12,1,29,1727.0,7.7,3,32.9,50082.0,59986.0,0
A1737,Hospital,Europe,3,0,37,6669.0,4.2,2,35.4,246771.0,283100.0,1
A1738,Laboratory,North America,4,1,35,7033.0,9.3,4,31.6,246155.0,284106.0,0
A1739,Hospital,North America,8,1,28,5564.0,5.6,2,14.4,155802.0,184494.0,0
A1740,Hospital,North America,0,1,51,6319.0,5.5,0,24.3,322293.0,338849.0,0
A1741,Distributor,Europe,7,1,64,12912.0,16.1,5,30.3,826380.0,917720.0,0
A1742,Clinic,Asia Pacific,6,0,18,2233.0,8.0,0,46.0,40188.0,42673.0,0
A1743,Hospital,North America,1,0,37,5966.0,,2,31.4,220724.0,240039.0,0
A1744,Laboratory,Latin America,11,0,32,6805.0,6.7,3,36.8,217765.0,221704.0,0
A1745,Clinic,Europe,9,0,18,2042.0,5.7,1,13.9,36754.0,41478.0,0
A1746,Clinic,North America,4,0,13,2776.0,4.0,1,28.3,36088.0,36439.0,0
A1747,Hospital,Europe,7,0,44,6919.0,6.4,2,30.8,304455.0,339623.0,0
A1748,Laboratory,North America,15,1,24,3677.0,7.6,4,17.4,88255.0,108055.0,1
A1749,Hospital,Asia Pacific,5,1,44,5005.0,,3,24.1,220229.0,260915.0,0
A1750,Clinic,Europe,0,0,14,3392.0,,1,38.8,47482.0,47369.0,0
A1751,Laboratory,Europe,2,1,19,3438.0,8.6,1,32.6,65317.0,78224.0,0
A1752,Laboratory,North America,4,0,28,6103.0,5.3,1,22.8,170874.0,155813.0,0
A1753,Laboratory,North America,1,0,25,2685.0,3.6,6,24.2,67116.0,67068.0,0
A1754,Distributor,Asia Pacific,5,1,54,10127.0,11.1,3,40.8,546850.0,530941.0,0
A1755,Hospital,Europe,6,1,52,9334.0,6.2,5,31.9,485361.0,520358.0,1
A1756,Hospital,Europe,5,0,36,8245.0,2.4,6,20.7,296830.0,270114.0,0
A1757,Clinic,Asia Pacific,10,0,13,1991.0,3.9,2,32.7,25878.0,27622.0,0
A1758,Hospital,Latin America,4,1,39,7589.0,8.6,7,24.2,295980.0,291073.0,0
A1759,Laboratory,North America,2,0,27,2567.0,2.0,2,32.5,69303.0,78563.0,0
A1760,Hospital,Latin America,0,0,47,8093.0,4.2,0,53.4,380391.0,462473.0,0
A1761,Clinic,North America,12,1,19,1017.0,2.3,1,10.0,19324.0,23400.0,0
A1762,Hospital,Europe,3,0,28,8421.0,3.8,5,,235797.0,256915.0,0
A1763,Hospital,North America,4,0,37,12545.0,,4,30.5,464158.0,491703.0,0
A1764,Clinic,North America,4,0,19,3355.0,4.9,4,23.3,63737.0,64668.0,0
A1765,Hospital,Europe,15,0,40,10583.0,5.1,6,29.3,423325.0,439694.0,0
A1766,Laboratory,Europe,10,1,31,3449.0,4.8,5,15.0,106911.0,106667.0,0
A1767,Distributor,Europe,9,0,54,14057.0,11.1,4,32.9,759082.0,746276.0,0
A1768,Clinic,Asia Pacific,6,1,16,2168.0,5.2,3,16.9,34693.0,40111.0,0
A1769,Distributor,Latin America,13,1,61,11559.0,13.8,4,41.4,705120.0,764094.0,0
A1770,Distributor,North America,11,0,62,11522.0,10.4,3,40.9,714347.0,784398.0,0
A1771,Clinic,North America,15,1,14,799.0,6.2,5,29.0,11184.0,11686.0,0
A1772,Distributor,Europe,7,1,79,16271.0,15.0,5,32.8,1285413.0,1622900.0,0
A1773,Laboratory,Europe,3,0,27,4631.0,4.2,3,26.4,125030.0,142175.0,0
A1774,Clinic,North America,5,1,13,3297.0,9.0,0,38.1,42863.0,47591.0,0
A1775,Clinic,Europe,12,0,17,1802.0,5.2,1,20.8,30642.0,38112.0,0
A1776,Laboratory,Europe,2,1,26,5018.0,7.0,2,34.1,130463.0,146654.0,0
A1777,Laboratory,Latin America,9,0,31,4672.0,7.0,3,48.8,144829.0,166021.0,1
A1778,Clinic,Latin America,3,0,16,1170.0,5.9,1,47.1,18722.0,19382.0,1
A1779,Hospital,Asia Pacific,13,0,42,4386.0,5.0,1,10.5,184232.0,195591.0,0
A1780,Laboratory,North America,14,0,17,4043.0,4.8,3,15.8,68732.0,82323.0,0
A1781,Distributor,Asia Pacific,11,1,63,9529.0,12.4,4,25.3,600306.0,701023.0,0
A1782,Hospital,Asia Pacific,7,0,43,7900.0,5.2,3,36.3,339719.0,378827.0,0
A1783,Clinic,North America,10,1,17,2001.0,6.3,3,16.1,34023.0,40642.0,0
A1784,Clinic,Latin America,5,1,23,4110.0,4.9,4,40.3,94519.0,102922.0,0
A1785,Laboratory,North America,10,0,27,2095.0,0.0,1,29.0,56554.0,59196.0,0
A1786,Clinic,Europe,3,1,29,1569.0,6.8,2,29.1,45489.0,50918.0,0
A1787,Hospital,Europe,6,0,40,5718.0,4.5,3,30.3,228703.0,206329.0,0
A1788,Hospital,Latin America,14,1,35,5015.0,9.4,2,21.1,175536.0,202013.0,0
A1789,Clinic,Europe,1,0,17,2043.0,5.9,0,45.2,34733.0,39575.0,0
A1790,Laboratory,Latin America,11,1,18,3931.0,9.3,0,30.4,70766.0,79995.0,0
A1791,Hospital,North America,5,0,41,5057.0,8.5,0,43.1,207349.0,252765.0,0
A1792,Clinic,North America,11,0,19,2808.0,4.8,1,19.2,53345.0,56590.0,0
A1793,Laboratory,North America,11,1,25,6183.0,5.3,1,10.0,154586.0,163120.0,0
A1794,Hospital,Europe,12,0,43,11491.0,6.6,3,36.6,494105.0,553789.0,0
A1795,Hospital,Europe,10,0,56,15627.0,3.8,7,17.9,875105.0,883726.0,0
A1796,Distributor,North America,3,0,43,17476.0,9.5,2,43.6,751471.0,817919.0,0
A1797,Hospital,North America,10,1,37,7868.0,9.9,5,19.2,291101.0,303277.0,0
A1798,Laboratory,Europe,11,1,36,7245.0,8.1,2,20.1,260830.0,305975.0,0
A1799,Distributor,Europe,7,0,57,15132.0,,1,36.9,862504.0,929706.0,1
A1800,Hospital,Asia Pacific,1,0,28,14963.0,2.3,1,25.6,418972.0,443717.0,0
A1801,Clinic,Europe,13,1,21,2330.0,7.1,2,10.2,48922.0,59451.0,0
A1802,Clinic,Asia Pacific,10,1,22,1224.0,9.2,4,23.7,26933.0,28063.0,0
A1803,Distributor,asia pacific,4,0,64,8055.0,7.4,4,36.2,515500.0,520805.0,0
A1804,Clinic,Europe,5,0,12,2642.0,5.4,1,44.7,31704.0,36392.0,0
A1805,Clinic,North America,14,1,24,2993.0,7.8,2,19.5,71835.0,89227.0,0
A1806,Hospital,North America,10,1,42,7429.0,2.4,4,33.1,312003.0,362352.0,0
A1807,Hospital,North America,12,0,25,11157.0,8.2,1,21.7,278920.0,280131.0,0
A1808,Hospital,North America,3,0,34,5406.0,3.6,7,38.9,183794.0,184708.0,0
A1809,Laboratory,North America,2,0,23,3142.0,4.7,1,28.7,72270.0,73084.0,0
A1810,Laboratory,North America,5,0,29,5558.0,8.4,4,23.6,161168.0,161666.0,0
A1811,Clinic,Europe,12,0,10,2534.0,1.4,0,23.5,25344.0,24834.0,0
A1812,Distributor,North America,10,0,58,12350.0,10.9,6,35.4,716299.0,620187.0,1
A1813,Clinic,Asia Pacific,3,0,18,4004.0,4.1,5,53.1,72069.0,78369.0,0
A1814,Hospital,Europe,15,0,35,11535.0,5.1,4,,403714.0,461531.0,0
A1815,Clinic,North America,2,0,10,1906.0,3.4,1,28.2,19065.0,17669.0,0
A1816,Laboratory,North America,5,1,25,4267.0,9.7,5,31.6,106684.0,110920.0,0
A1817,Clinic,North America,10,0,11,1404.0,2.8,0,25.7,15449.0,16960.0,0
A1818,Clinic,North America,2,0,20,2483.0,5.7,2,34.5,49661.0,48986.0,0
A1819,Laboratory,Europe,7,1,24,4552.0,8.1,2,30.5,109243.0,125435.0,0
A1820,Hospital,North America,1,1,36,4449.0,6.8,4,28.0,160169.0,164438.0,0
A1821,Distributor,North America,12,1,61,20262.0,11.5,3,24.7,1235985.0,1250103.0,0
A1822,Hospital,Asia Pacific,10,0,35,15658.0,4.5,5,,548014.0,553065.0,0
A1823,Distributor,Europe,0,1,57,14155.0,14.1,4,39.4,806850.0,878413.0,0
A1824,Distributor,Europe,14,1,43,16359.0,12.9,2,33.0,703425.0,751868.0,0
A1825,Distributor,Europe,14,0,60,19872.0,9.8,4,,1192300.0,1350658.0,0
A1826,Laboratory,Europe,0,0,20,3768.0,2.8,0,44.2,75361.0,84912.0,1
A1827,Distributor,North America,9,0,73,17026.0,10.3,4,34.4,1242905.0,1362514.0,1
A1828,Laboratory,Europe,5,0,27,4548.0,6.1,1,33.1,122809.0,135402.0,0
A1829,Hospital,Europe,7,0,32,4772.0,4.9,1,22.7,152707.0,161887.0,0
A1830,Clinic,North America,2,0,19,1843.0,7.9,3,18.1,35018.0,37333.0,0
A1831,Hospital,Asia Pacific,3,0,33,6606.0,1.2,5,37.1,217992.0,206866.0,0
A1832,Hospital,North America,15,1,46,11471.0,12.0,3,14.2,527684.0,501112.0,0
A1833,Clinic,North America,4,1,19,2584.0,6.6,3,31.8,49096.0,50373.0,0
A1834,Distributor,North America,2,1,56,16732.0,9.7,4,33.4,937010.0,1104208.0,0
A1835,Distributor,Asia Pacific,12,0,59,10235.0,6.5,3,23.0,603855.0,697360.0,1
A1836,Hospital,Asia Pacific,1,0,40,5201.0,6.7,1,26.9,208052.0,197976.0,0
A1837,Laboratory,Europe,15,0,14,8022.0,6.2,5,20.5,112302.0,117791.0,1
A1838,Hospital,North America,12,1,44,20043.0,6.6,3,14.8,881896.0,938333.0,0
A1839,Hospital,Europe,0,0,39,9106.0,4.9,8,32.6,355121.0,307761.0,1
A1840,Distributor,Asia Pacific,15,1,61,11228.0,12.3,7,32.2,684913.0,732841.0,0
A1841,Laboratory,North America,8,1,27,5972.0,6.2,0,23.3,161241.0,192596.0,0
A1842,Distributor,Europe,12,1,47,8266.0,14.3,4,34.0,388498.0,433401.0,0
A1843,Clinic,Asia Pacific,9,0,24,2331.0,6.3,3,26.4,55955.0,57977.0,1
A1844,Clinic,North America,1,0,18,1542.0,4.8,2,28.6,27764.0,23671.0,1
A1845,Distributor,North America,9,1,49,14128.0,8.7,5,24.8,692279.0,872998.0,0
A1846,Clinic,Europe,6,1,16,2719.0,9.8,2,10.0,43504.0,43849.0,0
A1847,Distributor,North America,11,0,50,10485.0,9.1,4,40.7,524268.0,554364.0,1
A1848,Distributor,North America,8,1,64,9643.0,9.9,3,42.1,617121.0,719609.0,0
A1849,Clinic,Europe,8,1,14,1499.0,9.6,1,15.5,20992.0,23827.0,1
A1850,Laboratory,Latin America,14,0,31,3029.0,,3,24.0,93910.0,107749.0,0
A1851,Clinic,North America,5,1,19,3787.0,3.0,4,19.0,71954.0,64013.0,0
A1852,Distributor,North America,12,1,66,10662.0,8.7,2,32.9,703722.0,746015.0,0
A1853,Clinic,Europe,2,0,22,3825.0,4.2,1,33.9,84147.0,82979.0,1
A1854,Clinic,Latin America,0,0,15,1868.0,2.5,3,40.9,28019.0,25289.0,1
A1855,Clinic,North America,10,0,12,2434.0,4.7,0,26.4,29210.0,28151.0,0
A1856,Clinic,Europe,7,0,16,2143.0,10.2,0,16.0,34284.0,39261.0,0
A1857,Clinic,North America,8,1,20,2291.0,13.0,2,22.3,45829.0,46195.0,0
A1858,Hospital,Europe,12,1,38,10378.0,6.9,4,18.7,394353.0,472275.0,0
A1859,Laboratory,North America,10,0,23,2004.0,6.6,0,30.6,46086.0,53541.0,0
A1860,Laboratory,Europe,8,1,22,5138.0,8.8,2,17.7,113034.0,122307.0,0
A1861,Hospital,North America,14,1,44,10117.0,6.8,3,14.4,445168.0,453496.0,0
A1862,Laboratory,Europe,10,1,24,4006.0,4.1,4,23.4,96153.0,101209.0,0
A1863,Clinic,North America,15,1,16,2567.0,9.2,3,39.0,41074.0,44251.0,0
A1864,Hospital,North America,15,1,22,7432.0,6.7,3,13.0,163502.0,176964.0,0
A1865,Distributor,North America,14,1,59,15164.0,12.9,2,44.7,894693.0,964082.0,0
A1866,Clinic,North America,15,1,17,2551.0,8.4,0,10.5,43372.0,50688.0,0
A1867,Distributor,North America,2,0,58,9027.0,8.4,5,43.6,523543.0,511215.0,1
A1868,Distributor,North America,13,1,69,12640.0,,3,22.0,872162.0,976924.0,0
A1869,Clinic,Europe,15,0,17,3450.0,5.2,2,33.6,58656.0,64081.0,0
A1870,Hospital,Europe,9,1,32,9070.0,7.5,2,23.6,290244.0,351820.0,0
A1871,Distributor,Asia Pacific,3,1,57,12130.0,11.2,4,39.0,691401.0,847131.0,0
A1872,Distributor,Europe,4,0,59,12868.0,11.4,1,49.8,759184.0,797875.0,1
A1873,Laboratory,Europe,12,1,22,3388.0,9.0,3,30.6,74541.0,82979.0,0
A1874,Hospital,Asia Pacific,2,0,39,6857.0,3.9,4,28.0,267405.0,266563.0,0
A1875,Distributor,Asia Pacific,6,1,60,6370.0,13.2,3,37.0,382210.0,445795.0,0
A1876,Laboratory,Europe,2,0,21,3764.0,4.1,2,29.3,79036.0,85766.0,0
A1877,Clinic,North America,15,1,9,3485.0,4.6,1,27.0,31367.0,36498.0,0
A1878,Clinic,Europe,10,1,21,2195.0,6.4,5,10.0,46091.0,49697.0,0
A1879,Clinic,North America,0,1,13,1845.0,8.2,3,47.2,23984.0,26516.0,0
A1880,Hospital,Europe,12,1,41,10826.0,8.1,4,18.4,443865.0,529629.0,0
A1881,Hospital,North America,3,1,43,8461.0,9.2,4,11.0,363826.0,374772.0,0
A1882,Clinic,Europe,13,1,17,2624.0,5.7,0,21.7,44614.0,53047.0,0
A1883,Hospital,North America,9,1,45,9382.0,6.4,5,16.0,422181.0,396964.0,0
A1884,Distributor,Asia Pacific,14,1,53,15189.0,12.2,3,28.9,805025.0,866641.0,0
A1885,Clinic,North America,2,0,21,2466.0,6.3,0,34.3,51796.0,56353.0,0
A1886,Clinic,Europe,4,1,17,1892.0,6.8,2,35.1,32165.0,30999.0,0
A1887,Hospital,Asia Pacific,2,1,49,14365.0,5.1,5,,703907.0,654167.0,0
A1888,Clinic,North America,5,1,20,2550.0,3.9,1,29.0,51005.0,57370.0,0
A1889,Distributor,Europe,13,1,57,9268.0,14.4,3,38.6,528249.0,511050.0,0
A1890,Clinic,North America,3,1,25,2663.0,9.2,6,17.2,66567.0,67834.0,0
A1891,Clinic,North America,13,1,14,3733.0,5.7,3,25.4,52266.0,67458.0,0
A1892,Clinic,North America,8,1,10,1556.0,10.0,0,29.9,15561.0,18016.0,0
A1893,Clinic,North America,0,0,21,3883.0,4.9,1,30.6,81547.0,95394.0,0
A1894,Laboratory,Europe,15,0,22,3826.0,5.9,0,10.0,84168.0,104310.0,0
A1895,Hospital,North America,5,0,34,15635.0,7.6,5,32.1,531595.0,507363.0,1
A1896,Clinic,North America,12,1,27,3130.0,6.1,2,16.5,84498.0,94132.0,0
A1897,Distributor,North America,6,1,54,11595.0,,4,47.5,626145.0,694944.0,1
A1898,Hospital,Asia Pacific,6,0,44,12193.0,1.5,3,28.2,536484.0,605123.0,0
A1899,Laboratory,Europe,1,0,30,6134.0,5.6,5,39.7,184027.0,204168.0,0
A1900,Clinic,Europe,2,0,14,2226.0,5.9,0,36.1,31159.0,34650.0,0
A1901,Hospital,Europe,9,0,39,8661.0,6.8,0,29.2,337763.0,375557.0,0
A1902,Distributor,Asia Pacific,13,0,47,10109.0,11.2,3,24.7,475121.0,470866.0,0
A1903,Distributor,Europe,6,1,49,16338.0,12.2,5,29.3,800575.0,923848.0,0
A1904,Clinic,Europe,14,1,16,1563.0,9.3,2,19.5,25013.0,27364.0,0
A1905,Laboratory,North America,14,1,32,3775.0,5.0,6,18.1,120812.0,142439.0,1
A1906,Hospital,Europe,12,1,46,3927.0,7.8,5,19.5,180629.0,218010.0,0
A1907,Clinic,Latin America,12,1,17,3049.0,8.1,1,34.4,51839.0,53130.0,0
A1908,Distributor,Europe,4,0,66,5703.0,9.8,3,42.1,376386.0,448385.0,1
A1909,Laboratory,Europe,3,0,26,2812.0,8.5,1,38.2,73105.0,75302.0,0
A1910,Clinic,Asia Pacific,6,1,15,2735.0,7.9,1,25.8,41023.0,49091.0,1
A1911,Clinic,North America,14,1,23,2225.0,9.7,5,21.7,51176.0,60692.0,1
A1912,Clinic,North America,9,1,19,2158.0,8.8,2,18.6,41002.0,51830.0,0
A1913,Clinic,Asia Pacific,11,1,24,1812.0,6.7,3,10.0,43494.0,52640.0,0
A1914,Clinic,Latin America,14,1,21,2141.0,10.9,1,33.4,44965.0,57616.0,0
A1915,Laboratory,North America,13,1,26,2230.0,9.3,3,26.4,57968.0,69150.0,0
A1916,Distributor,North America,3,0,51,13383.0,10.1,3,47.6,682550.0,657255.0,1
A1917,Distributor,North America,13,1,58,15727.0,11.8,3,23.1,912137.0,1013427.0,0
A1918,Laboratory,Europe,6,0,21,5168.0,3.0,3,38.8,108522.0,118946.0,0
A1919,Hospital,North America,12,1,28,7913.0,6.7,3,21.1,221561.0,265225.0,0
A1920,Distributor,Europe,0,1,60,18076.0,11.6,5,41.2,1084584.0,1141894.0,1
A1921,Clinic,Europe,3,1,17,2922.0,,3,22.2,49676.0,50607.0,1
A1922,Distributor,North America,0,0,62,16545.0,9.2,3,41.0,1025812.0,934247.0,1
A1923,Hospital,Asia Pacific,15,1,39,9135.0,8.2,1,12.9,356258.0,414334.0,0
A1924,Clinic,North America,3,1,22,2532.0,6.9,3,30.4,55699.0,73329.0,0
A1925,Distributor,Europe,11,1,66,9326.0,8.9,5,25.7,615542.0,668722.0,0
A1926,Hospital,North America,12,1,33,3328.0,6.0,2,20.1,109829.0,119926.0,0
A1927,Hospital,North America,4,0,39,9934.0,3.2,1,,387407.0,425995.0,0
A1928,Clinic,Europe,10,1,21,2410.0,4.5,3,11.7,50600.0,59186.0,0
A1929,Laboratory,North America,7,1,28,7774.0,6.5,2,24.7,217660.0,243031.0,0
A1930,Hospital,Europe,7,0,35,4135.0,6.9,7,30.3,144734.0,122437.0,0
A1931,Distributor,North America,4,1,72,15913.0,9.8,3,37.3,1145771.0,1176410.0,0
A1932,Hospital,North America,6,1,36,5838.0,3.0,2,10.0,210182.0,220870.0,0
A1933,Clinic,North America,3,0,16,2501.0,4.7,2,40.7,40015.0,43465.0,1
A1934,Clinic,North America,4,0,24,1864.0,11.0,0,31.6,44731.0,45223.0,0
A1935,Distributor,Europe,5,1,74,13503.0,10.8,7,28.3,999188.0,1026771.0,1
A1936,Laboratory,Latin America,12,1,11,3966.0,7.6,0,43.4,43628.0,46360.0,0
A1937,Laboratory,North America,11,0,29,5367.0,4.2,0,26.3,155651.0,163739.0,0
A1938,Hospital,Asia Pacific,7,0,46,8414.0,6.8,3,35.2,387056.0,473346.0,0
A1939,Distributor,Europe,5,1,66,14098.0,14.9,4,36.9,930451.0,1063252.0,0
A1940,Clinic,North America,1,0,16,3832.0,4.7,2,15.8,61314.0,65026.0,0
A1941,Clinic,North America,4,0,21,2977.0,7.4,3,41.2,62507.0,60255.0,0
A1942,Distributor,Asia Pacific,10,1,63,11497.0,9.9,5,22.9,724298.0,719726.0,0
A1943,Laboratory,North America,13,1,27,6057.0,7.5,3,28.1,163532.0,197616.0,0
A1944,Clinic,North America,15,1,22,2412.0,4.5,2,16.9,53066.0,60793.0,0
A1945,Laboratory,Europe,13,1,32,4591.0,7.4,1,12.7,146927.0,175455.0,0
A1946,Hospital,Asia Pacific,1,1,47,7202.0,,7,10.0,338489.0,355564.0,0
A1947,Hospital,Asia Pacific,10,0,53,6427.0,5.5,4,23.2,340631.0,361620.0,0
A1948,Distributor,Europe,15,1,62,4422.0,9.8,3,19.9,274178.0,257227.0,0
A1949,Clinic,North America,1,0,20,3158.0,5.5,2,34.3,63158.0,69412.0,1
A1950,Clinic,North America,1,0,18,1706.0,5.3,2,25.4,30707.0,35851.0,0
A1951,Clinic,North America,14,0,22,3200.0,3.9,4,29.4,70402.0,75880.0,0
A1952,Hospital,Europe,4,0,36,14624.0,3.4,4,27.5,526453.0,530672.0,0
A1953,Distributor,Latin America,15,0,57,7753.0,7.7,5,37.3,441927.0,479171.0,1
A1954,Distributor,North America,15,1,46,16112.0,11.2,1,43.6,741170.0,842375.0,0
A1955,Hospital,North America,7,1,29,7764.0,7.8,1,30.5,225152.0,218501.0,0
A1956,Hospital,North America,15,0,36,9329.0,4.8,3,17.8,335845.0,355380.0,0
A1957,Distributor,North America,8,0,53,8078.0,10.4,5,41.4,428140.0,441468.0,1
A1958,Laboratory,Europe,2,0,19,4050.0,7.6,2,20.5,76954.0,85948.0,0
A1959,Laboratory,Latin America,9,0,30,4224.0,4.4,3,29.7,126730.0,123997.0,0
A1960,Clinic,North America,11,0,21,4036.0,5.6,0,24.7,84746.0,90837.0,0
A1961,Clinic,Asia Pacific,9,0,16,5118.0,6.7,1,,81893.0,88332.0,0
A1962,Clinic,Latin America,9,1,16,2784.0,8.1,2,22.7,44541.0,51421.0,0
A1963,Hospital,North America,5,0,45,7105.0,5.8,3,35.9,319734.0,381274.0,1
A1964,Clinic,Latin America,6,0,28,5248.0,5.2,1,33.3,146954.0,163617.0,1
A1965,Hospital,Asia Pacific,1,0,39,7746.0,8.9,4,27.7,302102.0,320176.0,0
A1966,Hospital,Europe,12,1,40,7877.0,6.9,4,15.5,315066.0,320265.0,0
A1967,Clinic,North America,14,1,22,2594.0,6.3,2,13.5,57078.0,72512.0,0
A1968,Hospital,North America,10,0,40,9373.0,6.2,1,33.1,374911.0,354186.0,0
A1969,Clinic,North America,5,0,27,3178.0,8.3,2,33.2,85796.0,99145.0,0
A1970,Distributor,Asia Pacific,3,1,62,9944.0,14.9,3,25.6,616547.0,707362.0,0
A1971,Distributor,Asia Pacific,14,1,60,11610.0,12.1,4,39.2,696616.0,787715.0,0
A1972,Laboratory,North America,7,0,27,7508.0,6.7,2,37.8,202708.0,197286.0,1
A1973,Laboratory,Europe,14,1,19,6846.0,8.1,4,16.4,130070.0,151620.0,0
A1974,Clinic,North America,11,1,13,2911.0,7.2,1,13.2,37847.0,41630.0,0
A1975,Laboratory,Asia Pacific,3,1,23,4400.0,8.4,0,27.6,101195.0,123056.0,0
A1976,Clinic,Europe,9,1,11,2325.0,8.3,1,18.1,25579.0,22850.0,0
A1977,Distributor,Latin America,2,1,68,16957.0,12.3,2,50.3,1153051.0,1256255.0,0
A1978,Hospital,Asia Pacific,8,1,41,6769.0,10.5,3,,277525.0,247820.0,0
A1979,Clinic,North America,3,0,17,2617.0,4.3,2,42.4,44496.0,46438.0,1
A1980,Laboratory,North America,11,1,27,3452.0,9.9,2,10.0,93215.0,102792.0,0
A1981,Clinic,Europe,9,1,13,2041.0,11.3,2,17.8,26534.0,31442.0,0
A1982,Clinic,Latin America,2,0,11,2545.0,9.3,1,43.4,27994.0,26621.0,0
A1983,Distributor,North America,6,1,61,12079.0,12.6,4,31.1,736845.0,739354.0,0
A1984,Clinic,North America,0,1,21,2072.0,6.7,2,26.5,43515.0,39135.0,1
A1985,Distributor,North America,15,0,67,11805.0,6.8,4,23.7,790908.0,823485.0,0
A1986,Hospital,North America,0,0,41,8225.0,4.9,2,49.8,337237.0,349296.0,1
A1987,Hospital,North America,7,1,40,6879.0,12.0,4,22.8,275179.0,293630.0,0
A1988,Hospital,North America,9,0,46,6468.0,1.9,1,33.1,297519.0,297210.0,0
A1989,Hospital,North America,4,1,38,7683.0,3.9,4,20.5,291949.0,307741.0,1
A1990,Laboratory,Europe,6,1,21,5079.0,8.7,1,21.4,106649.0,123371.0,0
A1991,Hospital,Asia Pacific,5,0,42,11625.0,6.3,3,30.2,488260.0,518155.0,0
A1992,Hospital,Latin America,13,1,41,8557.0,3.4,4,40.3,350832.0,336490.0,0
A1993,Clinic,North America,11,1,19,2298.0,6.9,0,31.8,43658.0,48309.0,0
A1994,Distributor,Europe,15,1,70,11946.0,12.7,5,44.1,836206.0,873993.0,0
A1995,Distributor,Europe,13,1,58,22789.0,9.0,5,41.3,1321750.0,1168255.0,0
A1996,Clinic,North America,1,1,14,3408.0,9.0,1,40.7,47715.0,54139.0,0
A1997,Hospital,Europe,13,1,34,5862.0,4.4,1,17.7,199318.0,233670.0,0
A1998,Laboratory,North America,6,0,33,3953.0,7.3,1,24.6,130462.0,127593.0,0
A1999,Hospital,North America,5,1,51,6745.0,7.5,4,36.1,344010.0,384821.0,0
A2000,Hospital,North America,6,1,35,7127.0,5.7,3,19.4,249434.0,277096.0,0
