Date,Ticker,Open,High,Low,Close,Volume
2021-01-04,ATLAS,99.98,100.85,99.09,100.61,1473094
2021-01-05,ATLAS,100.58,100.66,98.67,98.79,3415448
2021-01-06,ATLAS,99.5,100.67,98.27,100.18,3919743
2021-01-07,ATLAS,100.54,102.64,100.42,101.94,2246240
2021-01-08,ATLAS,101.94,102.52,97.94,98.42,1655647
2021-01-11,ATLAS,98.51,98.89,95.61,96.17,2997546
2021-01-12,ATLAS,96.19,97.12,96.08,96.45,3104875
2021-01-13,ATLAS,96.37,96.46,95.56,95.96,923446
2021-01-14,ATLAS,95.54,96.41,94.68,95.99,3043007
2021-01-15,ATLAS,95.93,96.84,94.14,94.57,1194366
2021-01-18,ATLAS,94.29,96.14,93.92,96.12,3059716
2021-01-19,ATLAS,95.64,97.65,95.29,97.53,4693075
2021-01-20,ATLAS,97.73,97.93,97.68,97.7,2916825
2021-01-21,ATLAS,97.85,99.75,97.74,99.74,3926784
2021-01-22,ATLAS,99.03,101.52,98.32,100.64,1893668
2021-01-25,ATLAS,100.59,101.35,97.84,99.14,4652325
2021-01-26,ATLAS,99.54,99.88,99.45,99.86,4157411
2021-01-27,ATLAS,100.29,100.9,98.01,98.2,4625061
2021-01-28,ATLAS,98.6,101.14,97.89,99.81,3837184
2021-01-29,ATLAS,99.83,100.03,98.84,99.78,3422266
2021-02-01,ATLAS,99.44,100.22,98.51,99.51,2862507
2021-02-02,ATLAS,99.08,99.17,97.76,98.35,4677073
2021-02-03,ATLAS,98.48,100.9,98.28,100.57,4316865
2021-02-04,ATLAS,100.72,101.15,100.06,100.35,2375168
2021-02-05,ATLAS,100.87,100.94,98.12,99.64,885435
2021-02-08,ATLAS,100.08,101.05,98.19,99.07,516273
2021-02-09,ATLAS,99.01,101.48,98.35,100.08,1550669
2021-02-10,ATLAS,99.58,101.36,99.35,100.79,781570
2021-02-11,ATLAS,100.67,102.2,100.13,101.6,1451758
2021-02-12,ATLAS,101.69,102.73,101.21,102.45,992692
2021-02-15,ATLAS,102.37,107.35,101.69,106.46,4914734
2021-02-16,ATLAS,106.22,107.12,105.6,105.75,929090
2021-02-17,ATLAS,105.85,105.97,104.76,104.84,3321010
2021-02-18,ATLAS,104.62,105.08,102.38,103.36,2082660
2021-02-19,ATLAS,103.1,104.81,102.88,104.57,1283969
2021-02-22,ATLAS,104.7,107.05,103.17,106.76,3655718
2021-02-23,ATLAS,106.59,106.81,106.27,106.6,4867497
2021-02-24,ATLAS,106.71,106.86,104.62,105.06,4057919
2021-02-25,ATLAS,105.17,106.17,103.53,103.56,4888575
2021-02-26,ATLAS,103.09,105.51,103.03,104.84,3155959
2021-03-01,ATLAS,104.63,106.34,104.46,106.3,3531085
2021-03-02,ATLAS,106.91,108.13,106.4,107.4,1158962
2021-03-03,ATLAS,106.9,107.72,105.2,106.18,4335873
2021-03-04,ATLAS,105.28,107.6,104.96,106.69,3865557
2021-03-05,ATLAS,105.89,107.18,105.46,106.98,1643108
2021-03-08,ATLAS,106.99,108.34,106.6,107.46,2096608
2021-03-09,ATLAS,107.48,109.55,106.44,109.21,3249005
2021-03-10,ATLAS,109.16,109.85,108.72,109.72,558470
2021-03-11,ATLAS,110.25,111.27,109.51,111.12,4180607
2021-03-12,ATLAS,109.94,111.58,109.91,111.33,1762648
2021-03-15,ATLAS,111.5,112.17,110.19,111.97,837398
2021-03-16,ATLAS,112.67,113.48,112.19,113.31,1987702
2021-03-17,ATLAS,112.8,112.83,109.31,110.41,4260958
2021-03-18,ATLAS,110.24,110.29,109.64,109.84,1734104
2021-03-19,ATLAS,109.51,109.95,108.39,108.97,2926358
2021-03-22,ATLAS,108.58,108.93,107.04,107.79,4153415
2021-03-23,ATLAS,107.65,109.53,107.03,107.32,651699
2021-03-24,ATLAS,107.93,111.45,107.81,110.27,3919668
2021-03-25,ATLAS,111.08,111.3,108.2,108.62,1799118
2021-03-26,ATLAS,108.47,111.08,108.09,110.58,3629984
2021-03-29,ATLAS,111.42,111.8,107.01,107.29,1346414
2021-03-30,ATLAS,107.31,107.34,106.08,106.71,1125522
2021-03-31,ATLAS,107.46,107.95,106.91,107.09,4047341
2021-04-01,ATLAS,107.05,109.04,106.6,108.28,4135252
2021-04-02,ATLAS,108.34,109.86,107.77,109.73,4915964
2021-04-05,ATLAS,109.89,112.12,108.81,111.36,3547291
2021-04-06,ATLAS,112.78,114.37,110.54,110.73,2596457
2021-04-07,ATLAS,111.11,112.17,109.64,109.88,1376769
2021-04-08,ATLAS,109.57,111.89,108.01,111.64,1828478
2021-04-09,ATLAS,112.07,112.8,110.97,111.32,3416422
2021-04-12,ATLAS,111.16,111.98,108.25,108.83,2057463
2021-04-13,ATLAS,108.62,109.16,105.67,106.68,2675802
2021-04-14,ATLAS,107.07,107.16,103.9,104.98,1256288
2021-04-15,ATLAS,104.99,105.99,104.08,105.98,2477075
2021-04-16,ATLAS,106.1,106.5,105.39,106.31,1570874
2021-04-19,ATLAS,106.32,108.4,105.46,107.7,1004554
2021-04-20,ATLAS,107.85,108.99,106.46,106.94,1093766
2021-04-21,ATLAS,107.12,107.93,106.71,107.31,2832369
2021-04-22,ATLAS,106.47,108.58,106.08,108.58,2148895
2021-04-23,ATLAS,108.87,109.0,106.53,108.04,949693
2021-04-26,ATLAS,107.61,109.95,106.41,108.99,2814345
2021-04-27,ATLAS,108.36,108.69,107.58,107.76,1239140
2021-04-28,ATLAS,107.73,109.29,106.12,107.12,569499
2021-04-29,ATLAS,107.16,107.57,106.17,106.45,1096458
2021-04-30,ATLAS,106.15,107.1,104.16,104.22,2518359
2021-05-03,ATLAS,104.57,105.23,103.86,105.2,4793487
2021-05-04,ATLAS,104.63,104.71,103.05,104.37,1587523
2021-05-05,ATLAS,104.2,105.19,103.84,104.46,1781891
2021-05-06,ATLAS,104.21,105.54,104.2,105.42,1591946
2021-05-07,ATLAS,105.4,106.78,104.25,106.33,2098419
2021-05-10,ATLAS,106.45,108.0,105.48,107.67,3727970
2021-05-11,ATLAS,107.24,108.37,106.58,107.54,1949362
2021-05-12,ATLAS,107.86,108.2,106.14,106.79,3459058
2021-05-13,ATLAS,106.82,107.06,106.64,106.7,4542127
2021-05-14,ATLAS,105.89,106.04,103.37,103.52,4757819
2021-05-17,ATLAS,102.71,103.68,100.31,100.89,3033346
2021-05-18,ATLAS,100.88,101.12,97.97,98.55,3709576
2021-05-19,ATLAS,98.46,99.5,96.68,96.84,4636219
2021-05-20,ATLAS,96.8,98.03,96.22,97.59,4040112
2021-05-21,ATLAS,97.58,97.66,95.99,96.06,1849662
2021-05-24,ATLAS,96.15,97.52,95.42,95.46,1094127
2021-05-25,ATLAS,95.83,98.4,95.5,97.75,1016756
2021-05-26,ATLAS,97.32,97.38,96.62,97.19,4469234
2021-05-27,ATLAS,96.73,99.6,96.3,98.53,3002983
2021-05-28,ATLAS,98.1,98.81,96.46,96.94,1833557
2021-05-31,ATLAS,97.05,97.46,95.13,96.64,2054916
2021-06-01,ATLAS,97.12,97.25,94.83,95.04,1767567
2021-06-02,ATLAS,94.88,94.88,94.26,94.52,4108580
2021-06-03,ATLAS,93.57,96.17,93.14,96.01,3255838
2021-06-04,ATLAS,95.35,95.75,92.62,93.08,4457405
2021-06-07,ATLAS,92.77,93.91,92.47,,1857976
2021-06-08,ATLAS,93.65,95.23,93.43,94.32,2626580
2021-06-09,ATLAS,94.17,94.24,93.07,93.37,1047806
2021-06-10,ATLAS,93.38,93.64,90.54,90.99,4871115
2021-06-11,ATLAS,90.88,91.29,90.66,91.17,2803386
2021-06-14,ATLAS,91.55,92.44,90.3,90.35,2988558
2021-06-15,ATLAS,90.11,91.32,89.57,90.79,2361500
2021-06-16,ATLAS,90.47,91.07,90.14,90.88,1719141
2021-06-17,ATLAS,91.05,93.96,90.04,93.55,4767824
2021-06-18,ATLAS,92.98,93.36,91.91,93.2,2700389
2021-06-21,ATLAS,93.35,94.19,90.85,91.54,3536472
2021-06-22,ATLAS,91.58,92.46,90.86,91.89,667896
2021-06-23,ATLAS,91.84,92.61,91.75,92.31,1741686
2021-06-24,ATLAS,92.9,95.32,92.24,94.63,4118005
2021-06-25,ATLAS,94.39,96.47,93.99,96.1,895257
2021-06-28,ATLAS,96.9,97.27,96.33,96.78,956457
2021-06-29,ATLAS,96.69,99.71,96.44,99.39,4144274
2021-06-30,ATLAS,98.88,99.03,96.55,97.32,1889368
2021-07-01,ATLAS,97.35,97.43,95.88,96.26,1732454
2021-07-02,ATLAS,95.84,96.35,94.7,94.71,3043924
2021-07-05,ATLAS,94.43,94.73,93.84,94.1,1377147
2021-07-06,ATLAS,94.25,95.14,91.59,91.83,693388
2021-07-07,ATLAS,92.03,93.7,91.85,92.93,520024
2021-07-08,ATLAS,92.7,93.0,92.29,92.62,856926
2021-07-09,ATLAS,92.98,93.68,89.73,90.22,1213389
2021-07-12,ATLAS,90.64,90.86,88.61,88.62,3632523
2021-07-13,ATLAS,89.13,89.43,88.05,89.18,1840777
2021-07-14,ATLAS,89.37,91.87,89.25,90.58,822996
2021-07-15,ATLAS,91.07,94.87,90.65,93.89,564910
2021-07-16,ATLAS,93.18,98.99,93.02,98.87,2646872
2021-07-19,ATLAS,98.74,100.34,97.67,99.66,4280575
2021-07-20,ATLAS,99.32,99.61,97.43,97.95,2024130
2021-07-21,ATLAS,98.0,98.08,94.13,94.25,787329
2021-07-22,ATLAS,94.03,96.08,94.01,94.76,1526357
2021-07-23,ATLAS,94.7,94.83,93.37,93.43,2747153
2021-07-26,ATLAS,94.13,95.21,92.72,92.79,1349505
2021-07-27,ATLAS,92.72,92.98,91.76,91.82,4903152
2021-07-28,ATLAS,91.97,92.12,91.18,91.64,3935350
2021-07-29,ATLAS,91.56,94.03,90.8,93.46,2050605
2021-07-30,ATLAS,93.48,93.87,93.48,93.78,4781939
2021-08-02,ATLAS,93.78,94.11,93.11,93.56,1962593
2021-08-03,ATLAS,93.73,95.01,91.49,91.88,1130808
2021-08-04,ATLAS,92.3,92.66,88.75,89.16,4722277
2021-08-05,ATLAS,89.75,89.81,88.03,88.44,4818565
2021-08-06,ATLAS,88.54,89.08,87.82,88.4,1906956
2021-08-09,ATLAS,88.61,91.34,87.44,91.27,3176431
2021-08-10,ATLAS,90.85,91.86,90.78,91.54,1279816
2021-08-11,ATLAS,91.51,93.51,90.3,93.21,3387471
2021-08-12,ATLAS,93.56,93.9,92.13,92.43,3605533
2021-08-13,ATLAS,92.75,93.49,89.85,90.51,3694668
2021-08-16,ATLAS,90.59,91.16,88.7,89.0,3059308
2021-08-17,ATLAS,89.31,90.06,87.76,87.89,3668535
2021-08-18,ATLAS,88.06,91.67,87.53,91.31,2997720
2021-08-19,ATLAS,91.75,92.8,89.75,90.01,4189149
2021-08-20,ATLAS,90.12,92.04,89.46,91.42,1308142
2021-08-23,ATLAS,91.29,91.35,89.5,89.99,2675608
2021-08-24,ATLAS,90.11,92.07,89.29,91.56,2373778
2021-08-25,ATLAS,90.48,92.54,90.29,92.25,2900113
2021-08-26,ATLAS,92.39,92.43,91.54,92.04,1139373
2021-08-27,ATLAS,90.7,92.05,90.53,92.03,1957221
2021-08-30,ATLAS,91.39,91.44,90.67,91.0,4793632
2021-08-31,ATLAS,91.16,91.8,90.23,91.78,973659
2021-09-01,ATLAS,91.96,92.08,90.97,91.09,3358882
2021-09-02,ATLAS,90.66,91.45,88.7,89.13,3490880
2021-09-03,ATLAS,88.88,89.16,87.07,87.14,2635320
2021-09-06,ATLAS,87.61,88.1,87.15,87.46,651244
2021-09-07,ATLAS,87.29,90.74,87.28,90.0,654602
2021-09-08,ATLAS,90.81,90.91,89.53,90.31,1740357
2021-09-09,ATLAS,90.31,90.75,89.87,90.17,961313
2021-09-10,ATLAS,90.32,90.75,89.39,90.69,924034
2021-09-13,ATLAS,91.28,93.09,91.16,92.88,1220545
2021-09-14,ATLAS,92.93,94.13,91.93,93.3,1358272
2021-09-15,ATLAS,92.93,93.21,92.55,92.67,4273140
2021-09-16,ATLAS,92.62,95.31,91.62,94.57,3374289
2021-09-17,ATLAS,94.55,95.74,93.48,95.35,636844
2021-09-20,ATLAS,94.83,98.5,94.44,98.05,3328144
2021-09-21,ATLAS,97.95,98.77,97.9,98.43,1115189
2021-09-22,ATLAS,98.14,98.32,96.1,96.32,2394747
2021-09-23,ATLAS,96.67,96.96,93.39,94.0,671204
2021-09-24,ATLAS,94.02,97.37,93.71,96.85,905773
2021-09-27,ATLAS,96.74,100.38,96.08,99.92,1096677
2021-09-28,ATLAS,99.87,100.24,99.33,99.65,2450182
2021-09-29,ATLAS,99.74,100.14,98.88,99.03,2583863
2021-09-30,ATLAS,99.27,102.04,99.18,101.69,2087351
2021-10-01,ATLAS,101.28,101.95,99.62,99.72,3290762
2021-10-04,ATLAS,99.31,99.68,97.56,98.18,3742066
2021-10-05,ATLAS,98.61,100.39,98.1,99.37,3779297
2021-10-06,ATLAS,99.21,100.56,97.77,98.73,3105619
2021-10-07,ATLAS,98.17,99.39,97.81,98.78,2955002
2021-10-08,ATLAS,98.95,99.0,98.17,98.55,2712045
2021-10-11,ATLAS,98.73,99.91,98.45,99.21,1570706
2021-10-12,ATLAS,98.6,102.25,98.36,101.78,2691419
2021-10-13,ATLAS,101.87,102.39,101.68,102.0,545441
2021-10-14,ATLAS,102.31,103.9,101.82,103.25,4848335
2021-10-15,ATLAS,103.4,104.06,99.47,99.5,2165420
2021-10-18,ATLAS,99.75,99.84,99.18,99.47,3903323
2021-10-19,ATLAS,98.91,99.64,97.84,98.02,4805167
2021-10-20,ATLAS,98.15,98.65,94.77,95.93,2736408
2021-10-21,ATLAS,95.81,96.34,93.49,94.47,4378222
2021-10-22,ATLAS,94.29,95.88,93.68,93.96,2656501
2021-10-25,ATLAS,94.29,95.82,93.34,95.57,1095300
2021-10-26,ATLAS,96.13,96.17,93.28,93.34,619155
2021-10-27,ATLAS,94.01,94.74,93.21,93.45,1110301
2021-10-28,ATLAS,93.94,94.9,91.53,92.69,4741291
2021-10-29,ATLAS,92.65,93.27,91.98,92.2,2637987
2021-11-01,ATLAS,92.33,94.09,92.12,93.92,1936282
2021-11-02,ATLAS,94.21,95.65,93.02,94.89,2507274
2021-11-03,ATLAS,94.93,97.35,94.45,97.23,1651725
2021-11-04,ATLAS,97.28,97.93,96.18,97.01,4417488
2021-11-05,ATLAS,97.33,98.19,95.0,95.86,4997340
2021-11-08,ATLAS,95.83,96.3,95.32,95.53,882122
2021-11-09,ATLAS,95.25,96.06,95.22,96.0,3734103
2021-11-10,ATLAS,95.84,97.77,95.08,96.37,2010200
2021-11-11,ATLAS,96.61,97.18,93.59,94.54,713136
2021-11-12,ATLAS,94.54,95.14,93.9,94.75,4649946
2021-11-15,ATLAS,94.88,95.89,94.35,95.2,778484
2021-11-16,ATLAS,95.45,100.23,95.34,99.57,1426561
2021-11-17,ATLAS,99.42,103.98,99.16,102.99,614757
2021-11-18,ATLAS,103.31,103.49,100.37,101.47,2620774
2021-11-19,ATLAS,101.63,102.25,100.73,101.01,3198285
2021-11-22,ATLAS,100.51,101.51,97.07,98.41,1943028
2021-11-23,ATLAS,98.98,98.98,97.05,97.42,822040
2021-11-24,ATLAS,97.23,98.2,96.37,98.03,1022697
2021-11-25,ATLAS,97.39,100.4,97.28,100.22,4700247
2021-11-26,ATLAS,99.8,100.91,98.92,98.97,4126625
2021-11-29,ATLAS,98.56,98.75,97.64,97.86,4716079
2021-11-30,ATLAS,97.88,98.07,93.68,94.14,2888617
2021-12-01,ATLAS,94.03,94.12,93.37,93.92,2957243
2021-12-02,ATLAS,93.79,94.11,91.48,92.18,4036985
2021-12-03,ATLAS,92.41,92.65,90.6,91.35,3274875
2021-12-06,ATLAS,91.48,91.5,89.43,89.97,2463983
2021-12-07,ATLAS,90.08,90.32,89.35,89.87,1813524
2021-12-08,ATLAS,90.02,90.18,87.03,87.08,2684783
2021-12-09,ATLAS,87.29,87.51,84.66,84.83,787876
2021-12-10,ATLAS,84.12,88.18,83.88,88.13,1366017
2021-12-13,ATLAS,88.01,89.02,85.63,86.14,3818572
2021-12-14,ATLAS,85.39,85.64,84.45,84.5,4406242
2021-12-15,ATLAS,84.51,87.34,83.79,87.34,958036
2021-12-16,ATLAS,87.34,91.98,87.18,91.96,936080
2021-12-17,ATLAS,92.34,92.88,89.74,90.08,885009
2021-12-20,ATLAS,90.5,91.56,89.08,89.53,4062101
2021-12-21,ATLAS,89.6,91.2,88.44,90.14,1900503
2021-12-22,ATLAS,89.96,93.15,89.7,93.0,1970439
2021-12-23,ATLAS,93.18,93.18,91.01,91.4,556095
2021-12-24,ATLAS,91.21,91.3,90.17,91.05,4876698
2021-12-27,ATLAS,91.05,92.64,90.6,92.38,2453160
2021-12-28,ATLAS,92.74,93.53,92.05,93.16,4088509
2021-12-29,ATLAS,92.95,93.47,92.42,92.58,3684564
2021-12-30,ATLAS,92.88,93.15,91.35,92.42,1137988
2021-12-31,ATLAS,92.67,92.81,89.62,90.18,4106070
2022-01-03,ATLAS,89.84,90.99,89.55,89.85,2976367
2022-01-04,ATLAS,90.2,90.62,88.72,89.47,3219382
2022-01-05,ATLAS,89.72,90.56,89.68,89.9,1401421
2022-01-06,ATLAS,89.94,90.29,88.95,89.06,4310933
2022-01-07,ATLAS,88.79,90.34,88.16,89.87,4692501
2022-01-10,ATLAS,89.56,91.93,89.08,91.56,2329259
2022-01-11,ATLAS,91.36,92.34,90.82,91.87,916148
2022-01-12,ATLAS,92.07,93.37,91.96,92.51,4319474
2022-01-13,ATLAS,92.15,93.14,91.7,92.65,4493266
2022-01-14,ATLAS,92.81,92.94,91.97,92.71,2779129
2022-01-17,ATLAS,92.25,92.66,90.64,91.56,3106169
2022-01-18,ATLAS,91.48,92.17,91.03,92.13,1503662
2022-01-19,ATLAS,92.17,92.79,91.7,92.03,803629
2022-01-20,ATLAS,92.93,95.79,92.71,95.55,4748655
2022-01-21,ATLAS,95.02,98.66,93.97,98.31,2673309
2022-01-24,ATLAS,98.89,99.11,98.49,99.06,1737368
2022-01-25,ATLAS,99.12,99.25,97.75,97.75,3619546
2022-01-26,ATLAS,97.92,98.07,95.32,95.86,617906
2022-01-27,ATLAS,95.9,98.84,95.46,97.97,859730
2022-01-28,ATLAS,98.14,99.02,97.17,98.49,1592033
2022-01-31,ATLAS,98.43,99.75,98.03,99.4,2527920
2022-02-01,ATLAS,99.98,99.99,95.94,96.34,2150094
2022-02-02,ATLAS,96.16,98.52,95.28,98.01,1343061
2022-02-03,ATLAS,98.45,99.75,98.32,98.87,2081073
2022-02-04,ATLAS,98.61,99.39,96.63,96.95,2002601
2022-02-07,ATLAS,96.93,98.11,96.09,96.18,2861003
2022-02-08,ATLAS,95.77,96.72,94.99,96.7,3032336
2022-02-09,ATLAS,96.87,97.52,96.0,96.85,4474070
2022-02-10,ATLAS,97.41,97.63,95.92,96.4,4130503
2022-02-11,ATLAS,96.37,96.75,96.25,96.28,1815522
2022-02-14,ATLAS,96.2,96.57,95.84,95.9,4562004
2022-02-15,ATLAS,95.47,96.35,94.9,96.22,2843467
2022-02-16,ATLAS,96.13,99.0,96.1,98.82,1344549
2022-02-17,ATLAS,98.19,98.59,94.31,94.32,2030625
2022-02-18,ATLAS,93.97,94.24,93.33,93.97,3837931
2022-02-21,ATLAS,94.06,94.72,93.38,94.33,4197978
2022-02-22,ATLAS,94.82,94.98,94.64,94.89,2183559
2022-02-23,ATLAS,95.95,96.55,94.19,94.31,1209206
2022-02-24,ATLAS,94.09,94.31,91.02,91.38,1363491
2022-02-25,ATLAS,91.91,92.75,91.58,91.98,965796
2022-02-28,ATLAS,92.07,95.26,91.74,94.89,3644319
2022-03-01,ATLAS,94.83,95.45,92.28,92.33,2763478
2022-03-02,ATLAS,92.49,94.61,91.95,93.82,2530323
2022-03-03,ATLAS,93.84,94.42,92.78,93.32,3523494
2022-03-04,ATLAS,93.36,93.52,92.46,93.27,4228997
2022-03-07,ATLAS,93.12,93.21,91.48,91.56,4079863
2022-03-08,ATLAS,91.05,91.18,90.15,91.07,1117151
2022-03-09,ATLAS,90.5,93.63,90.22,93.25,3153311
2022-03-10,ATLAS,93.49,94.49,93.33,94.29,4471312
2022-03-11,ATLAS,94.18,97.42,92.83,97.28,3982323
2022-03-14,ATLAS,97.05,99.92,96.43,99.4,1982356
2022-03-15,ATLAS,99.41,100.58,98.27,100.25,2267195
2022-03-16,ATLAS,100.57,103.84,99.79,103.45,4505882
2022-03-17,ATLAS,103.53,105.08,103.02,104.33,647904
2022-03-18,ATLAS,104.06,106.63,104.05,105.95,2864389
2022-03-21,ATLAS,106.47,107.64,105.08,105.45,1022446
2022-03-22,ATLAS,106.12,106.58,105.47,105.64,4525646
2022-03-23,ATLAS,105.85,107.0,103.78,104.38,674251
2022-03-24,ATLAS,104.78,107.21,104.67,106.3,605260
2022-03-25,ATLAS,106.83,107.87,103.83,104.11,1980246
2022-03-28,ATLAS,104.58,106.09,103.94,105.64,1400746
2022-03-29,ATLAS,105.89,106.8,104.89,105.34,2729711
2022-03-30,ATLAS,105.59,107.92,105.37,107.62,1848061
2022-03-31,ATLAS,107.84,109.21,106.92,109.14,2103428
2022-04-01,ATLAS,108.66,114.14,108.38,112.78,3042149
2022-04-04,ATLAS,113.1,114.52,113.02,114.33,3022697
2022-04-05,ATLAS,113.71,114.44,110.9,111.17,4707190
2022-04-06,ATLAS,110.81,111.23,110.63,111.1,2662741
2022-04-07,ATLAS,111.68,112.72,108.81,108.82,3039041
2022-04-08,ATLAS,109.19,109.54,107.45,107.87,3550742
2022-04-11,ATLAS,108.51,111.55,108.06,110.87,1284046
2022-04-12,ATLAS,110.75,112.74,109.8,112.21,3501329
2022-04-13,ATLAS,111.69,112.45,110.56,110.87,4378601
2022-04-14,ATLAS,110.76,112.19,108.59,108.91,1931288
2022-04-15,ATLAS,108.95,109.21,108.8,109.04,1302530
2022-04-18,ATLAS,109.07,109.45,106.48,106.72,2057965
2022-04-19,ATLAS,107.2,108.2,104.5,105.49,1737674
2022-04-20,ATLAS,105.34,106.44,105.02,106.15,3133165
2022-04-21,ATLAS,106.3,108.71,105.17,108.42,4386811
2022-04-22,ATLAS,107.99,110.38,107.7,109.67,3183946
2022-04-25,ATLAS,109.87,110.23,104.44,,1064801
2022-04-26,ATLAS,105.21,106.53,105.08,105.85,1916149
2022-04-27,ATLAS,105.54,106.44,104.91,106.05,3601918
2022-04-28,ATLAS,105.95,106.99,105.52,106.91,1986430
2022-04-29,ATLAS,106.83,110.49,105.88,110.08,3138759
2022-05-02,ATLAS,109.96,110.73,105.97,106.06,3623202
2022-05-03,ATLAS,106.81,106.83,103.89,104.99,1981255
2022-05-04,ATLAS,104.95,106.27,104.8,106.17,3413348
2022-05-05,ATLAS,106.07,106.37,102.42,103.22,2291524
2022-05-06,ATLAS,102.35,106.3,101.18,106.02,1107728
2022-05-09,ATLAS,105.64,107.29,104.83,106.79,2174818
2022-05-10,ATLAS,106.67,108.81,106.01,108.48,2484688
2022-05-11,ATLAS,108.18,108.54,107.39,107.43,510741
2022-05-12,ATLAS,108.02,110.97,107.78,109.07,4517177
2022-05-13,ATLAS,108.99,112.02,108.08,111.23,2875504
2022-05-16,ATLAS,111.8,113.85,111.12,111.76,663375
2022-05-17,ATLAS,111.79,112.72,111.46,112.3,4405963
2022-05-18,ATLAS,112.32,113.61,112.22,112.91,4348237
2022-05-19,ATLAS,112.87,113.09,110.97,111.23,554218
2022-05-20,ATLAS,111.23,112.21,110.42,111.0,1234301
2022-05-23,ATLAS,111.76,112.5,110.19,110.76,2137073
2022-05-24,ATLAS,109.73,112.28,109.0,111.59,2782618
2022-05-25,ATLAS,110.7,114.98,110.14,113.67,3765934
2022-05-26,ATLAS,113.42,114.19,110.78,111.57,2409513
2022-05-27,ATLAS,111.58,111.61,111.24,111.39,3252728
2022-05-30,ATLAS,111.69,115.24,111.57,114.42,545582
2022-05-31,ATLAS,114.64,115.04,112.69,112.96,3463426
2022-06-01,ATLAS,112.79,113.47,109.44,111.36,4619286
2022-06-02,ATLAS,111.81,112.41,111.61,111.83,2867936
2022-06-03,ATLAS,112.29,114.09,112.21,113.59,2547163
2022-06-06,ATLAS,113.68,114.86,113.64,113.69,1837032
2022-06-07,ATLAS,114.12,116.76,113.64,116.47,4794207
2022-06-08,ATLAS,116.6,118.95,116.55,118.34,649414
2022-06-09,ATLAS,118.07,121.14,117.27,120.2,1790347
2022-06-10,ATLAS,120.54,122.46,120.44,121.48,1124186
2022-06-13,ATLAS,121.53,127.86,121.48,126.64,4398240
2022-06-14,ATLAS,126.64,126.66,126.16,126.25,2671723
2022-06-15,ATLAS,126.99,127.87,121.65,121.77,4650753
2022-06-16,ATLAS,120.57,125.87,119.82,125.36,3493211
2022-06-17,ATLAS,124.65,125.25,123.59,124.4,3005745
2022-06-20,ATLAS,123.81,125.67,123.68,124.72,2828626
2022-06-21,ATLAS,124.54,127.8,123.57,127.73,1412050
2022-06-22,ATLAS,127.6,128.54,122.83,124.12,3029216
2022-06-23,ATLAS,123.38,124.99,121.27,121.4,3583613
2022-06-24,ATLAS,120.92,121.2,117.56,117.98,4844047
2022-06-27,ATLAS,117.57,118.84,116.1,116.36,2970401
2022-06-28,ATLAS,117.5,118.03,116.71,117.35,4724764
2022-06-29,ATLAS,118.2,119.17,118.08,118.53,4750383
2022-06-30,ATLAS,118.33,119.81,117.03,119.19,2851488
2022-07-01,ATLAS,119.02,120.44,115.35,116.23,2476724
2022-07-04,ATLAS,115.7,115.73,110.68,111.47,1142165
2022-07-05,ATLAS,110.62,111.81,109.75,111.64,1708311
2022-07-06,ATLAS,111.59,112.78,109.61,110.76,4455920
2022-07-07,ATLAS,110.32,112.18,110.01,111.74,1122291
2022-07-08,ATLAS,111.71,113.37,111.69,113.22,2286761
2022-07-11,ATLAS,112.5,114.27,112.23,113.57,3643851
2022-07-12,ATLAS,113.23,115.82,112.58,115.19,1582798
2022-07-13,ATLAS,115.26,116.57,115.1,115.74,4883493
2022-07-14,ATLAS,115.91,117.11,114.2,116.91,3422678
2022-07-15,ATLAS,117.11,117.52,114.53,115.5,627546
2022-07-18,ATLAS,114.89,115.31,114.3,115.2,1612274
2022-07-19,ATLAS,115.59,116.12,115.14,115.67,3832004
2022-07-20,ATLAS,115.3,117.64,114.73,117.45,4384361
2022-07-21,ATLAS,117.75,117.91,115.44,116.69,4671186
2022-07-22,ATLAS,116.68,118.37,115.97,117.85,4330265
2022-07-25,ATLAS,117.2,117.7,116.39,117.36,836516
2022-07-26,ATLAS,117.21,117.38,116.45,117.18,3783591
2022-07-27,ATLAS,117.35,119.07,117.02,119.0,995765
2022-07-28,ATLAS,119.29,119.6,114.69,114.8,844479
2022-07-29,ATLAS,114.74,115.29,111.69,112.19,3613806
2022-08-01,ATLAS,112.88,113.04,109.01,109.27,2651745
2022-08-02,ATLAS,109.71,109.91,104.5,104.74,3415835
2022-08-03,ATLAS,104.64,104.7,102.52,103.53,4331682
2022-08-04,ATLAS,103.84,106.06,103.77,104.99,809723
2022-08-05,ATLAS,105.8,106.65,103.83,104.51,2873888
2022-08-08,ATLAS,105.33,105.82,104.19,104.95,4254902
2022-08-09,ATLAS,104.43,108.28,104.03,107.07,2481317
2022-08-10,ATLAS,106.67,109.83,106.46,109.69,2855407
2022-08-11,ATLAS,110.34,111.38,109.13,109.62,2740340
2022-08-12,ATLAS,109.15,112.68,108.58,112.36,4582388
2022-08-15,ATLAS,111.76,112.72,111.3,112.61,724520
2022-08-16,ATLAS,112.39,112.77,109.9,110.98,4450958
2022-08-17,ATLAS,111.17,111.19,109.51,109.86,4173723
2022-08-18,ATLAS,109.81,109.98,106.43,107.0,4156284
2022-08-19,ATLAS,106.72,107.22,105.01,105.35,2355292
2022-08-22,ATLAS,105.07,105.25,104.3,104.73,2821545
2022-08-23,ATLAS,104.44,106.44,103.29,106.31,2160426
2022-08-24,ATLAS,105.94,110.17,104.82,109.67,1632697
2022-08-25,ATLAS,110.67,111.21,106.48,107.01,4439455
2022-08-26,ATLAS,107.13,108.71,106.64,107.83,2776889
2022-08-29,ATLAS,108.21,108.46,105.26,105.87,3755058
2022-08-30,ATLAS,105.67,107.19,105.3,106.84,953651
2022-08-31,ATLAS,106.76,106.91,106.5,106.65,4050167
2022-09-01,ATLAS,106.35,106.96,103.1,103.2,3464807
2022-09-02,ATLAS,102.11,105.04,101.84,104.99,4989246
2022-09-05,ATLAS,104.41,104.65,102.26,103.91,1102897
2022-09-06,ATLAS,103.16,103.34,102.63,102.97,2930181
2022-09-07,ATLAS,102.04,102.1,100.77,101.05,2800278
2022-09-08,ATLAS,100.57,100.89,99.64,99.92,2922798
2022-09-09,ATLAS,100.45,102.09,99.84,100.75,744718
2022-09-12,ATLAS,100.73,101.01,99.56,100.47,2629049
2022-09-13,ATLAS,100.99,101.53,100.59,101.12,1847806
2022-09-14,ATLAS,101.29,102.11,100.98,101.84,3278090
2022-09-15,ATLAS,102.16,104.48,101.51,104.32,1544362
2022-09-16,ATLAS,103.95,104.82,103.5,103.74,2457734
2022-09-19,ATLAS,103.96,104.66,100.99,101.05,3290141
2022-09-20,ATLAS,101.34,103.11,101.34,103.05,788204
2022-09-21,ATLAS,102.81,103.5,102.46,102.5,4040540
2022-09-22,ATLAS,102.73,105.36,102.37,104.61,3720806
2022-09-23,ATLAS,104.85,105.79,104.57,105.4,757863
2022-09-26,ATLAS,105.17,106.01,104.23,105.21,791311
2022-09-27,ATLAS,104.74,107.07,104.67,105.94,4326276
2022-09-28,ATLAS,105.43,110.15,104.94,109.72,1774988
2022-09-29,ATLAS,109.76,113.9,109.42,113.89,4373454
2022-09-30,ATLAS,114.04,115.19,113.28,114.1,2746636
2022-10-03,ATLAS,113.74,114.61,113.28,114.5,2040210
2022-10-04,ATLAS,114.51,116.8,114.12,116.78,1731021
2022-10-05,ATLAS,117.05,117.51,114.9,115.08,3465518
2022-10-06,ATLAS,115.36,116.24,114.96,115.83,993771
2022-10-07,ATLAS,116.55,116.89,115.4,115.85,2311758
2022-10-10,ATLAS,116.44,116.58,116.26,116.57,2056352
2022-10-11,ATLAS,116.11,116.66,114.23,114.9,1193858
2022-10-12,ATLAS,115.67,115.76,111.09,111.68,2087701
2022-10-13,ATLAS,111.44,111.49,106.94,107.58,2878980
2022-10-14,ATLAS,108.03,108.89,104.94,105.48,3549034
2022-10-17,ATLAS,105.51,106.44,104.6,104.67,888618
2022-10-18,ATLAS,104.5,104.85,103.1,104.18,4425791
2022-10-19,ATLAS,103.43,109.56,102.24,107.88,4453124
2022-10-20,ATLAS,107.8,110.22,107.62,110.09,3613897
2022-10-21,ATLAS,109.4,109.72,107.35,108.25,4659303
2022-10-24,ATLAS,108.67,109.85,108.25,108.99,2425756
2022-10-25,ATLAS,109.65,109.98,108.02,108.26,4197259
2022-10-26,ATLAS,107.91,108.34,107.5,107.77,3772702
2022-10-27,ATLAS,107.9,108.45,107.55,108.19,3031376
2022-10-28,ATLAS,107.88,109.54,107.87,109.46,1307773
2022-10-31,ATLAS,109.19,109.67,108.51,108.86,3009193
2022-11-01,ATLAS,109.2,111.32,108.24,111.01,4556072
2022-11-02,ATLAS,110.99,111.66,108.29,108.79,4930733
2022-11-03,ATLAS,109.55,110.2,108.38,108.87,2516299
2022-11-04,ATLAS,108.66,114.23,108.11,114.03,1615557
2022-11-07,ATLAS,114.48,115.19,113.43,114.55,3863784
2022-11-08,ATLAS,114.6,118.04,114.39,117.58,841767
2022-11-09,ATLAS,117.95,119.31,117.36,117.84,1179918
2022-11-10,ATLAS,117.63,119.69,116.9,119.15,3028734
2022-11-11,ATLAS,119.12,120.11,119.09,119.1,4955914
2022-11-14,ATLAS,119.04,119.75,118.72,118.8,1979535
2022-11-15,ATLAS,118.4,118.87,115.91,117.21,2494958
2022-11-16,ATLAS,117.52,118.54,116.16,118.18,1950524
2022-11-17,ATLAS,118.49,118.56,115.28,116.44,2482269
2022-11-18,ATLAS,116.72,118.7,114.97,117.91,531884
2022-11-21,ATLAS,118.63,120.84,117.98,120.28,3176251
2022-11-22,ATLAS,120.98,122.04,120.27,121.15,3183077
2022-11-23,ATLAS,120.97,121.81,119.89,120.6,1920035
2022-11-24,ATLAS,120.78,123.74,120.05,121.65,1688151
2022-11-25,ATLAS,121.35,121.62,120.69,121.05,3927221
2022-11-28,ATLAS,121.06,123.59,120.98,123.16,1345363
2022-11-29,ATLAS,122.87,123.23,118.78,119.18,711801
2022-11-30,ATLAS,119.95,121.25,118.36,118.53,681943
2022-12-01,ATLAS,118.7,119.13,113.53,114.35,4467891
2022-12-02,ATLAS,114.25,115.0,111.29,111.34,2139627
2022-12-05,ATLAS,111.87,115.13,111.76,114.14,958245
2022-12-06,ATLAS,113.15,117.25,112.41,116.05,4455359
2022-12-07,ATLAS,115.12,115.3,114.22,114.62,1168803
2022-12-08,ATLAS,114.98,115.24,111.1,111.59,2015018
2022-12-09,ATLAS,111.61,111.82,105.28,105.7,593093
2022-12-12,ATLAS,105.8,105.91,104.07,104.73,3555833
2022-12-13,ATLAS,104.17,109.99,103.82,109.35,3646854
2022-12-14,ATLAS,109.34,110.3,108.94,110.28,3904461
2022-12-15,ATLAS,111.16,111.51,108.72,109.23,1683696
2022-12-16,ATLAS,109.59,110.34,108.95,110.21,1976453
2022-12-19,ATLAS,110.29,110.51,107.08,107.18,4721539
2022-12-20,ATLAS,106.99,107.9,105.76,106.67,4197383
2022-12-21,ATLAS,106.5,108.19,105.63,106.93,667206
2022-12-22,ATLAS,106.02,106.99,105.86,106.82,3613458
2022-12-23,ATLAS,106.93,108.45,106.41,108.41,4157329
2022-12-26,ATLAS,108.78,109.99,107.75,109.15,3016590
2022-12-27,ATLAS,108.46,110.55,108.42,,3379581
2022-12-28,ATLAS,110.23,110.27,109.14,109.22,504466
2022-12-29,ATLAS,108.72,112.49,108.49,111.05,635235
2022-12-30,ATLAS,110.62,115.0,110.03,114.38,657908
2023-01-02,ATLAS,114.4,114.68,111.46,112.45,1215395
2023-01-03,ATLAS,111.51,111.77,110.3,110.72,4958896
2023-01-04,ATLAS,110.99,114.23,110.47,113.45,3354590
2023-01-05,ATLAS,113.79,113.9,111.05,113.12,4020277
2023-01-06,ATLAS,113.01,116.76,112.27,116.05,1830132
2023-01-09,ATLAS,114.9,115.73,114.03,115.2,4719043
2023-01-10,ATLAS,114.74,118.35,114.38,118.28,1395116
2023-01-11,ATLAS,118.86,119.2,117.54,118.63,4560364
2023-01-12,ATLAS,117.31,119.71,117.27,119.25,638573
2023-01-13,ATLAS,119.09,123.03,118.68,122.69,591993
2023-01-16,ATLAS,122.11,122.25,120.61,121.96,855037
2023-01-17,ATLAS,122.35,122.81,119.48,119.97,4063312
2023-01-18,ATLAS,119.64,119.74,118.3,119.07,1658737
2023-01-19,ATLAS,119.26,120.7,117.91,120.11,2530155
2023-01-20,ATLAS,120.38,120.45,116.72,116.8,2620908
2023-01-23,ATLAS,117.66,118.76,116.07,118.21,4053011
2023-01-24,ATLAS,118.11,118.73,116.2,117.13,2069302
2023-01-25,ATLAS,117.31,120.2,116.93,119.62,530221
2023-01-26,ATLAS,118.91,120.2,113.97,114.54,2239146
2023-01-27,ATLAS,115.09,116.15,112.72,112.99,1796896
2023-01-30,ATLAS,112.64,112.82,109.42,109.62,3788958
2023-01-31,ATLAS,109.38,110.5,107.48,108.06,3880956
2023-02-01,ATLAS,108.05,109.07,107.56,108.61,913809
2023-02-02,ATLAS,107.93,108.82,107.19,108.32,4068593
2023-02-03,ATLAS,108.42,108.6,107.89,107.89,817213
2023-02-06,ATLAS,108.31,108.64,107.45,107.65,3288715
2023-02-07,ATLAS,107.77,109.02,107.44,108.11,2251775
2023-02-08,ATLAS,107.42,108.09,106.12,106.21,1855652
2023-02-09,ATLAS,106.16,108.14,105.9,107.62,2674337
2023-02-10,ATLAS,107.94,109.11,107.73,108.97,1896631
2023-02-13,ATLAS,108.15,110.05,107.62,109.79,4072386
2023-02-14,ATLAS,109.32,111.29,109.04,110.96,4850437
2023-02-15,ATLAS,111.35,112.23,111.28,111.62,4171096
2023-02-16,ATLAS,111.74,115.91,111.29,115.77,2476454
2023-02-17,ATLAS,115.96,116.3,115.2,115.66,2764783
2023-02-20,ATLAS,116.52,116.7,114.26,115.09,2512064
2023-02-21,ATLAS,115.31,115.35,112.93,113.6,4070932
2023-02-22,ATLAS,113.9,113.97,111.5,111.56,2985497
2023-02-23,ATLAS,112.77,112.91,108.56,109.12,2606562
2023-02-24,ATLAS,109.03,109.54,106.92,107.44,2342760
2023-02-27,ATLAS,107.1,107.73,106.74,107.37,2187704
2023-02-28,ATLAS,107.56,108.11,106.65,108.08,2987022
2023-03-01,ATLAS,108.27,108.8,107.58,108.25,3600478
2023-03-02,ATLAS,108.02,108.06,106.48,106.82,2445509
2023-03-03,ATLAS,106.38,108.63,106.12,108.62,4129976
2023-03-06,ATLAS,109.62,110.25,109.59,110.13,4220217
2023-03-07,ATLAS,110.27,111.73,109.12,109.88,2430852
2023-03-08,ATLAS,109.55,109.9,108.64,108.65,4590729
2023-03-09,ATLAS,109.05,110.07,108.26,109.79,1278686
2023-03-10,ATLAS,109.74,110.93,109.38,110.23,4694496
2023-03-13,ATLAS,110.11,110.18,107.11,107.42,1823450
2023-03-14,ATLAS,107.66,109.17,106.14,107.35,3039332
2023-03-15,ATLAS,106.8,108.17,106.8,107.92,1776129
2023-03-16,ATLAS,108.07,108.28,104.81,106.24,2489668
2023-03-17,ATLAS,107.05,107.56,106.44,106.67,2030277
2023-03-20,ATLAS,106.86,107.09,102.72,103.94,3673580
2023-03-21,ATLAS,103.78,106.66,102.8,106.5,865353
2023-03-22,ATLAS,106.28,109.51,105.11,108.95,4272456
2023-03-23,ATLAS,108.78,108.98,107.86,108.52,4567304
2023-03-24,ATLAS,108.41,110.13,107.82,109.3,3033420
2023-03-27,ATLAS,109.13,109.2,104.17,104.62,2962736
2023-03-28,ATLAS,105.01,105.22,102.37,102.51,3649914
2023-03-29,ATLAS,101.8,103.68,101.02,102.03,1395834
2023-03-30,ATLAS,102.38,102.62,99.73,100.12,3873782
2023-03-31,ATLAS,99.97,101.91,99.56,101.47,1484028
2023-04-03,ATLAS,101.62,105.62,101.07,105.18,3543771
2023-04-04,ATLAS,104.7,105.3,102.52,103.01,1875101
2023-04-05,ATLAS,103.56,104.14,101.35,101.52,3857601
2023-04-06,ATLAS,102.03,102.25,101.19,102.01,4059758
2023-04-07,ATLAS,102.4,105.11,102.21,105.03,1438903
2023-04-10,ATLAS,104.4,104.44,102.32,102.78,3278456
2023-04-11,ATLAS,103.13,103.76,102.59,103.31,2742685
2023-04-12,ATLAS,103.47,107.3,102.74,106.76,1823180
2023-04-13,ATLAS,106.07,106.75,102.99,103.65,3147208
2023-04-14,ATLAS,103.64,103.78,100.86,101.32,4966986
2023-04-17,ATLAS,101.47,101.83,98.95,100.61,511150
2023-04-18,ATLAS,100.83,101.03,98.67,99.72,4805942
2023-04-19,ATLAS,99.79,101.73,98.94,101.24,4351831
2023-04-20,ATLAS,101.36,102.16,101.12,101.74,2882181
2023-04-21,ATLAS,102.34,102.8,98.11,98.55,3245110
2023-04-24,ATLAS,99.04,99.84,98.06,99.53,2161360
2023-04-25,ATLAS,98.39,99.11,97.64,98.55,1081113
2023-04-26,ATLAS,98.43,101.66,98.41,100.87,3071642
2023-04-27,ATLAS,100.81,101.19,99.62,99.79,4173606
2023-04-28,ATLAS,99.09,99.45,98.63,98.71,1539989
2023-05-01,ATLAS,98.75,100.48,98.61,99.73,3726756
2023-05-02,ATLAS,100.23,102.87,99.27,101.16,3866234
2023-05-03,ATLAS,100.72,103.08,100.46,102.04,3912347
2023-05-04,ATLAS,102.17,102.63,98.57,99.0,2030000
2023-05-05,ATLAS,98.64,100.39,97.95,100.02,2264191
2023-05-08,ATLAS,99.75,100.26,97.53,98.22,2372954
2023-05-09,ATLAS,98.8,99.44,98.25,98.69,4343911
2023-05-10,ATLAS,98.48,98.66,96.05,96.22,4552024
2023-05-11,ATLAS,96.4,97.76,94.95,97.05,2363124
2023-05-12,ATLAS,96.33,96.52,94.48,95.7,4864897
2023-05-15,ATLAS,96.42,96.45,92.98,93.55,3067291
2023-05-16,ATLAS,93.78,95.08,93.48,94.81,2232760
2023-05-17,ATLAS,94.74,95.57,94.67,95.28,502890
2023-05-18,ATLAS,95.5,95.84,94.18,94.28,3249841
2023-05-19,ATLAS,93.75,97.02,92.65,96.8,3401929
2023-05-22,ATLAS,97.26,98.5,95.36,96.09,4857721
2023-05-23,ATLAS,95.97,96.34,95.95,96.2,3731791
2023-05-24,ATLAS,96.13,97.81,95.95,96.73,633534
2023-05-25,ATLAS,96.54,97.12,95.28,95.71,3051992
2023-05-26,ATLAS,95.49,97.59,95.47,96.58,3842503
2023-05-29,ATLAS,96.84,96.86,94.79,95.71,2734514
2023-05-30,ATLAS,95.81,95.88,94.25,95.06,2432080
2023-05-31,ATLAS,95.3,97.72,94.91,97.44,4144714
2023-06-01,ATLAS,97.44,98.62,94.51,95.68,3251172
2023-06-02,ATLAS,95.87,96.19,91.56,91.58,3566177
2023-06-05,ATLAS,91.43,94.7,90.86,94.29,2588468
2023-06-06,ATLAS,95.13,99.22,95.1,98.67,1751333
2023-06-07,ATLAS,98.05,98.64,97.99,98.01,2835909
2023-06-08,ATLAS,98.51,98.53,94.32,94.65,4815830
2023-06-09,ATLAS,95.17,95.27,94.11,94.18,3212015
2023-06-12,ATLAS,93.86,94.91,93.57,93.75,3682702
2023-06-13,ATLAS,94.59,94.69,93.05,93.49,1058598
2023-06-14,ATLAS,93.86,93.87,91.6,91.67,4945725
2023-06-15,ATLAS,92.03,92.8,91.69,92.68,1601161
2023-06-16,ATLAS,92.69,94.07,91.41,93.61,4870675
2023-06-19,ATLAS,93.53,93.84,91.1,91.15,2505926
2023-06-20,ATLAS,91.08,92.45,90.23,92.35,4635093
2023-06-21,ATLAS,92.5,95.87,92.39,95.82,4513154
2023-06-22,ATLAS,96.36,96.71,96.03,96.18,3899171
2023-06-23,ATLAS,96.25,96.87,94.89,95.65,4623834
2023-06-26,ATLAS,95.3,95.63,95.04,95.46,3242432
2023-06-27,ATLAS,95.78,96.84,95.66,96.58,4319485
2023-06-28,ATLAS,96.93,97.19,92.73,93.63,1274767
2023-06-29,ATLAS,93.87,94.3,93.75,93.96,816279
2023-06-30,ATLAS,94.24,94.48,92.58,93.36,2945081
2023-07-03,ATLAS,93.25,96.97,92.9,96.52,4144313
2023-07-04,ATLAS,96.16,96.84,95.22,96.27,3944194
2023-07-05,ATLAS,95.94,99.99,95.9,99.22,2875529
2023-07-06,ATLAS,98.57,99.62,95.91,97.31,2843857
2023-07-07,ATLAS,97.4,98.91,97.12,98.39,3244301
2023-07-10,ATLAS,98.36,99.03,97.91,99.02,4407076
2023-07-11,ATLAS,98.85,98.85,96.82,97.53,4288176
2023-07-12,ATLAS,96.38,97.96,95.03,97.9,993451
2023-07-13,ATLAS,97.41,100.49,96.93,100.1,3180835
2023-07-14,ATLAS,100.54,101.44,99.37,99.57,2214231
2023-07-17,ATLAS,99.31,99.36,95.88,96.6,4097355
2023-07-18,ATLAS,96.74,97.18,96.23,96.63,2776839
2023-07-19,ATLAS,96.09,96.14,93.99,95.12,4961044
2023-07-20,ATLAS,95.66,96.12,93.71,94.59,2445463
2023-07-21,ATLAS,94.53,95.16,94.35,94.5,3555999
2023-07-24,ATLAS,94.61,94.75,91.4,91.66,988639
2023-07-25,ATLAS,92.51,92.6,87.99,89.05,4695620
2023-07-26,ATLAS,89.59,90.19,89.02,89.87,1190877
2023-07-27,ATLAS,89.76,90.94,88.94,89.08,2202673
2023-07-28,ATLAS,88.87,89.02,84.65,85.02,4269277
2023-07-31,ATLAS,84.91,86.53,83.71,86.28,4853386
2023-08-01,ATLAS,86.45,87.31,86.27,86.75,2679729
2023-08-02,ATLAS,86.71,87.38,85.47,85.69,2681244
2023-08-03,ATLAS,85.55,86.37,83.65,83.71,719250
2023-08-04,ATLAS,84.2,85.49,83.7,85.02,4904929
2023-08-07,ATLAS,84.98,86.14,84.69,85.6,574210
2023-08-08,ATLAS,86.39,89.35,86.06,89.33,617387
2023-08-09,ATLAS,89.36,90.1,88.79,90.06,2630639
2023-08-10,ATLAS,90.7,91.23,90.49,90.74,516348
2023-08-11,ATLAS,90.87,91.03,89.41,90.52,1239704
2023-08-14,ATLAS,90.87,92.58,90.2,91.91,3324739
2023-08-15,ATLAS,91.64,93.44,90.81,92.99,3673066
2023-08-16,ATLAS,92.68,95.94,92.45,95.15,1841780
2023-08-17,ATLAS,95.32,95.86,93.88,94.31,4078955
2023-08-18,ATLAS,94.68,94.96,93.53,93.63,3234719
2023-08-21,ATLAS,93.64,93.99,92.87,92.88,1527335
2023-08-22,ATLAS,92.4,95.15,91.99,94.25,3705993
2023-08-23,ATLAS,93.74,97.28,92.98,96.85,3164796
2023-08-24,ATLAS,96.3,96.33,95.63,96.11,4154506
2023-08-25,ATLAS,95.43,96.1,95.27,95.43,1195000
2023-08-28,ATLAS,95.47,96.63,95.42,96.03,1538846
2023-08-29,ATLAS,96.46,96.51,95.33,95.66,1866121
2023-08-30,ATLAS,95.66,97.75,94.95,97.36,2036367
2023-08-31,ATLAS,96.48,97.86,93.27,93.47,4499579
2023-09-01,ATLAS,93.4,93.98,91.53,92.14,3796436
2023-09-04,ATLAS,92.08,92.73,90.63,90.89,2948441
2023-09-05,ATLAS,91.66,91.84,87.08,87.15,2932042
2023-09-06,ATLAS,86.64,86.77,85.64,85.69,4486499
2023-09-07,ATLAS,85.56,86.12,83.91,84.33,2510576
2023-09-08,ATLAS,84.91,85.19,84.04,84.08,1513615
2023-09-11,ATLAS,84.23,87.04,83.59,85.81,1116045
2023-09-12,ATLAS,86.01,86.41,85.43,85.49,1985109
2023-09-13,ATLAS,85.53,85.6,83.5,83.95,3439820
2023-09-14,ATLAS,84.06,84.16,83.67,83.92,2619284
2023-09-15,ATLAS,84.18,85.8,84.08,85.55,2398021
2023-09-18,ATLAS,85.27,85.68,83.91,84.1,2660360
2023-09-19,ATLAS,84.39,84.7,82.53,82.77,4886936
2023-09-20,ATLAS,82.32,83.76,82.06,83.65,4989415
2023-09-21,ATLAS,83.76,84.69,82.93,83.37,1225816
2023-09-22,ATLAS,83.43,84.62,82.72,84.39,1015003
2023-09-25,ATLAS,84.18,84.63,83.68,84.42,1599387
2023-09-26,ATLAS,84.41,86.1,83.94,85.54,4333842
2023-09-27,ATLAS,85.33,85.65,83.54,84.0,2567818
2023-09-28,ATLAS,83.64,84.49,83.6,84.03,4386569
2023-09-29,ATLAS,83.91,83.97,83.53,83.76,3410379
2023-10-02,ATLAS,83.39,84.92,81.42,81.98,2989393
2023-10-03,ATLAS,82.08,82.71,79.51,79.72,1766816
2023-10-04,ATLAS,79.35,81.66,79.13,80.75,2048167
2023-10-05,ATLAS,80.98,81.25,79.97,80.29,1164729
2023-10-06,ATLAS,79.91,80.86,78.71,78.86,2836517
2023-10-09,ATLAS,78.68,79.35,78.12,78.77,1761681
2023-10-10,ATLAS,78.57,80.42,78.48,80.42,1816104
2023-10-11,ATLAS,80.84,81.38,76.02,77.16,677960
2023-10-12,ATLAS,77.27,77.39,75.05,75.13,4095983
2023-10-13,ATLAS,75.07,75.27,73.8,73.93,4726676
2023-10-16,ATLAS,74.08,76.08,74.07,75.92,2742256
2023-10-17,ATLAS,75.28,76.67,75.16,76.35,2912145
2023-10-18,ATLAS,76.34,78.51,76.14,77.45,4666289
2023-10-19,ATLAS,78.07,78.52,74.96,75.91,2801672
2023-10-20,ATLAS,75.95,76.67,74.04,74.42,3302111
2023-10-23,ATLAS,74.44,75.27,74.06,75.07,2426428
2023-10-24,ATLAS,75.23,75.75,75.1,75.19,2814436
2023-10-25,ATLAS,75.46,76.53,74.75,75.98,2848388
2023-10-26,ATLAS,75.37,75.96,75.02,75.77,3699812
2023-10-27,ATLAS,75.26,76.72,74.69,76.19,3218843
2023-10-30,ATLAS,76.26,76.88,75.86,76.45,2767698
2023-10-31,ATLAS,76.24,78.77,76.23,77.57,841287
2023-11-01,ATLAS,77.98,79.1,77.17,78.74,4570278
2023-11-02,ATLAS,78.65,78.88,75.92,76.5,4497253
2023-11-03,ATLAS,75.9,76.04,72.99,73.45,1330006
2023-11-06,ATLAS,73.07,75.04,72.87,74.82,1819902
2023-11-07,ATLAS,73.99,76.87,73.5,76.46,4880069
2023-11-08,ATLAS,76.39,77.65,75.0,75.1,1944780
2023-11-09,ATLAS,75.04,75.24,72.4,72.63,4154857
2023-11-10,ATLAS,72.51,72.97,72.3,72.81,4035868
2023-11-13,ATLAS,73.12,74.29,72.8,74.07,4373300
2023-11-14,ATLAS,74.42,77.4,73.91,76.51,572003
2023-11-15,ATLAS,76.46,77.27,76.04,77.27,2673085
2023-11-16,ATLAS,76.61,77.39,76.54,76.8,3044800
2023-11-17,ATLAS,76.99,77.11,75.17,75.61,4267406
2023-11-20,ATLAS,75.78,76.15,75.11,75.67,1510102
2023-11-21,ATLAS,75.76,75.89,75.01,75.31,1880483
2023-11-22,ATLAS,75.6,76.22,73.56,73.98,1309552
2023-11-23,ATLAS,73.63,76.77,73.28,76.75,3928766
2023-11-24,ATLAS,77.36,79.5,76.52,79.26,4994926
2023-11-27,ATLAS,78.96,81.11,78.42,80.93,1132025
2023-11-28,ATLAS,81.17,81.31,79.0,79.64,1549019
2023-11-29,ATLAS,79.1,81.11,78.79,80.91,1881733
2023-11-30,ATLAS,80.61,82.99,79.63,81.89,4500635
2023-12-01,ATLAS,82.39,82.72,82.09,82.59,2505796
2023-12-04,ATLAS,82.5,84.71,82.0,84.5,1768708
2023-12-05,ATLAS,84.78,86.16,84.52,85.51,1950438
2023-12-06,ATLAS,85.6,87.3,85.19,86.71,3191536
2023-12-07,ATLAS,86.67,87.76,86.12,87.75,2241577
2023-12-08,ATLAS,88.23,89.61,88.19,88.34,1131844
2023-12-11,ATLAS,88.26,88.53,85.54,85.56,4190471
2023-12-12,ATLAS,84.95,86.88,84.56,85.74,2400049
2023-12-13,ATLAS,85.46,86.22,84.87,84.93,1655041
2023-12-14,ATLAS,85.12,85.21,82.38,83.03,3777952
2023-12-15,ATLAS,83.16,86.1,82.75,85.59,3853765
2023-12-18,ATLAS,85.05,88.78,84.93,88.31,1197664
2023-12-19,ATLAS,88.05,91.36,87.41,90.52,831704
2023-12-20,ATLAS,90.31,91.13,89.43,90.99,704363
2023-12-21,ATLAS,90.86,93.27,90.43,93.26,3945825
2023-12-22,ATLAS,92.74,93.61,92.58,93.33,3315836
2023-12-25,ATLAS,93.1,93.78,92.68,93.73,4064104
2023-12-26,ATLAS,93.45,95.01,91.57,91.94,3318829
2023-12-27,ATLAS,92.22,93.12,92.14,92.65,2307644
2023-12-28,ATLAS,92.95,93.54,92.35,92.81,3153006
2023-12-29,ATLAS,92.75,93.22,90.01,90.69,3751150
2021-01-04,HELIOS,60.19,61.75,60.19,61.4,2073528
2021-01-05,HELIOS,61.28,61.36,58.73,58.9,2186614
2021-01-06,HELIOS,58.8,59.4,58.29,59.29,4044130
2021-01-07,HELIOS,59.69,62.9,59.43,62.77,1971669
2021-01-08,HELIOS,62.59,63.39,62.07,62.43,836933
2021-01-11,HELIOS,62.26,63.81,61.72,63.48,3714539
2021-01-12,HELIOS,63.44,65.01,63.23,64.75,3479458
2021-01-13,HELIOS,64.86,65.33,62.45,62.47,3118121
2021-01-14,HELIOS,62.36,63.83,61.98,63.65,1144763
2021-01-15,HELIOS,63.25,63.26,60.21,60.6,3343106
2021-01-18,HELIOS,60.39,61.09,59.11,59.34,1392839
2021-01-19,HELIOS,59.64,61.73,59.12,61.63,2999853
2021-01-20,HELIOS,61.65,62.93,61.34,62.46,2785658
2021-01-21,HELIOS,62.58,62.59,61.76,61.86,3977118
2021-01-22,HELIOS,61.79,63.04,61.51,62.89,4894614
2021-01-25,HELIOS,62.72,62.85,62.71,62.82,1355183
2021-01-26,HELIOS,63.24,63.56,62.48,62.91,1016194
2021-01-27,HELIOS,62.86,64.68,62.37,64.42,3000704
2021-01-28,HELIOS,64.3,64.68,62.39,62.84,4783930
2021-01-29,HELIOS,63.12,63.36,62.54,62.99,1211458
2021-02-01,HELIOS,62.81,62.85,61.98,62.37,2693246
2021-02-02,HELIOS,62.22,62.3,58.8,58.97,2332633
2021-02-03,HELIOS,58.97,59.22,56.92,57.13,1931183
2021-02-04,HELIOS,57.13,60.79,56.56,60.32,3487972
2021-02-05,HELIOS,60.38,61.55,60.28,61.19,1829677
2021-02-08,HELIOS,61.71,61.98,57.96,58.42,2718822
2021-02-09,HELIOS,58.5,59.0,55.18,55.33,4304315
2021-02-10,HELIOS,54.8,55.84,54.14,55.17,2208161
2021-02-11,HELIOS,55.24,58.34,55.18,58.24,594960
2021-02-12,HELIOS,58.25,58.41,57.06,57.91,4482365
2021-02-15,HELIOS,57.93,61.11,57.86,60.62,1735263
2021-02-16,HELIOS,60.68,61.43,60.67,61.43,3977715
2021-02-17,HELIOS,61.42,62.7,60.95,62.5,3932501
2021-02-18,HELIOS,62.49,62.59,59.25,59.64,2868308
2021-02-19,HELIOS,59.79,62.06,59.61,61.66,895177
2021-02-22,HELIOS,61.53,62.38,60.76,61.0,4775239
2021-02-23,HELIOS,60.77,63.26,60.3,62.9,3563929
2021-02-24,HELIOS,63.66,64.06,60.75,61.17,2409643
2021-02-25,HELIOS,61.0,61.94,60.58,61.61,4342512
2021-02-26,HELIOS,61.64,63.04,61.51,62.44,4046328
2021-03-01,HELIOS,62.06,62.55,62.04,62.16,3921366
2021-03-02,HELIOS,62.19,63.15,62.17,63.1,1255713
2021-03-03,HELIOS,62.87,62.88,62.28,62.58,3347791
2021-03-04,HELIOS,62.47,62.77,60.65,61.22,1786066
2021-03-05,HELIOS,61.48,65.07,61.34,64.72,853179
2021-03-08,HELIOS,64.84,67.31,64.07,67.16,2021385
2021-03-09,HELIOS,67.31,67.42,65.09,65.44,968141
2021-03-10,HELIOS,64.98,67.05,64.88,66.81,976193
2021-03-11,HELIOS,67.3,67.37,64.81,65.14,3771677
2021-03-12,HELIOS,64.83,64.92,61.86,62.5,2758121
2021-03-15,HELIOS,62.88,64.83,62.13,64.83,2290427
2021-03-16,HELIOS,65.09,65.4,60.59,61.02,1365170
2021-03-17,HELIOS,61.17,63.69,61.16,63.06,3969299
2021-03-18,HELIOS,62.85,63.07,62.49,62.57,3353836
2021-03-19,HELIOS,62.61,62.91,61.95,62.17,3135138
2021-03-22,HELIOS,62.05,63.2,61.43,63.12,1355415
2021-03-23,HELIOS,63.13,64.74,62.97,64.47,1055966
2021-03-24,HELIOS,64.41,64.66,62.5,62.67,1055778
2021-03-25,HELIOS,62.16,64.37,62.14,64.31,612687
2021-03-26,HELIOS,64.6,65.18,64.47,64.63,4860890
2021-03-29,HELIOS,64.61,64.73,61.79,61.85,2154832
2021-03-30,HELIOS,61.73,61.76,61.49,61.54,3462081
2021-03-31,HELIOS,61.41,64.78,60.77,64.58,4920097
2021-04-01,HELIOS,64.67,69.04,64.58,68.44,4714029
2021-04-02,HELIOS,68.19,70.42,68.17,70.22,1942620
2021-04-05,HELIOS,69.59,70.16,67.02,67.37,2704495
2021-04-06,HELIOS,67.48,68.7,67.19,68.59,2583682
2021-04-07,HELIOS,68.73,70.74,68.17,70.7,650311
2021-04-08,HELIOS,70.65,72.98,69.96,72.57,3957322
2021-04-09,HELIOS,72.24,74.64,72.15,74.63,3084670
2021-04-12,HELIOS,74.66,75.66,74.4,75.66,2171539
2021-04-13,HELIOS,75.22,76.16,75.15,75.54,3012479
2021-04-14,HELIOS,75.23,75.48,73.77,74.01,3809547
2021-04-15,HELIOS,73.79,73.93,69.04,69.17,567390
2021-04-16,HELIOS,69.4,70.23,69.38,70.06,3407209
2021-04-19,HELIOS,69.96,70.78,69.9,70.58,4375589
2021-04-20,HELIOS,70.46,72.28,70.27,72.03,3768824
2021-04-21,HELIOS,72.6,72.8,68.61,68.73,3289868
2021-04-22,HELIOS,68.83,70.43,68.73,70.35,907449
2021-04-23,HELIOS,70.45,76.78,69.73,75.48,3851110
2021-04-26,HELIOS,75.37,75.99,74.15,75.77,3878013
2021-04-27,HELIOS,75.58,76.17,75.04,75.68,2722644
2021-04-28,HELIOS,75.02,77.34,74.45,76.57,3121971
2021-04-29,HELIOS,76.87,82.15,76.43,82.09,3282810
2021-04-30,HELIOS,82.24,83.02,79.19,79.24,1045056
2021-05-03,HELIOS,79.18,80.24,78.75,79.88,1658614
2021-05-04,HELIOS,79.83,79.84,77.45,77.72,4065362
2021-05-05,HELIOS,77.95,78.56,76.23,76.31,4881909
2021-05-06,HELIOS,75.84,77.0,75.6,76.26,1715428
2021-05-07,HELIOS,76.08,79.97,75.76,79.93,2303240
2021-05-10,HELIOS,79.57,85.07,79.45,85.05,4618819
2021-05-11,HELIOS,85.65,87.17,85.64,86.47,1230469
2021-05-12,HELIOS,86.77,87.11,84.6,85.41,1675320
2021-05-13,HELIOS,84.66,93.44,84.07,92.95,751619
2021-05-14,HELIOS,92.39,92.75,91.03,91.65,1556462
2021-05-17,HELIOS,91.6,91.88,89.5,89.91,3362773
2021-05-18,HELIOS,89.74,90.08,84.29,84.42,2067011
2021-05-19,HELIOS,83.97,89.75,83.66,88.62,4925209
2021-05-20,HELIOS,89.31,91.75,88.33,91.72,4511998
2021-05-21,HELIOS,91.83,100.45,91.01,99.57,4531075
2021-05-24,HELIOS,99.76,100.73,94.45,94.83,3768671
2021-05-25,HELIOS,94.56,99.87,92.99,99.76,3659470
2021-05-26,HELIOS,100.05,100.65,99.31,100.11,2793503
2021-05-27,HELIOS,99.95,103.46,98.86,103.03,4957690
2021-05-28,HELIOS,102.91,104.08,96.7,97.19,929146
2021-05-31,HELIOS,97.43,102.96,96.91,102.28,3752727
2021-06-01,HELIOS,101.62,105.84,100.98,105.2,1131152
2021-06-02,HELIOS,105.87,107.29,103.14,105.16,2026630
2021-06-03,HELIOS,105.24,108.11,103.8,107.64,1650291
2021-06-04,HELIOS,108.19,108.25,104.43,104.87,3205481
2021-06-07,HELIOS,104.41,104.69,101.73,102.84,4042449
2021-06-08,HELIOS,102.46,103.05,101.02,101.28,858949
2021-06-09,HELIOS,100.81,102.05,94.69,94.81,3207438
2021-06-10,HELIOS,94.91,97.88,94.83,97.77,1497571
2021-06-11,HELIOS,97.79,103.24,97.26,101.94,846493
2021-06-14,HELIOS,101.75,102.6,99.08,99.54,2378931
2021-06-15,HELIOS,99.14,101.91,98.28,100.85,3115697
2021-06-16,HELIOS,100.34,100.74,99.27,100.02,1408183
2021-06-17,HELIOS,100.0,101.67,99.75,101.27,2254118
2021-06-18,HELIOS,101.08,101.13,98.31,99.14,4790754
2021-06-21,HELIOS,98.87,98.91,95.26,96.18,2060396
2021-06-22,HELIOS,96.77,101.61,96.73,99.82,4980188
2021-06-23,HELIOS,99.78,100.43,98.55,99.69,4253997
2021-06-24,HELIOS,100.2,106.99,99.46,106.85,2169211
2021-06-25,HELIOS,106.62,107.52,106.11,107.13,3095635
2021-06-28,HELIOS,107.23,107.23,103.71,103.76,3691530
2021-06-29,HELIOS,103.74,108.39,103.66,108.32,2590892
2021-06-30,HELIOS,107.59,111.52,106.6,110.82,2334968
2021-07-01,HELIOS,111.45,113.82,111.16,113.75,1983814
2021-07-02,HELIOS,113.69,118.97,113.57,118.61,1127791
2021-07-05,HELIOS,118.96,119.19,115.88,116.01,612182
2021-07-06,HELIOS,115.67,116.06,115.58,115.61,2016170
2021-07-07,HELIOS,115.54,116.52,114.14,115.04,4080825
2021-07-08,HELIOS,114.64,115.28,109.95,109.95,1550172
2021-07-09,HELIOS,110.5,110.54,108.79,109.05,1308866
2021-07-12,HELIOS,109.19,115.06,108.82,114.26,1976351
2021-07-13,HELIOS,114.43,115.74,114.05,115.32,3195029
2021-07-14,HELIOS,115.95,116.1,109.08,110.0,1467597
2021-07-15,HELIOS,110.51,110.68,103.66,104.12,1491776
2021-07-16,HELIOS,104.44,110.61,103.5,110.3,1005553
2021-07-19,HELIOS,109.67,110.68,109.53,110.06,1994943
2021-07-20,HELIOS,109.75,110.53,107.22,107.67,1478427
2021-07-21,HELIOS,107.24,108.3,105.16,106.75,4240426
2021-07-22,HELIOS,107.06,107.21,100.99,101.34,4575906
2021-07-23,HELIOS,101.41,107.42,101.31,106.48,2167279
2021-07-26,HELIOS,105.89,106.53,104.82,105.13,883497
2021-07-27,HELIOS,105.05,110.52,104.93,110.26,893546
2021-07-28,HELIOS,109.6,111.46,109.28,110.57,1961404
2021-07-29,HELIOS,110.55,116.48,109.14,116.22,2585612
2021-07-30,HELIOS,115.45,117.9,114.81,117.38,2878024
2021-08-02,HELIOS,117.62,121.4,117.45,121.0,1868607
2021-08-03,HELIOS,121.18,124.49,120.95,124.16,2095306
2021-08-04,HELIOS,125.11,127.41,124.39,127.0,1776584
2021-08-05,HELIOS,127.43,129.22,126.3,128.67,2829231
2021-08-06,HELIOS,128.45,129.06,127.58,127.75,3636052
2021-08-09,HELIOS,128.17,137.42,126.93,136.44,695390
2021-08-10,HELIOS,135.68,136.4,132.09,132.25,2654209
2021-08-11,HELIOS,131.74,132.88,130.65,132.4,3418563
2021-08-12,HELIOS,132.58,133.34,132.4,132.6,3526486
2021-08-13,HELIOS,131.46,136.2,131.41,134.6,3035654
2021-08-16,HELIOS,134.58,135.68,132.03,132.71,2863138
2021-08-17,HELIOS,132.17,134.62,131.69,134.31,3564348
2021-08-18,HELIOS,134.36,135.18,131.25,133.65,2202685
2021-08-19,HELIOS,133.07,133.38,125.97,126.38,3052660
2021-08-20,HELIOS,126.6,126.63,125.79,126.55,1937587
2021-08-23,HELIOS,126.56,126.77,120.76,121.8,2470566
2021-08-24,HELIOS,122.49,122.76,114.4,114.53,1058384
2021-08-25,HELIOS,114.53,115.41,114.25,115.19,2075636
2021-08-26,HELIOS,114.84,117.89,113.71,117.28,1139368
2021-08-27,HELIOS,117.16,120.69,116.67,119.56,1518958
2021-08-30,HELIOS,118.91,122.44,118.37,122.05,2387587
2021-08-31,HELIOS,122.25,123.75,113.88,113.91,2750304
2021-09-01,HELIOS,114.18,114.61,108.04,108.6,4738956
2021-09-02,HELIOS,109.68,116.38,109.03,116.21,617236
2021-09-03,HELIOS,115.92,116.54,111.38,112.07,4543530
2021-09-06,HELIOS,111.95,114.81,110.93,114.58,1977083
2021-09-07,HELIOS,114.31,114.82,111.22,111.94,3758743
2021-09-08,HELIOS,112.03,112.49,111.92,112.36,3550425
2021-09-09,HELIOS,112.53,113.11,109.92,109.98,4868812
2021-09-10,HELIOS,109.96,112.73,108.83,112.25,989226
2021-09-13,HELIOS,112.74,113.44,112.64,112.9,4852339
2021-09-14,HELIOS,112.63,113.18,110.84,111.25,783010
2021-09-15,HELIOS,111.68,112.39,106.41,107.27,4447880
2021-09-16,HELIOS,107.5,108.47,107.18,108.38,3434803
2021-09-17,HELIOS,108.38,110.48,103.83,103.89,2668613
2021-09-20,HELIOS,103.76,106.22,103.36,105.55,2289986
2021-09-21,HELIOS,106.57,115.58,106.03,115.36,921185
2021-09-22,HELIOS,114.98,121.56,113.46,120.92,4108212
2021-09-23,HELIOS,121.07,124.16,120.81,124.08,3775781
2021-09-24,HELIOS,123.71,124.9,122.51,123.84,4717900
2021-09-27,HELIOS,124.72,126.0,114.56,115.56,3786886
2021-09-28,HELIOS,115.97,116.99,110.07,110.32,4806682
2021-09-29,HELIOS,110.02,115.93,109.83,115.39,4490628
2021-09-30,HELIOS,115.62,116.5,111.88,112.31,2415167
2021-10-01,HELIOS,112.43,112.76,109.48,109.68,3666745
2021-10-04,HELIOS,109.45,110.27,108.79,109.15,1689472
2021-10-05,HELIOS,109.48,110.46,104.69,105.2,4078543
2021-10-06,HELIOS,105.37,105.52,100.33,100.79,3238761
2021-10-07,HELIOS,100.88,101.19,99.42,100.71,2481466
2021-10-08,HELIOS,100.7,101.24,97.64,97.67,3326868
2021-10-11,HELIOS,97.84,98.13,94.47,95.24,1747341
2021-10-12,HELIOS,95.32,95.63,91.98,92.73,3300552
2021-10-13,HELIOS,92.75,95.07,92.32,94.52,2636653
2021-10-14,HELIOS,94.27,94.33,93.81,93.84,1948003
2021-10-15,HELIOS,94.48,95.33,92.86,93.35,4889880
2021-10-18,HELIOS,92.96,96.54,92.66,95.39,786882
2021-10-19,HELIOS,95.56,95.98,94.54,95.01,3909645
2021-10-20,HELIOS,94.89,95.32,94.09,94.18,1445021
2021-10-21,HELIOS,94.85,96.33,94.43,95.83,1501340
2021-10-22,HELIOS,95.48,98.82,95.25,98.17,1194887
2021-10-25,HELIOS,97.88,98.24,97.06,97.76,960841
2021-10-26,HELIOS,97.38,98.48,96.22,98.13,1057551
2021-10-27,HELIOS,98.26,98.65,95.49,95.55,4247033
2021-10-28,HELIOS,95.02,96.07,92.4,92.76,4668274
2021-10-29,HELIOS,92.59,95.42,92.29,95.35,3131504
2021-11-01,HELIOS,94.53,97.21,93.94,96.93,562314
2021-11-02,HELIOS,97.03,98.83,96.89,98.57,4390240
2021-11-03,HELIOS,98.38,100.82,97.73,99.64,3208359
2021-11-04,HELIOS,99.05,100.82,98.74,99.9,2843922
2021-11-05,HELIOS,100.34,102.67,99.81,102.44,4763632
2021-11-08,HELIOS,101.9,106.52,101.81,105.89,2344089
2021-11-09,HELIOS,106.23,109.97,105.91,109.38,2120239
2021-11-10,HELIOS,109.07,109.29,107.99,109.1,4009181
2021-11-11,HELIOS,109.8,114.77,109.57,114.5,2871941
2021-11-12,HELIOS,114.85,116.19,114.4,115.53,3725962
2021-11-15,HELIOS,115.07,118.75,114.57,118.21,3631026
2021-11-16,HELIOS,117.77,120.16,116.96,119.49,4277489
2021-11-17,HELIOS,119.78,121.93,119.09,120.65,1927263
2021-11-18,HELIOS,120.52,120.87,116.89,117.66,824131
2021-11-19,HELIOS,117.58,121.31,116.64,120.67,2649433
2021-11-22,HELIOS,121.28,133.07,120.7,132.8,3413986
2021-11-23,HELIOS,132.4,134.33,130.96,131.19,4176962
2021-11-24,HELIOS,131.24,131.73,131.18,131.65,1701746
2021-11-25,HELIOS,132.15,133.31,127.71,129.73,3854100
2021-11-26,HELIOS,130.15,130.72,126.07,127.64,4244887
2021-11-29,HELIOS,127.56,134.7,126.87,134.67,4138022
2021-11-30,HELIOS,134.51,135.01,130.01,131.63,4136320
2021-12-01,HELIOS,130.71,131.03,128.45,129.58,4943030
2021-12-02,HELIOS,129.03,129.62,121.91,122.51,3475169
2021-12-03,HELIOS,122.66,123.26,117.8,119.38,2166473
2021-12-06,HELIOS,119.32,120.02,112.12,112.36,2464171
2021-12-07,HELIOS,112.4,115.78,111.65,114.96,3861910
2021-12-08,HELIOS,115.44,127.49,114.69,126.34,1564405
2021-12-09,HELIOS,125.74,127.1,123.82,124.84,3212530
2021-12-10,HELIOS,124.73,124.83,117.14,117.69,3077291
2021-12-13,HELIOS,117.77,121.74,117.27,121.51,3499721
2021-12-14,HELIOS,121.17,122.15,117.25,118.54,2395715
2021-12-15,HELIOS,119.22,124.58,118.73,124.05,3829432
2021-12-16,HELIOS,124.5,125.24,122.79,122.95,821447
2021-12-17,HELIOS,123.09,123.86,119.42,120.35,3873790
2021-12-20,HELIOS,121.22,121.58,119.48,119.72,4153496
2021-12-21,HELIOS,119.01,123.15,118.64,123.02,4485853
2021-12-22,HELIOS,123.02,123.04,121.82,122.16,4652560
2021-12-23,HELIOS,122.34,123.13,119.43,120.16,2071947
2021-12-24,HELIOS,119.72,120.27,118.74,119.45,708736
2021-12-27,HELIOS,119.59,120.54,113.67,114.25,3440666
2021-12-28,HELIOS,113.74,117.29,113.06,115.95,905995
2021-12-29,HELIOS,116.27,116.45,108.79,108.82,1761306
2021-12-30,HELIOS,109.28,109.73,107.02,107.23,3661143
2021-12-31,HELIOS,107.35,111.2,106.89,110.19,3175559
2022-01-03,HELIOS,109.37,111.91,109.01,111.47,3229908
2022-01-04,HELIOS,111.04,114.46,109.88,113.88,3880288
2022-01-05,HELIOS,114.14,114.16,113.53,113.74,1241257
2022-01-06,HELIOS,113.75,119.67,113.63,,4059504
2022-01-07,HELIOS,117.23,123.95,117.05,122.46,3139414
2022-01-10,HELIOS,123.07,125.1,121.26,124.5,2390560
2022-01-11,HELIOS,124.56,129.07,123.59,128.66,2586474
2022-01-12,HELIOS,128.24,132.61,127.69,132.17,2789241
2022-01-13,HELIOS,132.7,133.01,130.06,130.27,2976619
2022-01-14,HELIOS,129.92,130.23,124.11,124.27,2002324
2022-01-17,HELIOS,123.93,126.46,123.82,126.23,1503661
2022-01-18,HELIOS,126.41,130.07,125.87,128.76,1260663
2022-01-19,HELIOS,129.68,134.69,129.34,133.81,2033178
2022-01-20,HELIOS,134.68,135.53,128.43,129.56,1672328
2022-01-21,HELIOS,129.74,130.36,124.59,125.58,2822619
2022-01-24,HELIOS,125.81,128.41,124.96,127.72,4604616
2022-01-25,HELIOS,128.13,128.37,127.16,127.53,986437
2022-01-26,HELIOS,126.89,127.75,118.93,119.24,1890362
2022-01-27,HELIOS,119.55,121.06,118.12,120.93,721182
2022-01-28,HELIOS,120.57,120.72,112.53,113.21,4886417
2022-01-31,HELIOS,113.35,113.43,108.95,109.58,3653446
2022-02-01,HELIOS,109.48,116.26,109.3,114.87,1586651
2022-02-02,HELIOS,115.1,122.38,114.9,122.32,2364090
2022-02-03,HELIOS,122.38,122.87,116.22,117.24,3753819
2022-02-04,HELIOS,115.8,116.83,115.25,116.0,4809746
2022-02-07,HELIOS,116.09,117.29,115.75,116.29,3082564
2022-02-08,HELIOS,116.59,124.03,115.69,123.66,1719097
2022-02-09,HELIOS,123.88,123.9,121.5,121.65,3635915
2022-02-10,HELIOS,121.6,122.01,119.64,119.74,3585860
2022-02-11,HELIOS,120.53,126.58,120.4,126.35,3397810
2022-02-14,HELIOS,126.51,127.26,124.15,124.82,706855
2022-02-15,HELIOS,125.04,128.74,123.94,128.1,3680368
2022-02-16,HELIOS,128.64,128.64,121.07,121.61,588310
2022-02-17,HELIOS,121.78,122.42,120.98,121.0,4574961
2022-02-18,HELIOS,120.56,121.96,113.37,114.09,4468814
2022-02-21,HELIOS,112.98,113.02,108.62,109.99,3035612
2022-02-22,HELIOS,109.78,113.62,109.69,113.33,3407285
2022-02-23,HELIOS,113.68,113.77,112.26,113.25,805319
2022-02-24,HELIOS,113.09,113.43,110.97,112.1,4434915
2022-02-25,HELIOS,112.45,112.55,109.04,109.27,1718714
2022-02-28,HELIOS,109.33,110.6,107.26,108.54,1679474
2022-03-01,HELIOS,109.09,110.0,109.07,109.79,3686985
2022-03-02,HELIOS,109.66,113.87,109.03,113.67,4724977
2022-03-03,HELIOS,113.89,115.25,103.06,103.34,2723335
2022-03-04,HELIOS,103.55,103.89,100.13,100.44,2783820
2022-03-07,HELIOS,101.04,102.2,100.63,101.1,2968483
2022-03-08,HELIOS,100.41,100.85,99.17,100.85,1810126
2022-03-09,HELIOS,100.66,103.47,99.89,102.37,3184612
2022-03-10,HELIOS,102.72,103.9,102.33,103.44,4824430
2022-03-11,HELIOS,104.07,104.27,101.94,102.43,2221831
2022-03-14,HELIOS,102.53,102.57,99.94,100.65,3978886
2022-03-15,HELIOS,100.53,100.91,99.76,99.88,3982529
2022-03-16,HELIOS,100.19,104.05,99.13,104.0,4328749
2022-03-17,HELIOS,104.36,104.92,100.17,101.44,3755906
2022-03-18,HELIOS,101.29,101.33,100.28,101.32,4646516
2022-03-21,HELIOS,101.45,102.26,101.24,102.07,3714347
2022-03-22,HELIOS,102.55,107.91,101.91,107.75,4892702
2022-03-23,HELIOS,108.56,109.21,106.09,106.72,3718895
2022-03-24,HELIOS,107.04,111.22,106.85,110.41,4266087
2022-03-25,HELIOS,110.43,115.74,110.01,115.28,4506611
2022-03-28,HELIOS,115.26,115.72,115.09,115.14,4925322
2022-03-29,HELIOS,115.39,115.66,114.08,114.4,3179267
2022-03-30,HELIOS,114.35,115.4,112.1,113.2,3696008
2022-03-31,HELIOS,113.29,114.07,111.93,112.3,4851824
2022-04-01,HELIOS,111.83,116.64,111.38,115.77,2211079
2022-04-04,HELIOS,116.37,117.01,114.51,116.82,1036367
2022-04-05,HELIOS,116.29,118.56,116.24,117.9,4479247
2022-04-06,HELIOS,117.7,117.89,111.96,113.38,3343815
2022-04-07,HELIOS,113.42,114.51,108.78,109.65,2428176
2022-04-08,HELIOS,110.52,118.99,109.3,117.99,3726169
2022-04-11,HELIOS,117.79,118.93,117.15,117.37,646945
2022-04-12,HELIOS,117.06,117.64,113.48,114.3,2647491
2022-04-13,HELIOS,114.05,120.35,112.88,120.14,1694621
2022-04-14,HELIOS,120.94,121.9,120.76,121.45,1796937
2022-04-15,HELIOS,120.08,124.35,119.53,124.03,4861927
2022-04-18,HELIOS,123.53,124.42,123.51,123.55,2975168
2022-04-19,HELIOS,124.9,126.22,120.38,122.3,1131944
2022-04-20,HELIOS,122.59,123.46,120.9,121.69,2141364
2022-04-21,HELIOS,121.16,121.38,115.9,115.93,1591933
2022-04-22,HELIOS,115.91,116.42,115.1,115.69,4591058
2022-04-25,HELIOS,115.72,117.93,114.37,117.0,1810718
2022-04-26,HELIOS,117.4,124.7,117.13,124.69,2105565
2022-04-27,HELIOS,125.61,125.79,124.44,125.19,2003699
2022-04-28,HELIOS,125.39,126.26,114.09,115.09,1290681
2022-04-29,HELIOS,114.84,115.94,114.67,114.83,4010811
2022-05-02,HELIOS,115.19,125.98,115.14,125.95,3093751
2022-05-03,HELIOS,125.6,130.74,124.31,129.9,2466401
2022-05-04,HELIOS,129.36,129.75,126.17,126.34,2281966
2022-05-05,HELIOS,125.45,129.68,125.32,129.08,3500081
2022-05-06,HELIOS,128.27,129.26,125.21,125.86,931541
2022-05-09,HELIOS,125.41,125.81,119.07,120.02,4692964
2022-05-10,HELIOS,119.46,120.12,118.52,118.68,3041790
2022-05-11,HELIOS,118.83,120.15,118.5,119.18,1524456
2022-05-12,HELIOS,118.6,119.77,111.39,111.49,2920308
2022-05-13,HELIOS,110.08,110.49,106.57,107.11,4334234
2022-05-16,HELIOS,106.67,107.88,106.31,107.26,1279386
2022-05-17,HELIOS,107.06,107.22,105.36,105.83,2857315
2022-05-18,HELIOS,105.58,108.18,105.49,107.4,3189371
2022-05-19,HELIOS,108.06,108.67,102.02,102.94,4145156
2022-05-20,HELIOS,102.69,106.38,102.18,105.62,3053115
2022-05-23,HELIOS,105.99,106.11,101.26,101.35,3813842
2022-05-24,HELIOS,101.34,107.3,101.23,107.28,3981256
2022-05-25,HELIOS,107.26,107.72,100.91,100.94,4510081
2022-05-26,HELIOS,100.61,100.98,96.23,97.18,2127064
2022-05-27,HELIOS,97.16,99.11,96.34,98.7,3667410
2022-05-30,HELIOS,98.4,104.61,97.94,104.55,1619417
2022-05-31,HELIOS,104.62,106.45,103.98,105.81,4299339
2022-06-01,HELIOS,105.71,109.48,105.31,108.0,4780489
2022-06-02,HELIOS,107.59,109.15,107.19,108.17,1823945
2022-06-03,HELIOS,108.6,108.81,103.63,104.39,3025478
2022-06-06,HELIOS,104.57,105.25,102.09,102.71,4200526
2022-06-07,HELIOS,102.52,103.15,98.33,98.45,622129
2022-06-08,HELIOS,98.51,99.07,93.72,94.15,3672589
2022-06-09,HELIOS,94.11,95.95,93.95,95.56,4193202
2022-06-10,HELIOS,95.23,95.57,91.9,91.9,4420518
2022-06-13,HELIOS,91.93,93.06,91.56,93.02,1385411
2022-06-14,HELIOS,92.79,92.97,88.39,88.88,3907245
2022-06-15,HELIOS,88.54,90.15,88.17,89.89,4037163
2022-06-16,HELIOS,89.3,89.31,87.65,88.44,512831
2022-06-17,HELIOS,88.31,93.62,88.15,92.88,3673230
2022-06-20,HELIOS,93.09,94.44,93.08,94.03,3318000
2022-06-21,HELIOS,93.77,98.22,93.34,98.19,4859661
2022-06-22,HELIOS,99.18,99.87,95.68,95.69,693548
2022-06-23,HELIOS,96.03,96.44,95.8,95.97,4845106
2022-06-24,HELIOS,96.47,97.4,92.76,92.77,3071391
2022-06-27,HELIOS,93.07,93.09,91.03,91.52,1734847
2022-06-28,HELIOS,92.2,92.92,90.41,90.78,2243652
2022-06-29,HELIOS,90.49,90.58,88.49,88.56,3949023
2022-06-30,HELIOS,87.65,87.76,84.88,84.88,4982216
2022-07-01,HELIOS,84.73,85.17,80.35,80.77,1925847
2022-07-04,HELIOS,80.95,81.8,74.19,74.23,4926723
2022-07-05,HELIOS,74.28,74.74,70.79,71.56,3331390
2022-07-06,HELIOS,71.64,73.53,71.57,73.21,1364069
2022-07-07,HELIOS,73.59,73.84,69.09,69.18,3189857
2022-07-08,HELIOS,69.29,70.06,65.87,65.94,4107953
2022-07-11,HELIOS,66.15,70.68,65.63,70.14,745445
2022-07-12,HELIOS,69.88,70.14,68.22,68.65,855113
2022-07-13,HELIOS,68.35,69.86,68.13,69.49,523317
2022-07-14,HELIOS,69.94,71.36,69.46,71.12,3066682
2022-07-15,HELIOS,71.15,72.91,71.13,72.84,759938
2022-07-18,HELIOS,72.66,73.12,68.83,69.03,4694475
2022-07-19,HELIOS,68.86,68.92,68.04,68.54,1075739
2022-07-20,HELIOS,68.36,68.76,64.13,64.73,822251
2022-07-21,HELIOS,64.54,70.54,64.06,70.33,1659436
2022-07-22,HELIOS,69.97,70.31,66.14,66.48,3934331
2022-07-25,HELIOS,66.08,66.67,63.92,64.11,4581298
2022-07-26,HELIOS,64.06,64.2,61.16,61.84,1629516
2022-07-27,HELIOS,61.69,62.03,58.57,58.66,2833847
2022-07-28,HELIOS,58.92,61.6,58.82,61.5,3981923
2022-07-29,HELIOS,61.57,66.96,61.3,66.77,4086012
2022-08-01,HELIOS,66.84,67.03,65.33,65.73,1188131
2022-08-02,HELIOS,65.53,65.68,62.54,62.75,4272402
2022-08-03,HELIOS,62.72,62.82,57.83,57.9,4402751
2022-08-04,HELIOS,57.99,58.36,57.15,57.47,3807243
2022-08-05,HELIOS,57.63,57.94,56.49,56.89,2872615
2022-08-08,HELIOS,56.87,57.08,55.64,55.65,2261233
2022-08-09,HELIOS,55.89,56.43,55.51,56.13,4502322
2022-08-10,HELIOS,56.14,57.3,55.81,56.97,4387367
2022-08-11,HELIOS,57.15,57.9,56.95,57.67,2831996
2022-08-12,HELIOS,57.56,57.74,56.92,57.09,3839223
2022-08-15,HELIOS,56.67,56.68,54.84,54.94,2299529
2022-08-16,HELIOS,55.0,56.76,54.79,56.28,3844181
2022-08-17,HELIOS,56.44,56.72,56.34,56.36,901962
2022-08-18,HELIOS,56.49,58.45,56.1,58.17,4557084
2022-08-19,HELIOS,58.27,60.52,58.12,59.84,2819967
2022-08-22,HELIOS,59.75,60.0,56.53,56.92,3193985
2022-08-23,HELIOS,56.73,57.07,54.09,54.12,1352260
2022-08-24,HELIOS,54.24,54.47,52.68,52.74,2878584
2022-08-25,HELIOS,52.83,52.91,50.73,50.84,514197
2022-08-26,HELIOS,50.73,52.98,50.11,52.24,4505731
2022-08-29,HELIOS,52.47,53.0,52.3,52.93,3869905
2022-08-30,HELIOS,52.75,55.2,51.76,55.02,2545077
2022-08-31,HELIOS,54.89,56.1,54.85,55.84,4261269
2022-09-01,HELIOS,56.21,56.42,56.17,56.3,4152068
2022-09-02,HELIOS,56.5,58.94,56.25,58.73,1035848
2022-09-05,HELIOS,58.64,59.96,58.06,59.75,742308
2022-09-06,HELIOS,59.82,60.21,59.47,59.95,1641020
2022-09-07,HELIOS,59.99,63.41,59.21,63.12,505804
2022-09-08,HELIOS,62.42,63.62,62.21,63.44,3079097
2022-09-09,HELIOS,63.21,64.05,61.85,62.82,2877316
2022-09-12,HELIOS,62.81,63.22,60.82,61.04,2920901
2022-09-13,HELIOS,60.96,62.89,60.53,62.61,831253
2022-09-14,HELIOS,62.67,65.41,62.56,65.38,4631883
2022-09-15,HELIOS,65.68,66.05,64.83,65.33,4894443
2022-09-16,HELIOS,65.25,68.6,64.76,68.39,3157431
2022-09-19,HELIOS,68.1,68.6,63.37,63.74,524755
2022-09-20,HELIOS,63.82,63.89,63.65,63.68,2281884
2022-09-21,HELIOS,63.6,63.82,63.27,63.65,3731673
2022-09-22,HELIOS,63.61,63.77,61.89,62.1,3869271
2022-09-23,HELIOS,62.02,67.35,61.47,67.34,1595231
2022-09-26,HELIOS,67.94,68.57,67.21,67.25,4202155
2022-09-27,HELIOS,66.65,66.9,66.14,66.36,4853984
2022-09-28,HELIOS,66.26,66.65,65.8,66.49,2789024
2022-09-29,HELIOS,66.48,66.65,61.2,61.89,2216937
2022-09-30,HELIOS,61.7,61.73,59.85,60.31,2867578
2022-10-03,HELIOS,60.52,62.98,60.48,62.44,622775
2022-10-04,HELIOS,62.65,62.95,60.77,61.13,2855524
2022-10-05,HELIOS,61.12,61.48,59.22,59.42,621210
2022-10-06,HELIOS,59.35,62.45,58.8,62.2,656549
2022-10-07,HELIOS,62.17,65.43,61.91,65.18,2990180
2022-10-10,HELIOS,65.15,66.75,65.06,66.43,2798558
2022-10-11,HELIOS,66.41,66.74,65.01,65.43,4940203
2022-10-12,HELIOS,65.39,65.45,64.57,64.95,2784537
2022-10-13,HELIOS,65.02,65.57,62.39,63.19,4908980
2022-10-14,HELIOS,63.38,63.55,60.41,61.05,4131999
2022-10-17,HELIOS,60.75,60.83,58.76,58.88,2017728
2022-10-18,HELIOS,58.63,58.71,57.23,57.67,4667763
2022-10-19,HELIOS,57.26,57.28,55.15,55.64,2672166
2022-10-20,HELIOS,55.83,56.07,52.47,52.65,3177264
2022-10-21,HELIOS,52.7,53.3,52.31,53.1,952051
2022-10-24,HELIOS,53.21,53.61,53.19,53.59,1456652
2022-10-25,HELIOS,53.29,56.89,53.11,56.84,2849795
2022-10-26,HELIOS,57.24,57.36,54.98,55.56,1720571
2022-10-27,HELIOS,55.43,56.58,54.78,56.19,3198657
2022-10-28,HELIOS,56.23,57.17,56.21,56.87,859604
2022-10-31,HELIOS,57.06,57.82,56.24,56.42,1629777
2022-11-01,HELIOS,56.19,58.14,55.88,57.94,3493218
2022-11-02,HELIOS,57.82,60.01,57.48,59.57,3254514
2022-11-03,HELIOS,59.62,60.36,59.13,60.32,4926465
2022-11-04,HELIOS,61.01,61.14,59.75,59.84,4548617
2022-11-07,HELIOS,59.91,60.13,59.11,59.15,4147811
2022-11-08,HELIOS,59.53,59.96,56.21,56.38,504298
2022-11-09,HELIOS,56.65,56.67,54.75,54.84,3211101
2022-11-10,HELIOS,54.92,55.47,52.88,53.7,1530201
2022-11-11,HELIOS,53.49,54.04,51.61,51.64,1701119
2022-11-14,HELIOS,51.86,52.8,51.73,52.49,1444638
2022-11-15,HELIOS,52.18,54.85,51.86,54.74,2551565
2022-11-16,HELIOS,55.09,55.42,52.98,53.06,1057487
2022-11-17,HELIOS,53.1,53.87,52.64,53.64,2893062
2022-11-18,HELIOS,53.07,53.12,51.7,51.75,1247455
2022-11-21,HELIOS,51.68,51.85,51.17,51.25,2752053
2022-11-22,HELIOS,51.38,51.58,49.52,50.06,3316606
2022-11-23,HELIOS,50.01,51.22,49.53,51.17,1308537
2022-11-24,HELIOS,51.31,51.36,49.45,50.0,962124
2022-11-25,HELIOS,49.83,51.9,49.72,51.82,4128163
2022-11-28,HELIOS,51.55,51.7,51.01,51.43,3823392
2022-11-29,HELIOS,51.41,51.59,49.93,50.31,1676548
2022-11-30,HELIOS,50.32,50.72,48.14,48.15,4491601
2022-12-01,HELIOS,48.09,49.1,48.02,48.63,1495235
2022-12-02,HELIOS,48.87,50.95,48.62,50.2,4669644
2022-12-05,HELIOS,50.03,50.87,49.84,50.73,1009778
2022-12-06,HELIOS,50.79,55.19,50.55,54.76,3470791
2022-12-07,HELIOS,54.77,57.82,54.45,57.55,586255
2022-12-08,HELIOS,57.19,57.37,56.58,56.99,1388283
2022-12-09,HELIOS,56.69,57.15,56.29,56.41,2321140
2022-12-12,HELIOS,56.42,57.81,56.34,57.4,883834
2022-12-13,HELIOS,57.85,57.89,55.56,55.77,2556384
2022-12-14,HELIOS,55.9,58.17,55.9,58.1,1544112
2022-12-15,HELIOS,57.7,59.2,57.57,58.9,945292
2022-12-16,HELIOS,58.16,59.61,57.88,59.48,4828807
2022-12-19,HELIOS,59.66,61.55,58.92,60.97,4918237
2022-12-20,HELIOS,60.95,64.95,60.74,64.71,4830553
2022-12-21,HELIOS,65.01,65.6,64.4,65.16,1193448
2022-12-22,HELIOS,64.93,65.0,64.86,64.97,2218634
2022-12-23,HELIOS,65.06,68.63,64.75,68.47,1973390
2022-12-26,HELIOS,68.7,71.05,68.39,70.85,1966061
2022-12-27,HELIOS,70.73,71.08,69.64,70.13,2374716
2022-12-28,HELIOS,70.01,70.64,69.65,70.21,2795047
2022-12-29,HELIOS,70.22,70.93,69.76,70.76,2683143
2022-12-30,HELIOS,70.91,71.94,70.13,71.73,1812596
2023-01-02,HELIOS,71.72,72.37,68.29,68.39,4909215
2023-01-03,HELIOS,68.66,69.09,64.76,64.77,4908481
2023-01-04,HELIOS,64.65,64.86,62.63,62.82,1990492
2023-01-05,HELIOS,62.49,62.55,60.64,60.76,1495496
2023-01-06,HELIOS,61.24,61.45,58.85,59.46,2897208
2023-01-09,HELIOS,59.31,61.12,58.95,60.84,2161142
2023-01-10,HELIOS,60.7,60.77,60.19,60.54,4942162
2023-01-11,HELIOS,60.52,61.38,59.94,61.01,2432168
2023-01-12,HELIOS,61.03,61.05,58.24,58.46,679013
2023-01-13,HELIOS,58.37,58.43,56.84,57.57,1062788
2023-01-16,HELIOS,57.57,59.15,57.41,58.82,835579
2023-01-17,HELIOS,58.81,60.24,58.76,60.1,2222711
2023-01-18,HELIOS,60.14,60.31,58.4,58.63,1924275
2023-01-19,HELIOS,58.08,59.14,58.03,59.03,4355288
2023-01-20,HELIOS,59.47,63.7,58.84,63.63,4507637
2023-01-23,HELIOS,63.59,63.92,63.33,63.65,1131624
2023-01-24,HELIOS,63.8,63.91,62.05,62.17,4750674
2023-01-25,HELIOS,61.83,61.98,61.81,61.85,3128098
2023-01-26,HELIOS,61.74,62.75,61.59,62.12,1880641
2023-01-27,HELIOS,61.95,62.45,61.52,61.85,2329867
2023-01-30,HELIOS,62.21,62.45,61.57,61.84,2486198
2023-01-31,HELIOS,61.7,61.84,58.37,58.78,1267415
2023-02-01,HELIOS,58.96,58.99,56.68,56.86,4403377
2023-02-02,HELIOS,56.71,57.14,55.91,56.62,555512
2023-02-03,HELIOS,56.52,56.59,55.85,56.35,813759
2023-02-06,HELIOS,56.29,56.33,54.79,55.29,1730044
2023-02-07,HELIOS,55.57,55.65,54.82,55.0,1146146
2023-02-08,HELIOS,54.58,55.33,54.45,55.17,778230
2023-02-09,HELIOS,54.88,57.26,54.86,56.95,2225267
2023-02-10,HELIOS,56.5,57.04,56.03,56.8,2195458
2023-02-13,HELIOS,56.56,57.89,56.43,57.66,1065061
2023-02-14,HELIOS,57.47,57.97,56.62,56.62,4145944
2023-02-15,HELIOS,56.25,58.08,55.61,57.81,4471581
2023-02-16,HELIOS,57.64,58.77,57.55,58.63,3738583
2023-02-17,HELIOS,58.16,60.5,57.75,60.46,2849817
2023-02-20,HELIOS,60.22,62.07,59.76,62.03,4763226
2023-02-21,HELIOS,62.33,63.39,61.95,63.37,2077266
2023-02-22,HELIOS,63.48,63.66,62.95,63.22,2421569
2023-02-23,HELIOS,63.27,64.8,62.86,63.82,567806
2023-02-24,HELIOS,63.57,66.34,63.2,66.26,3685106
2023-02-27,HELIOS,65.86,66.12,64.81,64.82,916239
2023-02-28,HELIOS,64.52,65.18,62.93,63.46,3494037
2023-03-01,HELIOS,63.45,64.11,63.38,63.92,4020919
2023-03-02,HELIOS,64.15,65.4,63.82,64.92,1476708
2023-03-03,HELIOS,65.15,65.31,62.94,63.11,3254077
2023-03-06,HELIOS,63.27,64.93,62.91,63.01,1866121
2023-03-07,HELIOS,62.82,63.12,62.4,62.86,2292441
2023-03-08,HELIOS,62.87,63.59,57.83,58.05,2884232
2023-03-09,HELIOS,57.98,58.67,57.06,57.66,1622633
2023-03-10,HELIOS,57.62,58.14,57.38,57.4,4084957
2023-03-13,HELIOS,57.87,58.83,56.8,57.14,2275824
2023-03-14,HELIOS,56.74,60.37,56.63,60.03,2578157
2023-03-15,HELIOS,59.97,59.97,56.98,57.53,4166108
2023-03-16,HELIOS,57.81,58.63,55.59,55.93,1524836
2023-03-17,HELIOS,55.6,55.75,50.46,50.87,2535141
2023-03-20,HELIOS,50.74,51.09,50.02,50.07,4970595
2023-03-21,HELIOS,49.96,50.07,48.86,49.42,2298754
2023-03-22,HELIOS,49.38,49.55,48.56,48.59,1020104
2023-03-23,HELIOS,48.28,50.65,48.27,50.52,1779901
2023-03-24,HELIOS,50.64,52.68,50.45,52.1,4801500
2023-03-27,HELIOS,52.23,52.51,51.4,52.29,3916096
2023-03-28,HELIOS,52.4,52.95,51.6,51.66,4140708
2023-03-29,HELIOS,51.48,53.93,51.47,53.57,1641058
2023-03-30,HELIOS,53.59,54.23,53.11,53.59,4275020
2023-03-31,HELIOS,53.4,53.88,51.81,52.11,2270087
2023-04-03,HELIOS,52.04,52.3,48.7,49.03,4077129
2023-04-04,HELIOS,49.45,49.92,47.96,48.32,4463992
2023-04-05,HELIOS,48.34,49.66,48.26,49.65,1436769
2023-04-06,HELIOS,49.41,53.78,49.14,53.65,4723220
2023-04-07,HELIOS,53.69,54.28,53.63,53.82,3346620
2023-04-10,HELIOS,53.53,53.78,52.37,52.43,3788984
2023-04-11,HELIOS,52.18,52.37,49.85,50.31,3905374
2023-04-12,HELIOS,50.1,51.5,50.0,51.33,1258016
2023-04-13,HELIOS,51.24,51.29,48.15,48.21,3855586
2023-04-14,HELIOS,48.39,49.77,48.13,49.19,1458208
2023-04-17,HELIOS,49.3,50.75,48.98,50.65,1722044
2023-04-18,HELIOS,50.75,51.47,50.51,51.47,1024494
2023-04-19,HELIOS,51.24,51.3,50.69,51.13,1315037
2023-04-20,HELIOS,51.02,52.31,50.83,52.19,4905153
2023-04-21,HELIOS,52.25,52.63,52.19,52.55,1976553
2023-04-24,HELIOS,52.42,52.5,50.79,51.17,2241552
2023-04-25,HELIOS,51.12,54.63,51.09,54.54,2659300
2023-04-26,HELIOS,54.64,54.96,53.91,53.92,3708226
2023-04-27,HELIOS,53.85,55.47,53.29,55.44,3082013
2023-04-28,HELIOS,55.49,55.6,50.31,50.8,2912651
2023-05-01,HELIOS,51.13,53.18,51.12,53.12,4266276
2023-05-02,HELIOS,53.09,56.13,52.94,55.91,2731744
2023-05-03,HELIOS,56.17,56.35,55.53,56.02,3960654
2023-05-04,HELIOS,56.15,57.36,55.88,57.17,4599029
2023-05-05,HELIOS,56.84,58.48,56.73,58.35,3542677
2023-05-08,HELIOS,58.09,58.1,56.98,57.09,658941
2023-05-09,HELIOS,56.9,58.35,56.79,58.24,1685701
2023-05-10,HELIOS,58.05,58.16,56.65,56.65,3279852
2023-05-11,HELIOS,56.63,56.81,55.28,55.5,2654962
2023-05-12,HELIOS,55.64,58.32,55.6,57.75,1781443
2023-05-15,HELIOS,58.04,59.91,57.95,59.78,2009461
2023-05-16,HELIOS,59.85,59.93,58.23,58.36,852621
2023-05-17,HELIOS,58.25,58.55,56.61,56.92,1557176
2023-05-18,HELIOS,56.44,56.62,55.26,55.69,4022503
2023-05-19,HELIOS,55.71,57.82,55.38,57.17,546104
2023-05-22,HELIOS,57.18,57.31,55.14,55.23,4265739
2023-05-23,HELIOS,55.27,56.27,55.02,55.97,2027578
2023-05-24,HELIOS,56.45,57.84,56.42,57.49,4135459
2023-05-25,HELIOS,57.78,58.38,56.95,57.37,1652523
2023-05-26,HELIOS,57.55,60.01,57.32,59.46,4229495
2023-05-29,HELIOS,59.23,59.72,58.83,58.88,3073560
2023-05-30,HELIOS,58.76,58.98,57.59,58.5,4331520
2023-05-31,HELIOS,58.48,58.8,56.07,56.56,780357
2023-06-01,HELIOS,56.39,59.27,56.14,58.63,4088403
2023-06-02,HELIOS,58.75,58.87,57.03,57.12,1717338
2023-06-05,HELIOS,57.2,57.97,57.14,57.87,2114795
2023-06-06,HELIOS,57.62,58.28,57.27,57.79,701462
2023-06-07,HELIOS,58.06,58.29,55.13,55.71,4793265
2023-06-08,HELIOS,55.74,56.47,54.3,54.58,3386380
2023-06-09,HELIOS,54.21,57.36,54.19,57.28,4914143
2023-06-12,HELIOS,57.27,57.88,56.54,57.74,3056853
2023-06-13,HELIOS,57.81,58.02,55.58,55.76,1211846
2023-06-14,HELIOS,55.98,57.04,55.89,56.41,2018660
2023-06-15,HELIOS,56.33,56.43,56.11,56.18,2479497
2023-06-16,HELIOS,56.36,63.46,56.14,63.03,1163005
2023-06-19,HELIOS,63.07,63.95,62.94,63.72,4691780
2023-06-20,HELIOS,63.38,63.39,62.28,62.93,4810639
2023-06-21,HELIOS,62.58,66.52,62.33,66.12,3035728
2023-06-22,HELIOS,66.42,66.51,61.72,61.93,3129766
2023-06-23,HELIOS,62.23,62.6,62.17,62.2,3665712
2023-06-26,HELIOS,62.28,66.77,62.27,66.6,3556010
2023-06-27,HELIOS,67.0,67.06,66.09,66.4,782010
2023-06-28,HELIOS,66.68,66.99,62.15,62.43,2891069
2023-06-29,HELIOS,62.6,62.93,61.26,61.63,3997040
2023-06-30,HELIOS,61.41,66.05,61.25,64.83,4129399
2023-07-03,HELIOS,65.28,65.9,64.85,65.75,3182184
2023-07-04,HELIOS,65.89,66.91,63.87,63.88,4533710
2023-07-05,HELIOS,63.78,64.36,62.37,62.42,3137910
2023-07-06,HELIOS,62.25,62.34,60.53,61.25,2222197
2023-07-07,HELIOS,61.32,62.09,61.3,62.09,2491976
2023-07-10,HELIOS,61.68,65.24,61.35,65.06,3605113
2023-07-11,HELIOS,65.24,67.94,65.07,67.52,4489163
2023-07-12,HELIOS,67.26,68.86,66.36,68.67,1534493
2023-07-13,HELIOS,68.77,68.83,65.04,65.54,1820719
2023-07-14,HELIOS,65.4,65.71,62.01,62.56,3433347
2023-07-17,HELIOS,62.49,63.79,61.44,63.79,3936069
2023-07-18,HELIOS,63.59,64.81,60.57,60.85,2296200
2023-07-19,HELIOS,60.81,60.86,60.37,60.43,3394302
2023-07-20,HELIOS,60.88,61.2,60.53,61.13,530517
2023-07-21,HELIOS,61.47,62.1,58.56,58.76,1812862
2023-07-24,HELIOS,58.84,59.03,56.67,56.71,4799875
2023-07-25,HELIOS,56.7,57.09,56.36,56.58,3094216
2023-07-26,HELIOS,56.77,58.09,56.63,57.63,4407986
2023-07-27,HELIOS,57.89,60.61,57.67,59.83,1479422
2023-07-28,HELIOS,59.63,61.17,59.39,61.16,1808764
2023-07-31,HELIOS,61.14,61.89,60.99,61.38,4887190
2023-08-01,HELIOS,60.93,60.95,59.79,59.84,4989907
2023-08-02,HELIOS,60.11,60.23,56.99,57.66,4445805
2023-08-03,HELIOS,58.13,58.78,56.19,56.68,1927074
2023-08-04,HELIOS,56.7,57.71,56.31,57.55,4106536
2023-08-07,HELIOS,57.06,58.52,56.76,58.29,2564798
2023-08-08,HELIOS,58.43,59.06,53.93,54.06,4297682
2023-08-09,HELIOS,53.87,54.23,52.56,52.63,4330665
2023-08-10,HELIOS,52.49,55.15,52.16,54.9,2456878
2023-08-11,HELIOS,55.04,55.48,54.79,55.11,1870683
2023-08-14,HELIOS,55.17,55.36,52.09,52.43,4886835
2023-08-15,HELIOS,52.33,57.03,52.14,56.81,2527431
2023-08-16,HELIOS,56.66,56.98,56.59,56.81,2442510
2023-08-17,HELIOS,56.83,57.93,56.46,57.63,3495142
2023-08-18,HELIOS,57.53,59.13,57.22,58.49,4715007
2023-08-21,HELIOS,58.23,58.76,57.67,57.8,1087103
2023-08-22,HELIOS,57.72,57.97,55.95,56.38,4930115
2023-08-23,HELIOS,56.46,60.67,55.66,60.63,2400576
2023-08-24,HELIOS,60.58,62.96,60.48,62.82,615175
2023-08-25,HELIOS,62.46,64.81,62.35,64.69,1892344
2023-08-28,HELIOS,64.94,66.5,64.49,66.05,2581226
2023-08-29,HELIOS,65.33,65.78,63.2,63.8,3545484
2023-08-30,HELIOS,63.69,67.07,63.13,66.72,3048640
2023-08-31,HELIOS,66.55,66.65,64.27,64.82,1111862
2023-09-01,HELIOS,64.85,65.86,64.4,65.52,2697051
2023-09-04,HELIOS,65.67,65.74,61.41,61.83,1547291
2023-09-05,HELIOS,62.11,62.23,57.39,57.47,1712957
2023-09-06,HELIOS,57.31,59.36,57.2,,3701192
2023-09-07,HELIOS,58.31,59.15,56.05,56.58,4114787
2023-09-08,HELIOS,56.63,56.82,52.49,52.7,1203009
2023-09-11,HELIOS,52.34,53.94,52.13,53.75,3210683
2023-09-12,HELIOS,54.16,58.46,53.82,57.79,2399086
2023-09-13,HELIOS,57.46,60.79,57.31,60.66,2014981
2023-09-14,HELIOS,60.76,60.81,60.16,60.17,3707963
2023-09-15,HELIOS,60.27,60.44,60.24,60.25,1619728
2023-09-18,HELIOS,60.32,62.8,59.71,62.19,3944607
2023-09-19,HELIOS,62.06,64.73,61.01,64.69,2303370
2023-09-20,HELIOS,64.9,64.96,63.61,63.98,926965
2023-09-21,HELIOS,63.58,64.58,63.58,64.12,4065119
2023-09-22,HELIOS,64.1,65.08,63.68,64.86,4333980
2023-09-25,HELIOS,64.71,66.2,64.61,66.18,3033813
2023-09-26,HELIOS,66.0,66.44,65.89,65.94,3757875
2023-09-27,HELIOS,66.05,67.06,65.47,65.73,1163992
2023-09-28,HELIOS,66.01,69.1,65.98,68.97,2026825
2023-09-29,HELIOS,68.87,72.0,68.61,71.95,2074543
2023-10-02,HELIOS,72.18,73.3,72.08,73.23,3937112
2023-10-03,HELIOS,73.24,78.32,73.04,77.71,2084174
2023-10-04,HELIOS,77.43,77.71,76.66,76.73,3777344
2023-10-05,HELIOS,76.66,81.31,76.65,81.17,1880800
2023-10-06,HELIOS,81.07,83.56,80.23,82.79,3204010
2023-10-09,HELIOS,82.56,93.01,82.33,92.35,1444129
2023-10-10,HELIOS,92.51,92.8,88.35,88.59,3013165
2023-10-11,HELIOS,88.67,88.7,85.89,86.54,863684
2023-10-12,HELIOS,85.99,88.83,85.69,87.9,3806165
2023-10-13,HELIOS,87.32,89.49,86.7,89.21,630959
2023-10-16,HELIOS,89.36,95.91,88.82,95.39,4996669
2023-10-17,HELIOS,95.07,95.49,93.04,93.25,4275348
2023-10-18,HELIOS,93.36,97.09,92.67,96.3,3103485
2023-10-19,HELIOS,96.6,100.99,96.19,100.31,4593097
2023-10-20,HELIOS,99.8,102.9,99.05,102.88,4139230
2023-10-23,HELIOS,102.3,102.58,98.64,99.53,1142499
2023-10-24,HELIOS,100.19,105.24,99.5,104.53,3849231
2023-10-25,HELIOS,104.68,109.78,104.39,109.13,2197856
2023-10-26,HELIOS,108.95,111.79,108.9,111.53,4351137
2023-10-27,HELIOS,111.12,113.97,110.72,112.44,4387134
2023-10-30,HELIOS,112.21,113.58,111.03,113.44,4795361
2023-10-31,HELIOS,112.9,113.77,111.82,113.24,2529430
2023-11-01,HELIOS,113.64,116.18,113.31,115.9,1368874
2023-11-02,HELIOS,115.54,116.47,114.19,116.14,1062842
2023-11-03,HELIOS,116.65,117.62,112.5,112.81,1244568
2023-11-06,HELIOS,112.63,113.1,108.67,108.78,4963113
2023-11-07,HELIOS,108.33,109.05,105.76,106.02,3138583
2023-11-08,HELIOS,105.84,107.15,105.75,106.96,2083100
2023-11-09,HELIOS,105.83,107.2,105.6,106.96,2521827
2023-11-10,HELIOS,106.91,108.5,106.37,107.87,1277972
2023-11-13,HELIOS,107.8,109.97,107.62,109.87,3068252
2023-11-14,HELIOS,110.24,110.61,107.15,107.57,2415518
2023-11-15,HELIOS,106.76,113.88,106.73,113.2,4091192
2023-11-16,HELIOS,113.72,115.01,111.99,112.25,595211
2023-11-17,HELIOS,112.62,112.93,109.52,110.66,4692715
2023-11-20,HELIOS,111.21,113.02,110.69,112.64,772970
2023-11-21,HELIOS,112.61,113.21,104.74,105.51,2378371
2023-11-22,HELIOS,105.94,106.43,102.32,102.7,2032823
2023-11-23,HELIOS,102.09,106.59,101.77,106.32,3730696
2023-11-24,HELIOS,106.63,106.8,99.82,99.97,3461963
2023-11-27,HELIOS,99.66,104.14,99.57,103.98,1385596
2023-11-28,HELIOS,103.29,109.87,102.66,109.58,2708271
2023-11-29,HELIOS,109.09,109.31,107.45,108.27,2905483
2023-11-30,HELIOS,108.27,109.74,107.7,109.49,2587462
2023-12-01,HELIOS,109.12,114.79,108.92,113.88,598121
2023-12-04,HELIOS,114.05,114.15,111.71,112.14,1301467
2023-12-05,HELIOS,111.33,115.8,111.18,115.65,2766877
2023-12-06,HELIOS,114.67,115.97,112.57,113.05,1672082
2023-12-07,HELIOS,113.67,114.02,110.38,111.28,2954014
2023-12-08,HELIOS,111.68,112.33,108.18,108.28,1236522
2023-12-11,HELIOS,107.82,111.35,107.78,109.68,3809504
2023-12-12,HELIOS,109.68,114.5,109.27,114.24,1348028
2023-12-13,HELIOS,114.7,115.07,113.19,113.61,3422681
2023-12-14,HELIOS,113.81,114.56,107.04,108.67,4264787
2023-12-15,HELIOS,108.74,108.87,103.98,104.66,2112785
2023-12-18,HELIOS,105.12,106.34,105.08,106.21,1127656
2023-12-19,HELIOS,105.9,113.73,105.86,113.18,525789
2023-12-20,HELIOS,113.19,114.97,112.05,114.85,2122497
2023-12-21,HELIOS,114.84,116.2,113.01,113.41,1019686
2023-12-22,HELIOS,113.28,117.21,113.23,116.56,4468304
2023-12-25,HELIOS,116.38,116.92,115.68,115.7,4878772
2023-12-26,HELIOS,115.74,115.76,113.53,114.29,4912832
2023-12-27,HELIOS,114.3,115.28,110.18,110.57,4650499
2023-12-28,HELIOS,110.1,116.53,110.01,116.13,3140214
2023-12-29,HELIOS,116.5,116.7,105.23,105.92,1962919
2021-01-04,NORTH,239.77,240.08,238.5,239.45,4008914
2021-01-05,NORTH,238.38,240.11,236.64,237.31,3558383
2021-01-06,NORTH,239.35,240.66,239.13,239.37,2880647
2021-01-07,NORTH,239.16,239.34,233.73,234.81,847031
2021-01-08,NORTH,235.37,235.41,230.39,230.4,3945790
2021-01-11,NORTH,230.1,231.43,229.14,229.53,1485297
2021-01-12,NORTH,229.2,230.19,228.25,229.09,4529729
2021-01-13,NORTH,228.67,230.13,222.99,225.14,4064708
2021-01-14,NORTH,223.74,224.35,222.99,223.54,2136350
2021-01-15,NORTH,223.4,226.04,222.0,222.51,2457815
2021-01-18,NORTH,222.15,223.5,221.31,221.51,614834
2021-01-19,NORTH,222.54,225.03,220.59,221.95,2741198
2021-01-20,NORTH,220.89,221.45,219.66,220.24,760729
2021-01-21,NORTH,219.73,226.61,219.31,224.19,4943286
2021-01-22,NORTH,223.38,225.59,221.71,225.54,3380564
2021-01-25,NORTH,226.85,229.08,222.89,223.4,1558276
2021-01-26,NORTH,222.63,225.95,221.95,223.7,4116732
2021-01-27,NORTH,224.21,226.63,223.6,224.08,587987
2021-01-28,NORTH,224.95,227.8,224.18,227.39,2971934
2021-01-29,NORTH,227.26,228.61,221.79,225.8,1001176
2021-02-01,NORTH,224.55,229.55,223.66,227.92,745002
2021-02-02,NORTH,226.68,228.24,223.87,228.08,1600258
2021-02-03,NORTH,228.87,233.92,226.67,232.21,1824609
2021-02-04,NORTH,231.04,236.7,229.99,235.85,3766640
2021-02-05,NORTH,236.22,237.47,234.33,236.46,4508683
2021-02-08,NORTH,236.57,237.57,234.8,235.76,3991199
2021-02-09,NORTH,236.12,240.44,234.31,237.24,3829402
2021-02-10,NORTH,237.69,238.76,235.72,236.78,3044700
2021-02-11,NORTH,235.89,242.79,235.62,241.6,2170311
2021-02-12,NORTH,240.66,241.99,240.28,241.87,1647708
2021-02-15,NORTH,242.57,242.86,240.48,240.74,4756051
2021-02-16,NORTH,240.14,240.34,238.2,239.47,2847838
2021-02-17,NORTH,236.83,237.08,235.46,236.03,3039523
2021-02-18,NORTH,236.64,237.68,235.68,237.65,567309
2021-02-19,NORTH,236.67,237.43,235.11,235.36,2560926
2021-02-22,NORTH,235.8,238.72,233.0,238.51,3568104
2021-02-23,NORTH,239.84,240.25,234.5,234.86,2728057
2021-02-24,NORTH,234.87,235.83,233.65,235.26,3264338
2021-02-25,NORTH,236.2,239.74,235.43,238.56,4143677
2021-02-26,NORTH,238.7,239.5,232.06,232.44,598084
2021-03-01,NORTH,233.92,238.2,233.77,238.12,4569760
2021-03-02,NORTH,237.11,238.76,235.67,236.95,4176552
2021-03-03,NORTH,236.94,238.97,235.92,237.4,2389582
2021-03-04,NORTH,238.04,241.66,237.66,239.07,3935419
2021-03-05,NORTH,238.89,243.14,237.9,241.21,799384
2021-03-08,NORTH,242.32,242.82,241.49,242.05,1887006
2021-03-09,NORTH,241.63,246.39,241.53,244.99,984974
2021-03-10,NORTH,247.02,250.26,246.11,246.57,3359194
2021-03-11,NORTH,248.66,252.59,244.66,251.83,4352822
2021-03-12,NORTH,252.11,254.22,249.78,253.46,3206718
2021-03-15,NORTH,254.02,260.06,252.55,259.48,3702002
2021-03-16,NORTH,260.72,262.49,259.37,262.34,1144311
2021-03-17,NORTH,261.09,261.61,256.5,256.71,4703080
2021-03-18,NORTH,255.36,265.01,251.42,264.8,1369666
2021-03-19,NORTH,266.13,271.77,261.51,263.03,2868518
2021-03-22,NORTH,263.32,267.89,262.17,267.8,3574427
2021-03-23,NORTH,267.56,267.97,267.53,267.94,4354912
2021-03-24,NORTH,267.95,273.1,266.59,271.41,4700982
2021-03-25,NORTH,268.82,271.33,267.39,269.22,3194244
2021-03-26,NORTH,269.01,271.6,268.15,271.29,3093279
2021-03-29,NORTH,270.48,271.85,269.42,270.52,2377098
2021-03-30,NORTH,271.52,277.53,269.35,275.7,3055159
2021-03-31,NORTH,276.8,278.49,273.8,277.21,3536793
2021-04-01,NORTH,277.85,281.34,277.47,280.38,3410067
2021-04-02,NORTH,280.82,282.82,270.58,273.15,3165505
2021-04-05,NORTH,271.52,273.23,269.05,272.93,2482602
2021-04-06,NORTH,273.57,276.63,271.06,274.33,1380923
2021-04-07,NORTH,275.02,275.42,273.31,275.12,743774
2021-04-08,NORTH,276.49,280.85,275.8,278.35,2393471
2021-04-09,NORTH,280.71,281.97,276.21,277.18,2284267
2021-04-12,NORTH,275.3,279.14,272.8,277.4,3236255
2021-04-13,NORTH,276.97,282.49,273.58,281.39,4551134
2021-04-14,NORTH,280.55,280.93,272.1,273.75,3656936
2021-04-15,NORTH,273.94,276.1,273.61,275.74,4122260
2021-04-16,NORTH,275.75,276.85,274.34,274.69,3101493
2021-04-19,NORTH,274.43,274.85,270.58,271.74,4673406
2021-04-20,NORTH,272.85,274.1,272.1,272.89,4727946
2021-04-21,NORTH,271.69,278.43,270.34,276.96,1187742
2021-04-22,NORTH,275.81,283.39,275.27,280.47,3376789
2021-04-23,NORTH,279.32,281.05,278.94,280.07,2776809
2021-04-26,NORTH,279.67,286.19,278.41,283.07,4874082
2021-04-27,NORTH,281.68,286.93,279.71,286.08,3131276
2021-04-28,NORTH,286.02,286.59,282.37,285.84,571759
2021-04-29,NORTH,285.65,285.87,282.22,283.52,1444664
2021-04-30,NORTH,282.62,283.57,281.4,281.41,1082846
2021-05-03,NORTH,282.39,285.07,280.43,284.3,1404366
2021-05-04,NORTH,284.23,284.69,282.0,284.21,931130
2021-05-05,NORTH,285.42,285.59,279.23,280.7,4019148
2021-05-06,NORTH,280.48,282.95,273.48,275.08,2723595
2021-05-07,NORTH,275.05,277.93,274.37,277.88,3523333
2021-05-10,NORTH,277.25,279.31,274.49,276.11,4999591
2021-05-11,NORTH,276.1,279.25,274.95,277.26,3412343
2021-05-12,NORTH,278.05,281.68,276.75,281.44,2656505
2021-05-13,NORTH,280.98,282.88,275.59,277.08,1701443
2021-05-14,NORTH,277.65,280.26,276.33,276.98,3895262
2021-05-17,NORTH,276.08,277.53,274.44,276.47,2780462
2021-05-18,NORTH,277.31,278.93,276.95,277.79,3906070
2021-05-19,NORTH,277.14,282.6,276.98,281.97,603814
2021-05-20,NORTH,282.93,283.43,275.14,277.53,1234102
2021-05-21,NORTH,277.6,279.8,275.69,279.48,1084757
2021-05-24,NORTH,281.18,284.02,279.03,283.0,3566223
2021-05-25,NORTH,281.69,283.45,279.48,282.42,2832128
2021-05-26,NORTH,280.76,286.42,279.86,282.01,1926335
2021-05-27,NORTH,281.32,283.9,279.86,283.49,1893525
2021-05-28,NORTH,281.92,285.6,280.96,284.72,3230642
2021-05-31,NORTH,283.14,287.47,281.74,286.76,4845513
2021-06-01,NORTH,287.48,288.81,285.95,288.75,4979395
2021-06-02,NORTH,288.75,290.05,284.62,285.41,2621681
2021-06-03,NORTH,284.86,289.0,284.37,288.85,3517269
2021-06-04,NORTH,288.41,295.61,284.81,292.96,876038
2021-06-07,NORTH,292.26,295.66,290.06,293.67,4754491
2021-06-08,NORTH,295.61,295.82,286.2,288.46,580290
2021-06-09,NORTH,287.61,288.47,286.46,288.12,2040090
2021-06-10,NORTH,286.6,293.79,285.87,288.85,3763660
2021-06-11,NORTH,289.77,290.34,283.92,284.94,4863816
2021-06-14,NORTH,284.7,287.01,283.18,283.77,1271780
2021-06-15,NORTH,286.08,286.46,276.3,279.03,3474558
2021-06-16,NORTH,278.44,281.37,277.76,281.12,1345155
2021-06-17,NORTH,282.07,283.24,281.29,281.73,726228
2021-06-18,NORTH,282.95,285.32,276.01,276.22,2407132
2021-06-21,NORTH,275.65,277.49,272.77,277.44,3094804
2021-06-22,NORTH,276.62,281.11,274.24,277.31,1688272
2021-06-23,NORTH,278.13,279.48,275.07,279.09,4878805
2021-06-24,NORTH,279.73,281.93,277.52,277.83,3274596
2021-06-25,NORTH,276.26,277.19,272.89,275.21,2472392
2021-06-28,NORTH,273.97,274.58,271.49,272.72,2685616
2021-06-29,NORTH,269.96,271.98,267.28,271.02,2589047
2021-06-30,NORTH,271.66,273.21,270.07,271.13,1001527
2021-07-01,NORTH,270.85,272.15,269.16,271.67,3228761
2021-07-02,NORTH,271.49,271.75,270.83,271.1,4031333
2021-07-05,NORTH,269.27,270.5,267.43,269.78,2395495
2021-07-06,NORTH,268.59,270.0,267.51,268.69,2416364
2021-07-07,NORTH,268.18,277.9,267.75,276.83,4597061
2021-07-08,NORTH,276.09,278.02,272.18,274.33,3248754
2021-07-09,NORTH,274.46,275.0,271.91,272.55,1840212
2021-07-12,NORTH,273.18,285.42,268.96,283.37,517740
2021-07-13,NORTH,285.95,288.29,283.53,284.86,4204549
2021-07-14,NORTH,284.84,287.21,279.76,280.2,3318800
2021-07-15,NORTH,281.45,285.15,280.42,283.09,3317628
2021-07-16,NORTH,282.15,282.17,279.98,280.06,1772824
2021-07-19,NORTH,278.18,285.21,277.96,283.17,1337613
2021-07-20,NORTH,282.77,283.79,281.8,282.51,2724668
2021-07-21,NORTH,280.7,281.88,279.81,281.07,3910154
2021-07-22,NORTH,281.09,286.93,279.48,286.56,1839742
2021-07-23,NORTH,285.66,289.55,284.02,288.56,2871681
2021-07-26,NORTH,286.31,292.82,285.67,291.99,4983173
2021-07-27,NORTH,294.02,294.96,291.51,293.57,1487133
2021-07-28,NORTH,292.94,295.3,290.79,292.06,1538790
2021-07-29,NORTH,290.15,295.27,290.13,294.26,1561776
2021-07-30,NORTH,295.32,300.7,292.08,298.59,4607868
2021-08-02,NORTH,297.72,299.3,297.53,299.14,2879447
2021-08-03,NORTH,300.44,307.02,297.4,305.66,4630849
2021-08-04,NORTH,304.77,311.13,303.5,308.84,4764901
2021-08-05,NORTH,308.18,310.78,307.72,309.69,2394502
2021-08-06,NORTH,310.12,313.33,306.67,310.69,747164
2021-08-09,NORTH,311.42,314.05,309.26,311.26,1868014
2021-08-10,NORTH,312.22,312.32,304.7,306.65,2947020
2021-08-11,NORTH,306.54,309.3,302.67,306.38,2214659
2021-08-12,NORTH,307.03,311.47,305.64,307.25,510163
2021-08-13,NORTH,308.17,308.89,303.54,305.78,4952025
2021-08-16,NORTH,306.03,307.68,302.67,307.08,1864398
2021-08-17,NORTH,306.91,308.98,306.89,307.22,3284583
2021-08-18,NORTH,305.45,311.44,303.73,310.14,4760353
2021-08-19,NORTH,310.88,315.12,310.35,312.67,2951511
2021-08-20,NORTH,312.72,314.6,312.38,313.36,3625021
2021-08-23,NORTH,312.84,313.43,308.22,308.28,661630
2021-08-24,NORTH,309.85,317.2,307.8,314.96,3635417
2021-08-25,NORTH,313.16,315.75,312.58,314.49,4315293
2021-08-26,NORTH,316.56,316.6,312.25,314.25,4632319
2021-08-27,NORTH,314.22,314.75,309.97,313.02,877124
2021-08-30,NORTH,313.42,313.69,310.7,311.25,1527694
2021-08-31,NORTH,310.75,317.55,309.91,317.08,711375
2021-09-01,NORTH,314.96,324.09,309.61,322.41,4630673
2021-09-02,NORTH,322.23,325.73,321.01,324.2,1736861
2021-09-03,NORTH,324.63,327.53,323.65,323.84,2891755
2021-09-06,NORTH,324.72,327.4,324.52,326.31,2641048
2021-09-07,NORTH,326.06,327.75,325.27,326.67,3599385
2021-09-08,NORTH,323.8,326.83,322.69,325.99,4528800
2021-09-09,NORTH,323.98,327.39,323.26,327.38,1956861
2021-09-10,NORTH,330.06,333.09,324.8,325.71,4055354
2021-09-13,NORTH,324.28,329.31,323.04,326.76,1809239
2021-09-14,NORTH,328.62,330.16,327.17,327.63,1389344
2021-09-15,NORTH,326.4,334.3,324.54,330.06,978148
2021-09-16,NORTH,329.82,332.61,327.52,327.68,2174357
2021-09-17,NORTH,328.49,331.26,327.5,330.53,3022194
2021-09-20,NORTH,329.45,329.51,326.61,327.0,4011081
2021-09-21,NORTH,329.09,333.41,322.17,324.82,4317669
2021-09-22,NORTH,324.92,328.48,322.38,322.83,2871916
2021-09-23,NORTH,323.42,323.43,315.79,318.74,2340268
2021-09-24,NORTH,318.4,326.5,316.43,322.69,1285213
2021-09-27,NORTH,323.54,324.89,315.13,319.0,4613421
2021-09-28,NORTH,321.01,322.68,316.05,316.39,2282248
2021-09-29,NORTH,316.22,322.14,313.17,321.22,3940883
2021-09-30,NORTH,323.44,323.55,318.86,319.08,3316711
2021-10-01,NORTH,318.3,320.75,317.07,318.42,4691644
2021-10-04,NORTH,319.4,320.06,310.18,314.62,4879515
2021-10-05,NORTH,315.24,319.14,314.47,317.83,3680758
2021-10-06,NORTH,316.47,323.85,315.02,321.12,3478154
2021-10-07,NORTH,321.4,324.12,320.19,324.03,1117689
2021-10-08,NORTH,324.04,328.32,324.04,326.19,572878
2021-10-11,NORTH,325.08,327.88,323.84,326.54,2957133
2021-10-12,NORTH,327.01,329.77,323.47,324.55,3672537
2021-10-13,NORTH,324.74,325.28,319.54,321.44,3857639
2021-10-14,NORTH,321.35,327.33,319.37,326.48,1628891
2021-10-15,NORTH,326.39,329.81,323.17,329.54,2764420
2021-10-18,NORTH,329.43,330.43,325.26,326.87,4379715
2021-10-19,NORTH,326.39,327.09,325.48,327.09,930680
2021-10-20,NORTH,327.27,328.14,324.81,325.98,2227504
2021-10-21,NORTH,325.14,327.01,319.42,321.63,4750361
2021-10-22,NORTH,325.05,325.44,317.15,322.38,1398267
2021-10-25,NORTH,320.56,323.72,319.67,320.84,1925013
2021-10-26,NORTH,320.09,323.31,316.44,317.23,2605762
2021-10-27,NORTH,316.59,319.87,310.57,311.67,3597784
2021-10-28,NORTH,314.21,315.38,304.63,305.88,1648390
2021-10-29,NORTH,304.27,306.68,304.01,304.58,4065387
2021-11-01,NORTH,305.1,305.65,303.57,304.33,1561196
2021-11-02,NORTH,304.63,304.88,296.45,301.19,2156990
2021-11-03,NORTH,301.59,303.72,301.37,303.6,3079678
2021-11-04,NORTH,305.11,305.91,303.09,303.43,554385
2021-11-05,NORTH,304.9,305.88,302.58,305.59,3953058
2021-11-08,NORTH,305.04,310.0,304.97,304.98,3509661
2021-11-09,NORTH,305.21,305.81,299.88,302.16,4257294
2021-11-10,NORTH,299.91,303.4,299.44,302.63,1736986
2021-11-11,NORTH,302.75,305.73,294.37,298.11,2289514
2021-11-12,NORTH,297.16,303.13,295.0,300.1,4543564
2021-11-15,NORTH,299.87,302.33,295.65,296.78,800616
2021-11-16,NORTH,294.78,300.74,294.34,300.11,2710409
2021-11-17,NORTH,300.6,303.42,297.3,298.95,2677887
2021-11-18,NORTH,296.92,305.59,293.42,302.82,2513718
2021-11-19,NORTH,303.0,304.85,298.37,298.81,2452016
2021-11-22,NORTH,297.34,297.96,295.59,296.43,3862763
2021-11-23,NORTH,295.43,298.15,293.73,297.85,1386405
2021-11-24,NORTH,299.23,304.59,298.02,302.09,4510170
2021-11-25,NORTH,302.8,310.43,301.64,308.19,4532652
2021-11-26,NORTH,309.61,311.76,305.56,,1307264
2021-11-29,NORTH,310.33,316.14,309.65,315.27,4883667
2021-11-30,NORTH,314.3,314.96,311.72,314.24,1679213
2021-12-01,NORTH,316.12,319.91,314.14,318.45,732862
2021-12-02,NORTH,316.58,318.13,312.87,314.91,2291296
2021-12-03,NORTH,315.85,316.92,314.42,316.56,4080858
2021-12-06,NORTH,315.93,316.6,304.95,307.73,4300691
2021-12-07,NORTH,306.58,308.67,302.6,303.65,3405724
2021-12-08,NORTH,304.39,308.46,304.21,305.41,4150345
2021-12-09,NORTH,306.56,307.94,298.73,300.66,1676463
2021-12-10,NORTH,301.76,302.74,301.65,302.26,4455451
2021-12-13,NORTH,302.52,306.25,302.42,305.61,3358202
2021-12-14,NORTH,305.77,306.66,302.9,303.83,1101121
2021-12-15,NORTH,304.47,305.43,299.16,300.36,1078894
2021-12-16,NORTH,300.72,304.12,297.44,298.71,1702865
2021-12-17,NORTH,299.36,300.12,294.47,295.31,812329
2021-12-20,NORTH,295.55,296.49,294.96,295.01,1772368
2021-12-21,NORTH,296.0,299.13,294.71,295.43,4970700
2021-12-22,NORTH,293.51,295.2,293.36,294.4,1580424
2021-12-23,NORTH,294.25,300.54,291.43,300.38,3363664
2021-12-24,NORTH,298.71,300.96,297.05,297.84,4898864
2021-12-27,NORTH,298.17,303.19,297.33,302.88,1639501
2021-12-28,NORTH,304.87,307.59,296.09,299.15,3632814
2021-12-29,NORTH,298.59,300.82,298.51,299.47,2525152
2021-12-30,NORTH,299.63,304.55,298.45,303.79,1783898
2021-12-31,NORTH,304.7,308.48,303.18,307.97,4775396
2022-01-03,NORTH,305.42,306.66,305.23,306.48,3455200
2022-01-04,NORTH,305.84,309.99,304.08,308.58,2474262
2022-01-05,NORTH,309.03,312.32,307.68,310.2,4154422
2022-01-06,NORTH,306.61,308.63,304.56,308.26,4552000
2022-01-07,NORTH,307.05,311.9,305.24,310.6,4016670
2022-01-10,NORTH,311.96,321.0,309.02,317.6,4409641
2022-01-11,NORTH,318.87,320.77,318.55,319.46,1949047
2022-01-12,NORTH,319.94,324.93,317.39,321.7,2048703
2022-01-13,NORTH,322.83,324.58,321.55,324.35,1547087
2022-01-14,NORTH,324.63,326.9,317.24,318.73,3632040
2022-01-17,NORTH,319.44,323.31,316.43,320.56,4114251
2022-01-18,NORTH,320.15,322.37,314.28,316.71,3472243
2022-01-19,NORTH,316.86,319.99,310.86,314.53,3196420
2022-01-20,NORTH,313.74,323.01,312.57,322.75,3970453
2022-01-21,NORTH,324.39,325.19,321.4,321.84,1316579
2022-01-24,NORTH,323.8,326.72,316.39,319.04,2146681
2022-01-25,NORTH,320.8,324.54,320.21,323.52,3681651
2022-01-26,NORTH,322.99,326.85,318.85,319.91,735064
2022-01-27,NORTH,318.69,320.67,317.85,318.25,4599020
2022-01-28,NORTH,319.88,324.2,319.77,323.09,1269676
2022-01-31,NORTH,323.79,325.35,322.4,323.32,4041474
2022-02-01,NORTH,323.74,326.26,317.14,317.32,3274491
2022-02-02,NORTH,316.52,321.57,314.74,319.46,4314296
2022-02-03,NORTH,320.0,320.3,312.81,318.0,3987950
2022-02-04,NORTH,316.62,328.66,316.26,323.94,2821284
2022-02-07,NORTH,324.76,325.52,319.33,321.65,3902218
2022-02-08,NORTH,323.42,328.65,319.79,325.77,2059237
2022-02-09,NORTH,327.9,335.24,326.46,332.78,3126567
2022-02-10,NORTH,333.72,334.65,326.12,329.45,4617797
2022-02-11,NORTH,327.63,331.09,327.29,328.75,881411
2022-02-14,NORTH,329.01,331.39,329.0,330.35,2101105
2022-02-15,NORTH,333.17,337.04,325.98,327.01,577798
2022-02-16,NORTH,325.88,330.93,325.87,328.14,2904218
2022-02-17,NORTH,328.06,330.32,325.78,327.32,4019637
2022-02-18,NORTH,329.17,331.03,325.41,326.42,673506
2022-02-21,NORTH,327.23,328.08,324.5,326.68,2972193
2022-02-22,NORTH,329.92,332.26,325.99,327.03,2368483
2022-02-23,NORTH,326.07,330.74,326.04,327.73,4022204
2022-02-24,NORTH,326.44,327.34,324.74,325.44,1490590
2022-02-25,NORTH,327.04,327.79,322.24,323.34,1232548
2022-02-28,NORTH,321.79,325.17,320.82,322.95,926081
2022-03-01,NORTH,322.69,326.8,321.18,322.84,2333404
2022-03-02,NORTH,322.75,322.8,319.02,321.2,2693885
2022-03-03,NORTH,322.53,325.24,320.02,322.51,4636261
2022-03-04,NORTH,323.31,325.04,313.75,315.56,2596419
2022-03-07,NORTH,316.13,317.12,310.27,312.85,1272190
2022-03-08,NORTH,312.35,313.31,310.84,311.86,3645571
2022-03-09,NORTH,313.38,316.1,305.73,308.72,776871
2022-03-10,NORTH,313.69,317.58,310.65,314.82,2053806
2022-03-11,NORTH,315.69,319.25,313.56,314.95,3440603
2022-03-14,NORTH,315.08,316.73,313.74,315.69,1642818
2022-03-15,NORTH,314.05,314.27,309.68,313.92,3175413
2022-03-16,NORTH,313.12,315.87,308.73,313.92,2539856
2022-03-17,NORTH,313.65,314.15,308.54,309.41,4784137
2022-03-18,NORTH,308.74,311.34,307.17,308.84,1793522
2022-03-21,NORTH,308.82,309.68,304.81,305.43,4579107
2022-03-22,NORTH,307.6,309.07,302.21,304.47,3316420
2022-03-23,NORTH,305.99,306.91,295.11,295.18,3872436
2022-03-24,NORTH,294.99,295.12,291.01,291.24,1259536
2022-03-25,NORTH,289.83,298.22,289.36,296.42,586207
2022-03-28,NORTH,298.0,302.26,297.07,299.43,3788426
2022-03-29,NORTH,299.37,305.13,298.39,304.23,2661741
2022-03-30,NORTH,302.13,312.69,301.64,309.36,1889824
2022-03-31,NORTH,310.24,312.22,308.8,311.92,4532458
2022-04-01,NORTH,313.2,314.23,308.51,310.28,1969224
2022-04-04,NORTH,307.27,310.51,305.28,306.48,2451429
2022-04-05,NORTH,305.47,311.84,303.46,310.76,3758891
2022-04-06,NORTH,310.63,311.4,308.52,311.07,4829655
2022-04-07,NORTH,311.98,321.82,308.8,320.44,4545436
2022-04-08,NORTH,319.78,322.15,319.09,319.1,3436195
2022-04-11,NORTH,318.04,328.11,312.5,326.72,996807
2022-04-12,NORTH,327.67,328.81,323.69,326.17,992557
2022-04-13,NORTH,325.56,333.99,324.47,331.46,3617865
2022-04-14,NORTH,332.18,340.08,331.33,338.28,2791724
2022-04-15,NORTH,336.77,339.4,332.73,334.19,1098971
2022-04-18,NORTH,332.38,332.6,329.58,332.31,3630277
2022-04-19,NORTH,333.32,335.04,325.56,328.26,4740362
2022-04-20,NORTH,328.59,332.75,323.16,323.48,794160
2022-04-21,NORTH,324.67,329.12,324.5,326.14,4215422
2022-04-22,NORTH,325.44,328.23,325.38,325.43,2050922
2022-04-25,NORTH,324.4,326.8,322.17,325.7,2290033
2022-04-26,NORTH,327.47,331.14,325.99,327.94,3726864
2022-04-27,NORTH,325.94,326.31,317.41,320.7,1610954
2022-04-28,NORTH,322.3,327.66,321.68,325.71,1206821
2022-04-29,NORTH,327.43,331.35,320.43,324.41,4837377
2022-05-02,NORTH,325.53,327.53,324.94,326.55,2067529
2022-05-03,NORTH,325.65,332.75,323.33,329.05,1263128
2022-05-04,NORTH,327.97,336.09,326.83,334.53,3604596
2022-05-05,NORTH,334.25,337.35,332.08,334.17,1475216
2022-05-06,NORTH,332.44,334.99,324.51,325.72,3989934
2022-05-09,NORTH,324.47,327.02,319.78,326.01,817143
2022-05-10,NORTH,326.85,328.94,325.7,326.86,2833303
2022-05-11,NORTH,327.71,328.02,322.1,322.87,2313300
2022-05-12,NORTH,321.52,324.61,320.67,323.51,4805858
2022-05-13,NORTH,324.38,325.43,320.32,322.17,2845778
2022-05-16,NORTH,322.76,323.17,316.93,317.04,4663988
2022-05-17,NORTH,318.96,321.76,315.67,319.66,1618367
2022-05-18,NORTH,320.39,321.47,316.55,317.56,2630466
2022-05-19,NORTH,318.91,320.08,313.41,316.08,4162197
2022-05-20,NORTH,316.68,318.38,313.27,314.39,1221234
2022-05-23,NORTH,315.62,319.71,315.56,319.11,4674814
2022-05-24,NORTH,317.47,321.25,316.43,319.02,3978192
2022-05-25,NORTH,318.86,320.71,318.36,319.38,3545961
2022-05-26,NORTH,319.33,319.34,317.08,317.76,1594128
2022-05-27,NORTH,317.45,320.51,317.06,319.59,4181153
2022-05-30,NORTH,320.16,325.4,318.81,324.83,4292695
2022-05-31,NORTH,325.65,328.77,325.0,327.42,1816764
2022-06-01,NORTH,327.93,331.94,324.62,330.18,3142149
2022-06-02,NORTH,329.95,335.48,328.28,332.65,772883
2022-06-03,NORTH,331.67,333.65,324.78,327.21,2273418
2022-06-06,NORTH,328.64,329.29,323.41,323.83,1178008
2022-06-07,NORTH,324.28,327.42,321.84,323.1,3003725
2022-06-08,NORTH,321.78,323.82,318.74,320.35,2969753
2022-06-09,NORTH,320.1,323.25,312.95,316.32,2897639
2022-06-10,NORTH,314.12,316.66,309.11,309.28,3547193
2022-06-13,NORTH,309.32,311.83,303.5,304.34,4661297
2022-06-14,NORTH,304.1,306.24,303.37,303.47,1385300
2022-06-15,NORTH,302.77,307.86,300.33,303.27,1464633
2022-06-16,NORTH,305.2,305.33,298.97,300.45,1469381
2022-06-17,NORTH,299.06,302.82,295.38,300.79,4676713
2022-06-20,NORTH,301.64,304.52,297.83,299.29,916967
2022-06-21,NORTH,301.91,304.85,300.93,303.26,641034
2022-06-22,NORTH,304.57,307.77,299.54,302.74,1222001
2022-06-23,NORTH,302.7,309.41,302.41,305.33,3961414
2022-06-24,NORTH,303.94,306.81,301.7,306.13,3108316
2022-06-27,NORTH,304.46,305.23,298.76,301.04,4638506
2022-06-28,NORTH,300.55,302.86,296.34,300.78,1419308
2022-06-29,NORTH,299.95,302.29,294.89,296.38,2273234
2022-06-30,NORTH,295.52,297.75,295.37,296.05,2999253
2022-07-01,NORTH,295.66,298.06,291.32,293.46,828802
2022-07-04,NORTH,293.34,296.39,293.27,294.87,4633407
2022-07-05,NORTH,295.44,296.34,289.94,290.18,4121003
2022-07-06,NORTH,288.74,293.2,286.16,290.29,1146927
2022-07-07,NORTH,289.49,295.96,284.58,292.34,4292891
2022-07-08,NORTH,292.15,297.42,291.28,295.58,2519561
2022-07-11,NORTH,295.35,295.67,292.06,292.93,2013158
2022-07-12,NORTH,295.08,297.36,291.35,293.05,4757682
2022-07-13,NORTH,293.32,294.12,290.13,293.76,2833669
2022-07-14,NORTH,291.86,299.92,289.89,299.27,1522365
2022-07-15,NORTH,299.77,299.92,291.89,294.01,4142610
2022-07-18,NORTH,294.65,297.39,290.48,290.85,3720809
2022-07-19,NORTH,290.71,304.1,287.43,300.7,1364193
2022-07-20,NORTH,299.24,301.58,297.62,299.77,3548156
2022-07-21,NORTH,301.88,302.49,290.16,293.03,3330390
2022-07-22,NORTH,291.78,292.29,289.64,291.04,1739096
2022-07-25,NORTH,291.81,292.44,281.42,281.43,2437837
2022-07-26,NORTH,281.65,284.21,280.9,282.3,4276851
2022-07-27,NORTH,282.98,285.65,282.53,285.1,1284870
2022-07-28,NORTH,287.05,289.34,279.47,282.04,3750500
2022-07-29,NORTH,282.67,282.79,279.28,280.5,4241480
2022-08-01,NORTH,279.87,285.65,278.79,283.67,4715371
2022-08-02,NORTH,284.92,286.83,275.72,277.76,1961063
2022-08-03,NORTH,277.06,279.8,270.63,273.41,1699739
2022-08-04,NORTH,273.59,273.69,271.41,272.72,4704917
2022-08-05,NORTH,271.31,271.65,267.5,270.31,2582469
2022-08-08,NORTH,269.2,272.67,265.93,269.41,3060202
2022-08-09,NORTH,269.47,270.43,264.57,265.38,2808592
2022-08-10,NORTH,265.77,266.85,264.13,266.12,2815294
2022-08-11,NORTH,264.31,266.0,259.42,265.69,3310464
2022-08-12,NORTH,266.22,270.96,265.91,267.5,2404876
2022-08-15,NORTH,266.62,268.53,264.86,268.2,2264224
2022-08-16,NORTH,269.57,270.16,267.42,268.91,2303019
2022-08-17,NORTH,268.54,270.6,262.37,264.3,3453391
2022-08-18,NORTH,263.11,266.96,262.65,265.92,4180848
2022-08-19,NORTH,266.0,269.58,260.88,264.91,2998084
2022-08-22,NORTH,263.94,266.02,263.29,264.44,3548753
2022-08-23,NORTH,265.78,269.58,262.78,267.82,2358731
2022-08-24,NORTH,267.82,269.0,263.76,265.56,3981605
2022-08-25,NORTH,265.4,274.32,263.51,269.92,2272033
2022-08-26,NORTH,270.56,275.39,269.79,274.65,2394878
2022-08-29,NORTH,273.55,279.56,272.69,277.19,748636
2022-08-30,NORTH,275.76,275.77,273.62,273.98,1676467
2022-08-31,NORTH,274.43,275.9,266.46,266.85,3822956
2022-09-01,NORTH,265.67,273.02,263.84,270.35,890893
2022-09-02,NORTH,269.16,273.37,268.16,270.77,1507890
2022-09-05,NORTH,271.68,274.02,265.76,268.4,3994951
2022-09-06,NORTH,268.97,272.4,266.01,272.24,4429201
2022-09-07,NORTH,270.87,271.04,269.28,269.48,2368743
2022-09-08,NORTH,268.81,270.61,267.82,268.16,2331040
2022-09-09,NORTH,267.19,270.06,266.75,269.9,2791506
2022-09-12,NORTH,271.82,273.69,265.31,266.35,3965656
2022-09-13,NORTH,267.31,269.22,263.04,266.05,2612044
2022-09-14,NORTH,265.6,273.99,265.35,269.58,1280444
2022-09-15,NORTH,270.2,271.1,269.82,270.32,2440120
2022-09-16,NORTH,268.85,275.46,268.53,274.42,1645909
2022-09-19,NORTH,273.68,282.44,272.03,278.21,3577548
2022-09-20,NORTH,278.32,281.14,277.33,278.29,1142159
2022-09-21,NORTH,278.79,281.39,269.82,270.54,3239303
2022-09-22,NORTH,270.43,272.1,265.83,267.0,1084377
2022-09-23,NORTH,267.27,270.1,264.34,269.5,4874242
2022-09-26,NORTH,269.59,270.65,261.71,264.54,3380244
2022-09-27,NORTH,264.37,266.72,263.44,263.56,1125067
2022-09-28,NORTH,263.25,265.0,262.94,264.68,4815044
2022-09-29,NORTH,264.23,270.06,263.31,269.4,3080836
2022-09-30,NORTH,269.65,269.77,267.57,267.6,3229856
2022-10-03,NORTH,268.04,269.05,264.66,265.59,784580
2022-10-04,NORTH,265.8,266.71,263.49,265.47,1344891
2022-10-05,NORTH,264.22,267.3,264.2,266.64,4135632
2022-10-06,NORTH,265.58,266.5,263.44,266.2,2604211
2022-10-07,NORTH,266.63,273.06,266.01,269.61,3273400
2022-10-10,NORTH,271.19,271.91,264.07,267.08,4942186
2022-10-11,NORTH,267.24,269.36,266.68,267.51,2427704
2022-10-12,NORTH,267.07,270.73,264.72,269.0,2214045
2022-10-13,NORTH,269.24,270.09,267.14,267.76,4110060
2022-10-14,NORTH,266.54,271.68,265.11,270.51,797094
2022-10-17,NORTH,271.93,272.57,270.68,271.05,2547511
2022-10-18,NORTH,271.25,274.8,268.57,273.67,4346576
2022-10-19,NORTH,272.94,274.44,271.83,274.36,1525037
2022-10-20,NORTH,274.18,279.64,271.71,275.65,1868026
2022-10-21,NORTH,275.07,277.43,270.84,273.62,2626253
2022-10-24,NORTH,275.05,277.0,271.41,271.6,834326
2022-10-25,NORTH,271.38,276.91,270.47,275.65,818743
2022-10-26,NORTH,275.82,280.74,275.09,277.8,1631478
2022-10-27,NORTH,278.44,280.84,273.46,274.45,4540374
2022-10-28,NORTH,273.64,277.36,273.62,275.1,1498205
2022-10-31,NORTH,275.31,276.95,266.88,267.32,3789312
2022-11-01,NORTH,267.61,268.52,263.82,265.53,2417323
2022-11-02,NORTH,263.88,269.55,263.18,268.65,3921421
2022-11-03,NORTH,268.92,270.91,266.17,268.3,1985878
2022-11-04,NORTH,268.25,270.59,266.89,268.73,4435219
2022-11-07,NORTH,268.87,269.7,258.92,259.06,2168780
2022-11-08,NORTH,259.09,259.24,257.71,257.89,4062076
2022-11-09,NORTH,258.16,259.28,253.41,258.99,4241357
2022-11-10,NORTH,260.37,261.82,258.27,260.48,2443336
2022-11-11,NORTH,259.26,268.98,259.06,263.54,3501189
2022-11-14,NORTH,263.18,263.85,260.69,262.93,1033863
2022-11-15,NORTH,263.63,264.8,261.85,262.46,2733925
2022-11-16,NORTH,262.97,265.01,257.78,258.32,2180141
2022-11-17,NORTH,258.79,259.3,256.43,257.74,4794838
2022-11-18,NORTH,260.58,262.05,253.2,253.89,4703381
2022-11-21,NORTH,254.51,255.22,248.02,248.31,4025079
2022-11-22,NORTH,249.43,250.11,244.49,245.12,4770907
2022-11-23,NORTH,244.82,250.3,242.76,249.61,4891622
2022-11-24,NORTH,248.62,251.81,247.65,248.85,3955418
2022-11-25,NORTH,248.54,250.66,247.97,249.56,3172194
2022-11-28,NORTH,250.27,250.45,247.96,248.07,1419937
2022-11-29,NORTH,248.47,249.43,241.97,242.79,4169295
2022-11-30,NORTH,243.18,246.88,242.84,245.56,1375024
2022-12-01,NORTH,245.35,247.23,238.85,239.21,1333409
2022-12-02,NORTH,238.85,239.47,235.21,237.67,4458971
2022-12-05,NORTH,237.5,239.06,236.73,237.56,1014956
2022-12-06,NORTH,238.25,239.21,237.25,238.26,1138621
2022-12-07,NORTH,239.07,240.38,235.18,236.23,2799422
2022-12-08,NORTH,235.28,236.56,229.25,231.07,3128618
2022-12-09,NORTH,231.78,233.88,228.64,228.9,705107
2022-12-12,NORTH,228.3,230.59,225.49,226.89,2202132
2022-12-13,NORTH,227.31,228.55,224.8,224.83,1513621
2022-12-14,NORTH,224.65,228.61,224.18,227.49,1859049
2022-12-15,NORTH,228.91,232.55,223.8,224.22,1313887
2022-12-16,NORTH,223.85,225.74,223.09,225.08,3548219
2022-12-19,NORTH,225.24,226.98,224.47,225.55,2628456
2022-12-20,NORTH,226.1,228.98,225.42,228.19,4818060
2022-12-21,NORTH,227.39,228.46,226.92,227.87,537383
2022-12-22,NORTH,227.81,231.57,225.55,230.08,3999351
2022-12-23,NORTH,229.84,230.56,229.02,229.65,4593784
2022-12-26,NORTH,229.18,231.58,228.13,230.9,2687731
2022-12-27,NORTH,230.49,231.43,226.49,226.78,3647099
2022-12-28,NORTH,227.79,228.79,219.44,219.64,2483201
2022-12-29,NORTH,219.12,221.04,216.63,220.68,3177664
2022-12-30,NORTH,221.18,222.25,221.08,221.87,4584488
2023-01-02,NORTH,222.15,225.69,221.46,223.18,2886012
2023-01-03,NORTH,221.93,222.46,220.97,221.82,3101481
2023-01-04,NORTH,222.28,226.29,222.12,225.83,4940143
2023-01-05,NORTH,224.55,225.4,221.89,224.63,2734875
2023-01-06,NORTH,225.19,226.6,223.47,225.81,1279332
2023-01-09,NORTH,225.35,229.79,224.79,227.46,3572761
2023-01-10,NORTH,227.47,234.39,225.83,232.2,3617964
2023-01-11,NORTH,231.0,233.04,229.91,231.36,1567192
2023-01-12,NORTH,231.48,231.73,229.28,229.6,3779251
2023-01-13,NORTH,230.45,231.93,224.59,225.51,786809
2023-01-16,NORTH,224.79,232.22,224.13,229.76,1940013
2023-01-17,NORTH,229.2,231.73,228.07,230.97,4348001
2023-01-18,NORTH,231.39,234.17,228.9,232.27,3278785
2023-01-19,NORTH,232.71,241.38,231.26,241.0,3232677
2023-01-20,NORTH,238.66,243.55,235.7,241.99,3294286
2023-01-23,NORTH,243.94,244.6,236.97,238.26,1241946
2023-01-24,NORTH,238.76,238.83,235.59,237.75,4825944
2023-01-25,NORTH,238.41,240.49,232.11,235.01,1841215
2023-01-26,NORTH,234.88,235.52,233.61,233.94,4038976
2023-01-27,NORTH,232.21,233.92,231.32,232.86,4954700
2023-01-30,NORTH,233.49,233.71,230.96,231.27,1584156
2023-01-31,NORTH,230.74,231.89,226.8,227.44,3354906
2023-02-01,NORTH,227.94,232.42,225.8,231.84,690497
2023-02-02,NORTH,231.63,233.43,230.84,232.71,3362504
2023-02-03,NORTH,232.94,234.85,230.13,232.13,2484589
2023-02-06,NORTH,231.41,234.53,229.96,234.29,824736
2023-02-07,NORTH,235.1,235.83,234.04,235.66,3524047
2023-02-08,NORTH,234.54,237.26,234.52,236.49,4860462
2023-02-09,NORTH,238.61,239.8,238.07,238.48,873884
2023-02-10,NORTH,240.61,241.3,238.01,238.91,4517523
2023-02-13,NORTH,240.47,241.32,240.36,240.88,4295931
2023-02-14,NORTH,242.11,244.46,241.22,243.1,2965020
2023-02-15,NORTH,243.02,244.9,240.16,243.63,4556202
2023-02-16,NORTH,244.76,246.7,242.85,243.03,1892250
2023-02-17,NORTH,242.94,252.29,242.88,247.54,3740337
2023-02-20,NORTH,246.0,246.28,243.75,246.17,3641248
2023-02-21,NORTH,247.65,248.87,246.56,247.38,3112165
2023-02-22,NORTH,248.49,249.25,246.52,248.66,4250184
2023-02-23,NORTH,248.62,251.56,246.52,246.89,4443292
2023-02-24,NORTH,245.68,246.63,242.96,244.54,4037546
2023-02-27,NORTH,243.97,244.66,243.03,243.55,3147729
2023-02-28,NORTH,241.78,243.66,241.64,242.16,4896713
2023-03-01,NORTH,243.08,243.68,235.91,237.97,3000021
2023-03-02,NORTH,236.45,237.24,236.08,236.16,3365849
2023-03-03,NORTH,236.43,237.01,234.68,236.96,1349657
2023-03-06,NORTH,236.16,241.47,234.41,240.61,1945514
2023-03-07,NORTH,239.24,243.64,238.89,242.26,4571125
2023-03-08,NORTH,242.49,242.62,234.2,234.75,2740674
2023-03-09,NORTH,234.44,237.76,233.46,236.6,2800567
2023-03-10,NORTH,237.4,238.05,234.72,235.07,4173427
2023-03-13,NORTH,233.87,237.3,233.25,236.39,1967332
2023-03-14,NORTH,235.68,237.85,235.06,236.4,1694041
2023-03-15,NORTH,234.14,236.15,232.77,235.9,539931
2023-03-16,NORTH,233.84,236.2,231.53,235.66,1541337
2023-03-17,NORTH,237.35,237.5,235.27,235.64,2804347
2023-03-20,NORTH,237.6,240.94,236.88,239.49,3761755
2023-03-21,NORTH,239.58,242.24,236.84,239.48,1981097
2023-03-22,NORTH,238.69,243.41,235.99,242.65,2499923
2023-03-23,NORTH,242.36,246.85,239.46,245.43,1497445
2023-03-24,NORTH,246.29,250.11,244.9,247.45,4174566
2023-03-27,NORTH,246.94,247.49,241.36,242.19,2861851
2023-03-28,NORTH,242.42,247.08,241.16,245.49,1146576
2023-03-29,NORTH,245.47,246.35,243.07,244.19,3243070
2023-03-30,NORTH,243.63,246.95,243.11,246.33,2010634
2023-03-31,NORTH,245.81,247.2,241.64,243.51,4393128
2023-04-03,NORTH,243.79,243.91,240.09,240.09,1706449
2023-04-04,NORTH,239.15,246.2,238.97,245.83,4391287
2023-04-05,NORTH,246.28,246.42,240.82,243.06,3640406
2023-04-06,NORTH,242.6,246.72,241.66,246.45,1109152
2023-04-07,NORTH,246.58,248.45,246.19,246.85,3916981
2023-04-10,NORTH,248.22,248.85,244.97,245.66,3742668
2023-04-11,NORTH,245.49,246.27,245.14,245.57,2552012
2023-04-12,NORTH,246.48,246.77,241.53,241.79,1223163
2023-04-13,NORTH,240.06,241.96,239.99,241.8,2651132
2023-04-14,NORTH,241.34,243.77,237.58,238.7,3238775
2023-04-17,NORTH,238.73,239.62,237.33,237.62,1094143
2023-04-18,NORTH,239.45,242.15,237.36,240.3,2034861
2023-04-19,NORTH,238.42,242.15,237.61,241.09,3658226
2023-04-20,NORTH,240.99,242.6,235.7,236.85,2987954
2023-04-21,NORTH,238.23,241.08,236.33,239.31,4965429
2023-04-24,NORTH,238.56,239.76,237.1,239.34,1475325
2023-04-25,NORTH,239.14,241.52,237.43,237.83,4000648
2023-04-26,NORTH,238.15,240.69,238.01,240.01,2414504
2023-04-27,NORTH,240.19,241.45,236.51,239.58,1504005
2023-04-28,NORTH,241.08,241.62,235.73,236.27,4780248
2023-05-01,NORTH,236.7,243.2,235.04,241.56,3304052
2023-05-02,NORTH,242.84,244.19,240.9,241.56,2909437
2023-05-03,NORTH,241.21,242.9,240.97,241.37,1827305
2023-05-04,NORTH,240.65,240.86,238.74,240.24,4466519
2023-05-05,NORTH,240.03,243.99,238.88,243.69,635794
2023-05-08,NORTH,242.56,243.3,240.72,242.21,1018104
2023-05-09,NORTH,242.68,246.11,233.81,237.77,1309202
2023-05-10,NORTH,237.4,237.73,233.42,235.88,3438552
2023-05-11,NORTH,235.24,239.77,234.35,239.68,961671
2023-05-12,NORTH,240.16,243.85,236.61,242.12,4087230
2023-05-15,NORTH,241.01,241.96,239.88,241.43,1381696
2023-05-16,NORTH,242.17,246.94,239.61,245.46,4080219
2023-05-17,NORTH,244.99,250.19,244.98,247.71,4453669
2023-05-18,NORTH,248.86,249.53,246.56,246.97,1817744
2023-05-19,NORTH,246.58,248.13,245.56,246.52,836151
2023-05-22,NORTH,247.15,249.88,245.55,247.55,3906679
2023-05-23,NORTH,247.72,248.87,245.0,245.12,2519182
2023-05-24,NORTH,245.85,247.17,244.83,245.19,4769881
2023-05-25,NORTH,245.29,246.98,244.53,246.14,1346618
2023-05-26,NORTH,244.51,245.42,240.84,241.21,3084229
2023-05-29,NORTH,242.18,242.57,240.22,240.71,1036152
2023-05-30,NORTH,240.63,241.89,238.39,239.88,2684340
2023-05-31,NORTH,240.64,243.68,238.82,242.89,504647
2023-06-01,NORTH,243.56,246.43,236.02,237.56,3875572
2023-06-02,NORTH,236.83,238.68,236.28,236.52,3221989
2023-06-05,NORTH,235.66,235.67,232.18,235.2,936905
2023-06-06,NORTH,235.82,240.62,235.61,237.96,2747628
2023-06-07,NORTH,237.67,238.31,236.59,237.88,2426954
2023-06-08,NORTH,238.77,245.09,238.59,243.06,3531416
2023-06-09,NORTH,242.88,247.45,241.91,245.04,2744710
2023-06-12,NORTH,246.04,249.24,243.85,243.88,2565396
2023-06-13,NORTH,244.29,246.18,242.77,244.63,4239730
2023-06-14,NORTH,244.91,245.29,241.77,243.64,2835819
2023-06-15,NORTH,243.28,247.62,241.49,246.2,4163979
2023-06-16,NORTH,246.43,246.89,240.9,242.31,4484033
2023-06-19,NORTH,243.47,246.11,239.97,239.97,4317194
2023-06-20,NORTH,239.92,242.0,238.54,241.33,4799959
2023-06-21,NORTH,241.84,245.35,240.51,244.93,3640428
2023-06-22,NORTH,244.97,246.36,237.37,238.5,3027918
2023-06-23,NORTH,238.62,244.15,238.19,242.48,2887501
2023-06-26,NORTH,244.16,248.94,241.07,242.13,1420255
2023-06-27,NORTH,243.29,243.94,234.75,236.7,4225456
2023-06-28,NORTH,236.78,236.84,227.64,228.22,3619735
2023-06-29,NORTH,228.42,229.32,221.61,224.08,4429770
2023-06-30,NORTH,223.45,225.23,222.74,224.07,3656691
2023-07-03,NORTH,223.92,225.55,222.98,223.94,2662180
2023-07-04,NORTH,224.22,227.6,223.37,225.68,1828575
2023-07-05,NORTH,226.45,229.3,222.06,224.24,4935478
2023-07-06,NORTH,224.91,226.83,221.22,221.3,3801259
2023-07-07,NORTH,220.32,222.03,220.14,220.25,4436681
2023-07-10,NORTH,221.11,221.31,218.9,220.38,3132541
2023-07-11,NORTH,220.31,221.71,220.07,221.04,2797113
2023-07-12,NORTH,220.17,220.71,218.76,218.99,654368
2023-07-13,NORTH,220.16,221.45,218.97,221.4,811794
2023-07-14,NORTH,222.7,222.98,217.85,219.8,3680434
2023-07-17,NORTH,220.03,221.24,217.17,217.55,1510214
2023-07-18,NORTH,218.16,218.47,215.1,216.17,869018
2023-07-19,NORTH,216.84,220.02,216.75,219.01,3993793
2023-07-20,NORTH,220.23,221.83,216.77,218.7,3292385
2023-07-21,NORTH,219.34,220.41,214.87,216.92,1000194
2023-07-24,NORTH,215.77,220.89,213.58,219.38,2749399
2023-07-25,NORTH,221.14,225.63,220.12,225.06,2614100
2023-07-26,NORTH,226.02,226.61,224.5,225.67,516713
2023-07-27,NORTH,225.21,229.22,224.95,229.06,3221834
2023-07-28,NORTH,228.11,234.7,227.57,231.95,2285097
2023-07-31,NORTH,232.42,235.5,229.28,230.31,4452560
2023-08-01,NORTH,230.06,231.08,228.93,230.43,1020760
2023-08-02,NORTH,230.74,230.74,225.97,226.93,4312012
2023-08-03,NORTH,227.61,228.72,226.16,226.42,528900
2023-08-04,NORTH,225.91,226.88,223.54,224.76,3939250
2023-08-07,NORTH,223.76,223.98,222.16,223.72,4021653
2023-08-08,NORTH,224.07,224.3,221.49,221.75,2334624
2023-08-09,NORTH,221.28,222.27,220.71,221.03,1762485
2023-08-10,NORTH,221.16,223.31,220.61,222.49,1140121
2023-08-11,NORTH,221.29,224.72,221.28,222.21,2029716
2023-08-14,NORTH,221.99,223.02,216.58,217.29,3513421
2023-08-15,NORTH,217.91,217.94,213.77,215.39,3761962
2023-08-16,NORTH,215.91,216.54,210.82,211.5,1315798
2023-08-17,NORTH,210.83,212.46,210.46,212.16,550127
2023-08-18,NORTH,211.17,213.69,209.15,213.49,3025915
2023-08-21,NORTH,213.5,215.85,212.59,214.19,3113533
2023-08-22,NORTH,214.67,218.83,211.55,212.21,4913051
2023-08-23,NORTH,212.55,214.43,212.14,212.88,3926013
2023-08-24,NORTH,212.44,213.16,210.96,211.72,2976393
2023-08-25,NORTH,211.97,212.77,208.18,208.87,3163259
2023-08-28,NORTH,210.12,211.62,207.49,210.77,3405005
2023-08-29,NORTH,210.94,214.06,210.0,212.88,2532799
2023-08-30,NORTH,211.49,216.98,209.44,215.35,3549089
2023-08-31,NORTH,215.52,215.6,212.47,213.82,1379498
2023-09-01,NORTH,215.57,217.94,214.66,216.89,4236747
2023-09-04,NORTH,215.77,217.86,214.39,215.65,4377550
2023-09-05,NORTH,215.67,218.32,215.55,217.38,2457413
2023-09-06,NORTH,217.18,217.93,214.47,216.09,2555032
2023-09-07,NORTH,216.17,216.23,213.56,215.55,2738794
2023-09-08,NORTH,215.72,217.55,208.7,209.33,4178167
2023-09-11,NORTH,210.29,212.07,205.94,208.62,1291874
2023-09-12,NORTH,208.69,211.84,208.24,208.89,2036852
2023-09-13,NORTH,209.95,211.89,205.87,207.9,3266059
2023-09-14,NORTH,207.8,214.91,206.49,212.32,3620358
2023-09-15,NORTH,212.03,212.1,207.09,209.41,1830911
2023-09-18,NORTH,208.84,210.27,207.09,208.03,1027298
2023-09-19,NORTH,206.52,206.57,205.17,205.81,2784311
2023-09-20,NORTH,206.04,206.13,204.34,204.46,3373496
2023-09-21,NORTH,206.14,207.28,205.91,207.03,3949507
2023-09-22,NORTH,207.41,211.81,205.94,210.75,513364
2023-09-25,NORTH,211.33,211.87,209.0,209.02,579064
2023-09-26,NORTH,208.67,209.07,206.0,207.25,2239256
2023-09-27,NORTH,207.04,208.41,204.38,204.41,3037619
2023-09-28,NORTH,205.21,207.88,204.19,207.65,516048
2023-09-29,NORTH,209.32,211.71,207.76,210.49,1280502
2023-10-02,NORTH,211.74,213.89,209.24,210.26,2385083
2023-10-03,NORTH,210.94,211.16,206.3,206.78,1757225
2023-10-04,NORTH,206.81,208.39,203.16,203.58,3697449
2023-10-05,NORTH,203.75,205.69,202.77,204.04,656209
2023-10-06,NORTH,203.42,206.08,200.73,205.43,4497535
2023-10-09,NORTH,204.24,206.41,199.87,200.37,1262582
2023-10-10,NORTH,199.47,201.33,198.4,199.64,2482877
2023-10-11,NORTH,199.68,203.75,198.85,203.56,4939832
2023-10-12,NORTH,203.32,203.37,202.15,203.07,3481982
2023-10-13,NORTH,201.87,208.02,200.68,206.74,4993352
2023-10-16,NORTH,206.71,209.34,206.52,208.39,588489
2023-10-17,NORTH,208.12,208.13,202.81,205.72,3739315
2023-10-18,NORTH,204.75,205.88,203.83,205.04,840642
2023-10-19,NORTH,204.73,205.01,204.57,204.76,3253355
2023-10-20,NORTH,204.5,206.56,202.03,202.46,1966772
2023-10-23,NORTH,201.96,203.95,198.04,200.15,3996531
2023-10-24,NORTH,200.89,205.18,199.54,203.81,1059585
2023-10-25,NORTH,202.25,202.68,198.42,201.46,4534494
2023-10-26,NORTH,199.86,204.11,197.78,204.1,2663421
2023-10-27,NORTH,204.11,205.39,201.21,203.08,2836872
2023-10-30,NORTH,203.15,204.27,202.58,203.05,3069995
2023-10-31,NORTH,203.38,205.17,203.22,204.46,658777
2023-11-01,NORTH,204.02,204.16,201.15,203.04,1896846
2023-11-02,NORTH,202.29,205.62,202.02,204.46,3692281
2023-11-03,NORTH,204.45,204.93,197.33,199.48,4823722
2023-11-06,NORTH,199.13,200.65,198.97,200.57,4930711
2023-11-07,NORTH,201.82,202.58,194.01,194.67,2910659
2023-11-08,NORTH,194.42,194.47,192.13,194.18,1661238
2023-11-09,NORTH,194.14,196.36,192.53,196.21,2649073
2023-11-10,NORTH,198.15,198.33,197.63,197.71,2585595
2023-11-13,NORTH,197.56,198.05,192.62,194.67,2287583
2023-11-14,NORTH,195.11,196.63,190.91,191.98,2125734
2023-11-15,NORTH,192.48,192.56,188.97,190.43,4407494
2023-11-16,NORTH,190.99,191.91,190.74,190.89,2257103
2023-11-17,NORTH,191.12,192.29,186.05,186.28,631663
2023-11-20,NORTH,186.42,186.69,185.72,186.29,3746299
2023-11-21,NORTH,186.36,187.84,185.49,187.02,3492827
2023-11-22,NORTH,186.59,186.8,186.33,186.42,2202819
2023-11-23,NORTH,186.66,188.23,185.47,187.63,3334966
2023-11-24,NORTH,189.16,189.81,187.77,188.18,4734878
2023-11-27,NORTH,189.09,189.81,183.57,186.99,4659889
2023-11-28,NORTH,187.22,189.91,182.06,182.68,4053463
2023-11-29,NORTH,183.31,184.19,182.02,183.01,3125041
2023-11-30,NORTH,182.38,184.43,179.84,180.96,624411
2023-12-01,NORTH,180.77,182.3,179.51,179.74,2804946
2023-12-04,NORTH,180.42,181.36,178.56,180.8,4183469
2023-12-05,NORTH,181.88,186.31,181.56,183.92,4302030
2023-12-06,NORTH,183.35,185.72,181.25,183.87,3977858
2023-12-07,NORTH,183.51,185.91,183.34,185.13,4939274
2023-12-08,NORTH,186.74,187.14,180.48,181.96,2824221
2023-12-11,NORTH,182.03,184.57,181.61,182.53,993665
2023-12-12,NORTH,183.86,184.03,181.77,182.43,2735678
2023-12-13,NORTH,182.59,185.77,180.06,185.16,1934213
2023-12-14,NORTH,185.34,186.25,182.81,184.0,4259871
2023-12-15,NORTH,183.77,183.94,183.34,183.5,3997123
2023-12-18,NORTH,184.19,186.39,183.39,185.87,2411533
2023-12-19,NORTH,186.88,187.85,184.73,185.7,2247088
2023-12-20,NORTH,184.93,187.08,182.48,183.27,1217580
2023-12-21,NORTH,183.01,189.0,182.1,188.92,694247
2023-12-22,NORTH,189.61,190.61,185.96,186.51,1908044
2023-12-25,NORTH,186.41,186.87,183.89,186.4,1584578
2023-12-26,NORTH,186.03,187.56,185.57,187.21,1693410
2023-12-27,NORTH,187.97,189.23,186.71,187.85,4993129
2023-12-28,NORTH,188.68,188.87,187.05,187.46,3564765
2023-12-29,NORTH,187.12,187.36,186.18,187.08,2981258
2021-01-04,VERTEX,30.12,30.43,30.09,30.15,1304930
2021-01-05,VERTEX,30.21,31.16,30.07,31.06,4177232
2021-01-06,VERTEX,31.24,32.27,31.18,32.15,1522664
2021-01-07,VERTEX,31.95,33.3,31.72,32.88,1514993
2021-01-08,VERTEX,33.13,33.27,32.31,32.37,2253034
2021-01-11,VERTEX,32.16,33.23,31.96,32.81,2120032
2021-01-12,VERTEX,32.65,33.37,32.62,33.25,3883456
2021-01-13,VERTEX,33.17,33.26,32.39,32.49,4711350
2021-01-14,VERTEX,32.66,32.81,30.97,31.05,1206361
2021-01-15,VERTEX,31.08,31.5,29.06,29.28,1963072
2021-01-18,VERTEX,29.25,29.58,29.12,29.33,4684290
2021-01-19,VERTEX,29.24,29.6,29.16,29.56,3176013
2021-01-20,VERTEX,29.4,29.56,28.47,28.58,1423755
2021-01-21,VERTEX,28.71,29.69,28.7,29.41,3216152
2021-01-22,VERTEX,29.5,29.59,29.37,29.52,4441886
2021-01-25,VERTEX,29.68,30.75,29.49,30.63,2182292
2021-01-26,VERTEX,30.68,31.01,30.29,30.94,2676757
2021-01-27,VERTEX,30.61,30.84,29.73,30.0,3261094
2021-01-28,VERTEX,29.86,30.47,29.5,30.38,4282790
2021-01-29,VERTEX,30.44,30.98,30.32,30.94,3040567
2021-02-01,VERTEX,30.9,31.03,30.11,30.46,4812330
2021-02-02,VERTEX,30.39,30.46,29.15,29.22,3897345
2021-02-03,VERTEX,29.09,29.51,29.08,29.29,2399663
2021-02-04,VERTEX,29.4,29.69,28.21,28.46,2693704
2021-02-05,VERTEX,28.51,29.38,28.51,29.35,3634720
2021-02-08,VERTEX,29.41,29.42,28.67,29.0,817989
2021-02-09,VERTEX,28.93,30.5,28.66,30.4,1520229
2021-02-10,VERTEX,30.42,30.5,28.53,28.58,1572100
2021-02-11,VERTEX,28.43,28.74,28.23,28.68,4103535
2021-02-12,VERTEX,28.66,30.07,28.5,29.82,4201305
2021-02-15,VERTEX,29.52,29.65,28.92,29.06,4189665
2021-02-16,VERTEX,28.88,28.94,28.66,28.93,974095
2021-02-17,VERTEX,28.89,29.06,28.31,28.59,1828605
2021-02-18,VERTEX,28.86,29.0,28.0,28.04,1904528
2021-02-19,VERTEX,27.83,28.22,27.78,28.22,608633
2021-02-22,VERTEX,28.08,28.09,26.93,27.19,1660068
2021-02-23,VERTEX,27.21,27.42,26.94,27.09,2440423
2021-02-24,VERTEX,27.29,27.51,27.28,27.48,4485711
2021-02-25,VERTEX,27.5,27.51,27.23,27.3,1265002
2021-02-26,VERTEX,27.38,27.47,26.39,26.53,4371262
2021-03-01,VERTEX,26.5,27.48,26.39,27.29,4183479
2021-03-02,VERTEX,27.23,27.84,27.12,27.84,1212375
2021-03-03,VERTEX,27.85,28.08,26.79,27.02,1674937
2021-03-04,VERTEX,26.95,27.28,25.73,26.03,2562111
2021-03-05,VERTEX,26.11,26.31,25.31,25.33,4746617
2021-03-08,VERTEX,25.17,25.89,25.13,25.71,4032394
2021-03-09,VERTEX,25.8,25.97,25.71,25.9,4873140
2021-03-10,VERTEX,25.9,26.54,25.9,26.46,1906571
2021-03-11,VERTEX,26.44,26.49,26.13,26.21,4589761
2021-03-12,VERTEX,26.04,26.16,25.51,25.53,4802629
2021-03-15,VERTEX,25.43,26.45,25.37,26.18,3198265
2021-03-16,VERTEX,26.3,26.36,25.7,25.76,1193299
2021-03-17,VERTEX,25.74,26.0,25.71,25.89,1703426
2021-03-18,VERTEX,25.92,25.96,24.73,24.76,1079108
2021-03-19,VERTEX,24.67,24.73,24.31,24.36,4132662
2021-03-22,VERTEX,24.35,25.07,24.29,25.04,1908835
2021-03-23,VERTEX,24.9,24.96,24.42,24.53,3657179
2021-03-24,VERTEX,24.54,25.16,24.28,25.08,1702647
2021-03-25,VERTEX,25.12,25.16,23.21,23.44,4897257
2021-03-26,VERTEX,23.47,23.48,23.04,23.06,3981186
2021-03-29,VERTEX,22.98,23.22,22.86,22.94,2197634
2021-03-30,VERTEX,22.91,24.08,22.81,24.06,2645210
2021-03-31,VERTEX,24.11,24.11,23.16,23.26,764455
2021-04-01,VERTEX,23.24,23.71,23.11,23.69,1115493
2021-04-02,VERTEX,23.67,24.42,23.52,24.39,4992738
2021-04-05,VERTEX,24.57,24.64,23.85,23.89,4171578
2021-04-06,VERTEX,23.8,23.83,23.53,23.63,4272186
2021-04-07,VERTEX,23.73,23.8,23.63,23.72,3395761
2021-04-08,VERTEX,23.61,23.63,22.64,22.73,1496703
2021-04-09,VERTEX,22.78,22.89,22.11,22.43,973792
2021-04-12,VERTEX,22.49,23.24,22.44,23.22,3765325
2021-04-13,VERTEX,23.18,23.64,23.01,23.56,1992817
2021-04-14,VERTEX,23.44,23.48,23.42,23.45,503105
2021-04-15,VERTEX,23.26,23.8,23.15,23.51,601471
2021-04-16,VERTEX,23.46,23.97,23.36,23.89,3010140
2021-04-19,VERTEX,23.94,24.42,23.5,24.4,4280723
2021-04-20,VERTEX,24.29,24.44,23.86,24.01,2132772
2021-04-21,VERTEX,24.02,25.15,23.87,25.03,4999222
2021-04-22,VERTEX,24.89,26.17,24.8,25.95,2215998
2021-04-23,VERTEX,25.93,26.6,25.85,26.43,3799960
2021-04-26,VERTEX,26.31,26.32,25.44,25.8,1600339
2021-04-27,VERTEX,25.79,26.15,24.81,25.06,3232765
2021-04-28,VERTEX,25.01,25.03,24.64,24.82,1736803
2021-04-29,VERTEX,24.7,24.92,24.61,24.86,4001839
2021-04-30,VERTEX,24.79,24.87,23.43,23.62,2546008
2021-05-03,VERTEX,23.53,24.04,23.44,23.94,688127
2021-05-04,VERTEX,23.81,24.81,23.81,24.79,1616652
2021-05-05,VERTEX,24.9,25.26,24.72,25.19,2084962
2021-05-06,VERTEX,25.15,25.43,24.4,24.7,2598979
2021-05-07,VERTEX,24.48,24.67,24.12,24.15,1716139
2021-05-10,VERTEX,24.08,24.38,24.0,24.34,3098064
2021-05-11,VERTEX,24.43,24.54,24.14,24.23,4836009
2021-05-12,VERTEX,24.15,24.69,24.03,24.52,3700001
2021-05-13,VERTEX,24.67,25.04,24.44,24.93,1901045
2021-05-14,VERTEX,24.84,25.88,24.83,25.68,3547155
2021-05-17,VERTEX,25.73,25.75,24.82,24.86,4850331
2021-05-18,VERTEX,24.96,25.1,24.95,25.01,1588951
2021-05-19,VERTEX,25.05,25.13,24.71,24.75,1545712
2021-05-20,VERTEX,24.61,24.83,24.51,24.67,676353
2021-05-21,VERTEX,24.58,25.35,24.13,25.26,4290113
2021-05-24,VERTEX,25.38,25.94,25.2,25.94,4247068
2021-05-25,VERTEX,25.86,26.99,25.81,26.95,2361703
2021-05-26,VERTEX,27.05,27.39,26.81,27.26,4425407
2021-05-27,VERTEX,27.21,27.23,27.09,27.17,3431966
2021-05-28,VERTEX,27.18,27.33,26.9,26.97,4905002
2021-05-31,VERTEX,26.82,27.09,25.59,25.65,4651964
2021-06-01,VERTEX,25.59,26.61,25.47,26.6,4818702
2021-06-02,VERTEX,26.51,26.66,26.27,26.36,2265969
2021-06-03,VERTEX,26.38,26.89,26.25,26.72,3352163
2021-06-04,VERTEX,26.73,27.27,26.56,27.22,1252730
2021-06-07,VERTEX,27.27,27.36,26.09,26.27,4524222
2021-06-08,VERTEX,26.21,26.41,25.55,25.58,1931085
2021-06-09,VERTEX,25.48,26.89,25.46,26.68,2516037
2021-06-10,VERTEX,26.7,27.04,26.59,26.89,3174341
2021-06-11,VERTEX,26.78,27.09,26.34,26.44,4043010
2021-06-14,VERTEX,26.56,26.79,26.27,26.34,3792799
2021-06-15,VERTEX,26.33,27.23,26.28,27.13,4799005
2021-06-16,VERTEX,27.1,27.88,26.85,27.84,3708420
2021-06-17,VERTEX,27.89,28.14,26.65,26.68,4083253
2021-06-18,VERTEX,26.68,28.0,26.56,27.9,3076045
2021-06-21,VERTEX,27.71,28.7,27.57,28.64,2370944
2021-06-22,VERTEX,28.52,28.7,28.42,28.51,4610030
2021-06-23,VERTEX,28.63,28.72,27.48,27.55,2199916
2021-06-24,VERTEX,27.56,28.58,27.3,28.36,3291426
2021-06-25,VERTEX,28.17,28.95,28.15,28.73,1811942
2021-06-28,VERTEX,28.77,28.84,27.35,27.55,2670755
2021-06-29,VERTEX,27.49,27.62,27.35,27.36,2151785
2021-06-30,VERTEX,27.26,29.89,26.89,29.75,1662641
2021-07-01,VERTEX,29.61,30.15,29.34,29.75,4192594
2021-07-02,VERTEX,29.87,29.91,28.92,29.12,3952769
2021-07-05,VERTEX,28.89,28.99,28.23,28.29,3656751
2021-07-06,VERTEX,28.2,29.77,28.14,29.69,873585
2021-07-07,VERTEX,29.7,30.4,29.54,30.38,1624456
2021-07-08,VERTEX,30.58,31.86,30.38,31.57,1481301
2021-07-09,VERTEX,31.64,31.78,31.6,31.78,3701908
2021-07-12,VERTEX,31.67,32.9,31.61,32.89,4516002
2021-07-13,VERTEX,33.09,33.45,31.8,32.1,2207279
2021-07-14,VERTEX,31.92,32.58,31.89,32.23,1986448
2021-07-15,VERTEX,32.27,32.54,32.26,32.48,3009976
2021-07-16,VERTEX,32.55,33.99,32.28,33.73,4944405
2021-07-19,VERTEX,33.61,34.07,33.54,34.02,2166661
2021-07-20,VERTEX,34.12,34.15,33.38,33.42,1752470
2021-07-21,VERTEX,33.35,33.63,33.27,33.47,2847332
2021-07-22,VERTEX,33.56,33.75,31.79,31.89,4621526
2021-07-23,VERTEX,31.65,32.0,29.74,29.8,3784117
2021-07-26,VERTEX,29.84,30.6,29.57,30.49,2832105
2021-07-27,VERTEX,30.44,30.62,30.13,30.16,3790087
2021-07-28,VERTEX,30.3,30.32,29.72,29.93,568082
2021-07-29,VERTEX,29.92,30.76,29.81,30.62,3889321
2021-07-30,VERTEX,30.77,31.9,30.57,31.81,939310
2021-08-02,VERTEX,31.87,32.36,31.75,32.27,2259674
2021-08-03,VERTEX,32.26,34.01,32.22,34.0,2074507
2021-08-04,VERTEX,34.11,34.58,34.07,34.47,3607229
2021-08-05,VERTEX,34.58,34.98,34.47,34.75,1580114
2021-08-06,VERTEX,34.82,35.0,34.65,34.98,1574202
2021-08-09,VERTEX,34.66,34.88,33.68,33.71,4479177
2021-08-10,VERTEX,33.58,34.63,33.4,34.6,2648427
2021-08-11,VERTEX,34.79,34.92,32.11,32.22,3836596
2021-08-12,VERTEX,32.06,32.08,31.51,31.68,3123981
2021-08-13,VERTEX,31.79,32.18,31.5,31.69,3289537
2021-08-16,VERTEX,31.78,31.81,30.86,30.98,3589169
2021-08-17,VERTEX,30.89,30.97,30.56,30.58,3504164
2021-08-18,VERTEX,30.34,32.33,30.21,32.15,4603981
2021-08-19,VERTEX,32.07,33.28,31.9,33.13,4032108
2021-08-20,VERTEX,33.41,33.49,32.45,32.48,1871458
2021-08-23,VERTEX,32.37,32.57,31.99,32.05,1262970
2021-08-24,VERTEX,31.95,32.16,30.65,30.89,4303786
2021-08-25,VERTEX,30.77,31.67,30.68,31.49,2176421
2021-08-26,VERTEX,31.65,31.74,31.03,31.26,1900059
2021-08-27,VERTEX,31.23,31.33,29.46,29.53,999903
2021-08-30,VERTEX,29.46,29.75,29.45,29.61,2983592
2021-08-31,VERTEX,29.77,29.99,29.64,29.96,2804462
2021-09-01,VERTEX,30.03,30.78,30.02,30.76,4226449
2021-09-02,VERTEX,30.65,30.79,30.64,30.69,3868834
2021-09-03,VERTEX,30.54,30.65,30.21,30.36,3754173
2021-09-06,VERTEX,30.5,32.3,30.4,32.04,2923160
2021-09-07,VERTEX,32.04,32.04,31.89,32.04,4382913
2021-09-08,VERTEX,31.84,32.84,31.4,32.67,4924870
2021-09-09,VERTEX,32.44,32.48,32.15,32.17,4166965
2021-09-10,VERTEX,32.02,33.02,31.8,32.78,2065921
2021-09-13,VERTEX,32.62,32.7,31.25,31.43,1743562
2021-09-14,VERTEX,31.18,31.35,30.8,31.02,505928
2021-09-15,VERTEX,30.88,31.0,29.89,29.96,4968215
2021-09-16,VERTEX,29.85,29.99,29.2,29.44,3796927
2021-09-17,VERTEX,29.39,30.58,29.24,30.46,4716492
2021-09-20,VERTEX,30.67,30.83,29.86,29.93,4044387
2021-09-21,VERTEX,29.9,30.68,29.78,30.53,2435785
2021-09-22,VERTEX,30.51,31.88,30.33,31.81,1152637
2021-09-23,VERTEX,31.88,32.05,31.73,31.78,712442
2021-09-24,VERTEX,31.75,32.67,31.29,32.65,4064512
2021-09-27,VERTEX,32.71,33.24,32.37,33.13,1865735
2021-09-28,VERTEX,33.17,33.3,33.0,33.23,2206816
2021-09-29,VERTEX,33.24,34.3,33.19,33.92,4262686
2021-09-30,VERTEX,34.29,35.73,33.83,35.65,2665811
2021-10-01,VERTEX,35.78,35.9,34.63,35.01,4778916
2021-10-04,VERTEX,34.85,34.86,33.79,34.06,2959719
2021-10-05,VERTEX,34.11,34.11,32.92,33.07,4242523
2021-10-06,VERTEX,32.97,34.02,32.84,33.99,1066686
2021-10-07,VERTEX,34.05,35.23,33.88,35.05,2285344
2021-10-08,VERTEX,34.86,34.93,34.35,34.51,1323981
2021-10-11,VERTEX,34.36,34.42,32.15,32.44,754414
2021-10-12,VERTEX,32.48,32.66,31.77,31.82,4962412
2021-10-13,VERTEX,31.94,32.49,31.92,32.29,2829122
2021-10-14,VERTEX,32.36,32.38,32.07,32.22,2091610
2021-10-15,VERTEX,32.33,32.42,32.01,32.38,2193721
2021-10-18,VERTEX,32.43,32.69,31.88,31.89,1584159
2021-10-19,VERTEX,31.91,33.15,31.7,32.79,1053375
2021-10-20,VERTEX,32.72,33.35,32.67,33.09,4610156
2021-10-21,VERTEX,33.2,33.81,33.09,33.63,976340
2021-10-22,VERTEX,33.77,33.81,33.64,33.77,2231099
2021-10-25,VERTEX,33.76,34.37,33.71,34.25,1188665
2021-10-26,VERTEX,34.24,34.87,34.19,34.68,4683260
2021-10-27,VERTEX,34.9,35.18,33.73,33.77,1426206
2021-10-28,VERTEX,33.77,34.49,33.69,34.11,2272866
2021-10-29,VERTEX,34.12,34.91,33.95,34.86,3892038
2021-11-01,VERTEX,34.93,36.05,34.78,35.98,3066085
2021-11-02,VERTEX,35.96,36.4,35.92,36.38,2217665
2021-11-03,VERTEX,36.27,36.64,35.29,35.39,3036573
2021-11-04,VERTEX,35.44,35.89,34.41,34.58,2466221
2021-11-05,VERTEX,34.57,34.65,34.09,34.14,1801906
2021-11-08,VERTEX,34.4,34.55,33.93,34.32,3192716
2021-11-09,VERTEX,34.42,34.91,34.17,34.19,2143688
2021-11-10,VERTEX,34.11,34.18,32.87,33.1,4820600
2021-11-11,VERTEX,33.2,33.57,31.87,32.04,2584305
2021-11-12,VERTEX,32.08,32.21,30.07,30.15,3904110
2021-11-15,VERTEX,30.31,30.45,27.46,27.51,1554955
2021-11-16,VERTEX,27.45,27.65,27.3,27.4,3405706
2021-11-17,VERTEX,27.42,29.17,27.21,29.17,3017664
2021-11-18,VERTEX,29.16,30.65,29.06,30.63,3847244
2021-11-19,VERTEX,30.64,30.95,29.53,29.78,2577754
2021-11-22,VERTEX,29.68,30.03,29.49,29.9,3736816
2021-11-23,VERTEX,29.97,30.13,28.61,28.66,763643
2021-11-24,VERTEX,28.71,28.72,27.37,27.6,3606121
2021-11-25,VERTEX,27.74,27.8,26.64,26.67,3890518
2021-11-26,VERTEX,26.67,26.69,26.13,26.49,2733832
2021-11-29,VERTEX,26.45,26.8,26.31,26.35,654347
2021-11-30,VERTEX,26.43,26.6,26.39,26.53,3050811
2021-12-01,VERTEX,26.44,27.27,26.14,27.01,4015884
2021-12-02,VERTEX,27.13,27.15,26.51,26.75,2576711
2021-12-03,VERTEX,26.86,27.14,26.5,26.77,923761
2021-12-06,VERTEX,26.9,27.1,25.82,25.94,2277313
2021-12-07,VERTEX,25.98,26.01,24.83,24.96,4973396
2021-12-08,VERTEX,24.91,24.97,23.67,23.9,1718456
2021-12-09,VERTEX,23.91,24.35,23.83,24.33,2882443
2021-12-10,VERTEX,24.36,24.54,24.01,24.09,2098459
2021-12-13,VERTEX,24.04,24.09,22.55,22.82,3705624
2021-12-14,VERTEX,22.94,23.11,22.63,22.77,2428383
2021-12-15,VERTEX,22.83,22.92,21.92,21.97,2229380
2021-12-16,VERTEX,21.89,23.1,21.71,22.99,3107207
2021-12-17,VERTEX,23.16,23.16,22.53,22.61,3072947
2021-12-20,VERTEX,22.61,23.04,22.55,23.03,2749437
2021-12-21,VERTEX,22.93,23.75,22.77,23.73,1662023
2021-12-22,VERTEX,23.65,23.78,23.01,23.08,985770
2021-12-23,VERTEX,23.22,23.39,23.12,23.13,3607274
2021-12-24,VERTEX,23.3,23.53,23.27,23.48,2029881
2021-12-27,VERTEX,23.57,23.77,23.25,23.55,3257619
2021-12-28,VERTEX,23.67,23.78,23.64,23.78,2192870
2021-12-29,VERTEX,23.89,23.99,22.88,22.89,4342858
2021-12-30,VERTEX,22.94,23.31,22.86,23.23,3681166
2021-12-31,VERTEX,23.26,23.38,22.69,22.91,2317775
2022-01-03,VERTEX,22.96,23.18,22.93,23.13,1998014
2022-01-04,VERTEX,23.2,23.99,23.07,23.72,3870622
2022-01-05,VERTEX,23.65,24.19,23.39,24.15,535801
2022-01-06,VERTEX,24.22,24.51,24.12,24.38,759198
2022-01-07,VERTEX,24.52,24.92,24.4,24.81,879514
2022-01-10,VERTEX,24.79,25.33,24.66,25.28,2056443
2022-01-11,VERTEX,25.25,26.36,25.04,,2736492
2022-01-12,VERTEX,26.39,26.47,26.06,26.3,1817870
2022-01-13,VERTEX,26.23,26.54,26.15,26.42,1348229
2022-01-14,VERTEX,26.28,27.32,26.07,27.1,1908346
2022-01-17,VERTEX,27.22,27.26,26.55,26.72,2725800
2022-01-18,VERTEX,26.67,26.7,25.39,25.71,1838332
2022-01-19,VERTEX,25.71,26.12,25.58,26.06,3083924
2022-01-20,VERTEX,25.99,26.2,25.7,25.9,2219958
2022-01-21,VERTEX,26.03,26.15,24.94,25.02,4700470
2022-01-24,VERTEX,25.1,25.57,25.04,25.36,4965510
2022-01-25,VERTEX,25.33,26.49,24.92,26.37,3450109
2022-01-26,VERTEX,26.24,26.47,25.11,25.16,2996602
2022-01-27,VERTEX,25.12,26.17,25.0,25.87,639683
2022-01-28,VERTEX,25.93,26.07,24.0,24.02,3301417
2022-01-31,VERTEX,24.04,24.06,23.73,23.75,2213287
2022-02-01,VERTEX,23.76,25.03,23.7,24.96,1804710
2022-02-02,VERTEX,24.98,25.05,24.57,24.73,4070556
2022-02-03,VERTEX,24.8,25.01,24.78,24.78,689813
2022-02-04,VERTEX,24.78,25.48,24.77,25.3,1672531
2022-02-07,VERTEX,25.35,25.39,23.99,24.08,3983923
2022-02-08,VERTEX,23.98,24.3,23.88,24.12,4662378
2022-02-09,VERTEX,24.37,24.41,24.14,24.16,2815752
2022-02-10,VERTEX,24.13,25.48,23.97,25.41,2880548
2022-02-11,VERTEX,25.43,25.46,24.47,24.52,4851773
2022-02-14,VERTEX,24.58,24.6,24.04,24.25,916014
2022-02-15,VERTEX,24.21,24.27,23.55,23.62,2664310
2022-02-16,VERTEX,23.62,23.69,22.91,22.92,1587517
2022-02-17,VERTEX,22.92,23.69,22.86,23.64,2645593
2022-02-18,VERTEX,23.55,23.68,23.38,23.65,4578346
2022-02-21,VERTEX,23.69,23.73,23.03,23.28,3182476
2022-02-22,VERTEX,23.12,23.46,22.83,22.93,4961568
2022-02-23,VERTEX,23.09,23.18,22.52,22.56,2772647
2022-02-24,VERTEX,22.64,22.66,22.13,22.26,4383571
2022-02-25,VERTEX,22.31,22.39,21.32,21.46,1263680
2022-02-28,VERTEX,21.31,21.48,21.16,21.3,1943045
2022-03-01,VERTEX,21.23,21.27,20.79,21.08,1732498
2022-03-02,VERTEX,21.2,21.34,20.55,20.63,3959685
2022-03-03,VERTEX,20.97,21.06,20.5,20.71,2808779
2022-03-04,VERTEX,20.81,21.02,20.79,20.84,1500024
2022-03-07,VERTEX,20.93,21.05,20.32,20.51,1277689
2022-03-08,VERTEX,20.55,20.62,20.33,20.42,2230350
2022-03-09,VERTEX,20.35,21.73,20.35,21.65,1190830
2022-03-10,VERTEX,21.74,23.06,21.63,22.93,3637256
2022-03-11,VERTEX,22.83,22.95,22.16,22.25,4317334
2022-03-14,VERTEX,22.14,22.26,21.53,21.67,4860056
2022-03-15,VERTEX,21.56,21.65,20.96,21.02,1560648
2022-03-16,VERTEX,21.1,21.75,21.09,21.64,2476392
2022-03-17,VERTEX,21.63,21.66,21.23,21.39,2767403
2022-03-18,VERTEX,21.4,21.55,21.31,21.53,2731263
2022-03-21,VERTEX,21.52,22.81,21.45,22.72,2539436
2022-03-22,VERTEX,22.62,22.73,22.59,22.71,1490758
2022-03-23,VERTEX,22.65,23.23,22.62,23.15,1003750
2022-03-24,VERTEX,23.09,23.54,23.08,23.48,2314502
2022-03-25,VERTEX,23.35,23.43,22.98,23.09,915109
2022-03-28,VERTEX,23.04,23.94,23.01,23.77,783583
2022-03-29,VERTEX,23.66,23.72,23.17,23.19,2858638
2022-03-30,VERTEX,23.25,24.32,23.23,24.06,4363636
2022-03-31,VERTEX,24.12,24.22,23.43,23.65,2932633
2022-04-01,VERTEX,23.53,23.79,23.19,23.33,605005
2022-04-04,VERTEX,23.3,23.4,22.57,22.61,4281938
2022-04-05,VERTEX,22.78,22.89,21.92,22.02,3575860
2022-04-06,VERTEX,21.93,21.97,21.64,21.75,1864053
2022-04-07,VERTEX,21.79,22.02,20.02,20.26,1729497
2022-04-08,VERTEX,20.27,20.38,20.0,20.12,4548041
2022-04-11,VERTEX,20.21,20.39,19.82,19.83,2642492
2022-04-12,VERTEX,19.86,20.32,19.81,20.27,1135550
2022-04-13,VERTEX,20.23,20.55,20.19,20.5,1767012
2022-04-14,VERTEX,20.5,20.52,19.97,20.09,1689922
2022-04-15,VERTEX,20.09,20.24,19.73,19.82,2300318
2022-04-18,VERTEX,19.82,19.9,19.62,19.69,2056122
2022-04-19,VERTEX,19.58,20.7,19.5,20.5,2960500
2022-04-20,VERTEX,20.6,20.68,19.86,20.02,1954170
2022-04-21,VERTEX,20.11,20.12,19.61,19.61,3384020
2022-04-22,VERTEX,19.53,19.54,18.93,18.99,2717065
2022-04-25,VERTEX,18.96,18.97,18.18,18.19,4731287
2022-04-26,VERTEX,18.18,18.37,18.1,18.34,4226522
2022-04-27,VERTEX,18.26,18.52,18.22,18.44,1994904
2022-04-28,VERTEX,18.31,19.12,18.21,19.1,689721
2022-04-29,VERTEX,19.05,19.79,18.9,19.65,3131858
2022-05-02,VERTEX,19.62,21.05,19.48,20.96,2022380
2022-05-03,VERTEX,20.84,21.04,20.84,20.91,4557749
2022-05-04,VERTEX,20.93,20.94,20.75,20.76,2325534
2022-05-05,VERTEX,20.85,20.99,19.91,19.99,1806043
2022-05-06,VERTEX,20.06,20.59,19.91,20.38,2027110
2022-05-09,VERTEX,20.37,20.48,20.16,20.44,4392724
2022-05-10,VERTEX,20.29,20.99,20.2,20.81,1006385
2022-05-11,VERTEX,20.87,20.87,20.06,20.14,4808997
2022-05-12,VERTEX,20.15,20.35,20.03,20.33,1550506
2022-05-13,VERTEX,20.36,20.7,20.17,20.44,4313721
2022-05-16,VERTEX,20.6,20.65,20.4,20.51,2949454
2022-05-17,VERTEX,20.44,20.46,20.07,20.11,3064372
2022-05-18,VERTEX,19.88,20.86,19.84,20.78,1420618
2022-05-19,VERTEX,20.69,21.99,20.67,21.96,3749519
2022-05-20,VERTEX,22.01,22.03,21.14,21.27,3418555
2022-05-23,VERTEX,21.28,21.84,21.12,21.7,2664796
2022-05-24,VERTEX,21.59,21.63,19.7,19.94,2560025
2022-05-25,VERTEX,19.83,20.46,19.64,20.31,3187651
2022-05-26,VERTEX,20.28,20.31,19.14,19.24,2623068
2022-05-27,VERTEX,19.14,19.24,18.87,18.95,4885133
2022-05-30,VERTEX,18.99,19.01,18.2,18.25,686287
2022-05-31,VERTEX,18.22,18.31,18.04,18.13,1630042
2022-06-01,VERTEX,18.09,18.69,18.07,18.55,4329368
2022-06-02,VERTEX,18.5,18.56,17.42,17.58,4066462
2022-06-03,VERTEX,17.6,17.67,17.29,17.4,2065777
2022-06-06,VERTEX,17.4,17.43,17.04,17.15,2778049
2022-06-07,VERTEX,17.16,17.96,17.12,17.9,621557
2022-06-08,VERTEX,17.91,18.17,17.9,18.11,1295929
2022-06-09,VERTEX,18.11,18.27,17.48,17.51,4750236
2022-06-10,VERTEX,17.44,17.58,17.12,17.27,3395909
2022-06-13,VERTEX,17.22,18.07,17.07,18.02,673714
2022-06-14,VERTEX,17.99,18.57,17.91,18.37,4065921
2022-06-15,VERTEX,18.53,18.6,17.86,17.9,2316005
2022-06-16,VERTEX,17.8,17.94,17.62,17.76,3059401
2022-06-17,VERTEX,17.73,17.86,17.57,17.64,4355837
2022-06-20,VERTEX,17.64,17.72,17.17,17.36,4268447
2022-06-21,VERTEX,17.34,17.36,16.43,16.53,1114051
2022-06-22,VERTEX,16.6,16.62,16.08,16.21,2146408
2022-06-23,VERTEX,16.19,16.96,16.17,16.83,1726770
2022-06-24,VERTEX,16.82,16.91,16.63,16.65,4611957
2022-06-27,VERTEX,16.7,16.79,16.56,16.6,4013265
2022-06-28,VERTEX,16.72,16.74,16.57,16.66,3417440
2022-06-29,VERTEX,16.75,17.9,16.69,17.69,763253
2022-06-30,VERTEX,17.68,17.78,17.62,17.69,4114216
2022-07-01,VERTEX,17.68,18.33,17.6,18.22,3024093
2022-07-04,VERTEX,18.23,18.35,17.88,17.91,1728433
2022-07-05,VERTEX,17.92,17.99,17.62,17.78,2492217
2022-07-06,VERTEX,17.72,17.78,17.55,17.78,2507577
2022-07-07,VERTEX,17.84,17.94,17.24,17.39,1832409
2022-07-08,VERTEX,17.4,17.44,17.25,17.28,4593278
2022-07-11,VERTEX,17.28,17.79,17.14,17.71,4628741
2022-07-12,VERTEX,17.62,17.65,17.23,17.3,729029
2022-07-13,VERTEX,17.31,17.59,17.3,17.3,4711551
2022-07-14,VERTEX,17.17,17.7,17.11,17.64,2317917
2022-07-15,VERTEX,17.6,17.61,17.11,17.22,4099245
2022-07-18,VERTEX,17.19,17.82,17.16,17.75,4011433
2022-07-19,VERTEX,17.77,17.92,17.72,17.78,3195008
2022-07-20,VERTEX,17.91,17.99,17.68,17.69,3847166
2022-07-21,VERTEX,17.73,17.8,16.57,16.69,3566169
2022-07-22,VERTEX,16.79,16.83,16.42,16.51,4332302
2022-07-25,VERTEX,16.55,16.8,16.44,16.68,2406637
2022-07-26,VERTEX,16.75,17.49,16.69,17.49,3827256
2022-07-27,VERTEX,17.62,17.84,17.57,17.76,4906560
2022-07-28,VERTEX,17.71,18.35,17.67,18.32,4761914
2022-07-29,VERTEX,18.26,18.28,17.58,17.69,1165770
2022-08-01,VERTEX,17.74,17.84,17.54,17.62,2742167
2022-08-02,VERTEX,17.62,18.24,17.53,18.22,2795273
2022-08-03,VERTEX,18.24,18.33,17.62,17.76,3309304
2022-08-04,VERTEX,17.74,18.29,17.69,18.24,3411704
2022-08-05,VERTEX,18.19,18.65,18.07,18.6,4314675
2022-08-08,VERTEX,18.73,18.86,18.67,18.74,2894842
2022-08-09,VERTEX,18.66,18.75,18.5,18.56,3657609
2022-08-10,VERTEX,18.62,18.65,18.03,18.05,4547639
2022-08-11,VERTEX,18.08,19.07,18.06,18.94,959255
2022-08-12,VERTEX,18.82,19.29,18.69,19.27,3391900
2022-08-15,VERTEX,19.2,19.55,19.04,19.44,2151484
2022-08-16,VERTEX,19.39,19.54,19.15,19.21,4576649
2022-08-17,VERTEX,19.26,19.38,19.2,19.23,2986658
2022-08-18,VERTEX,19.2,19.32,19.19,19.31,3212979
2022-08-19,VERTEX,19.31,19.77,19.27,19.52,3896228
2022-08-22,VERTEX,19.41,20.0,19.34,19.92,1589009
2022-08-23,VERTEX,20.1,20.16,19.45,19.48,2946054
2022-08-24,VERTEX,19.48,19.51,18.39,18.67,3978482
2022-08-25,VERTEX,18.71,18.77,18.58,18.71,3998971
2022-08-26,VERTEX,18.67,18.69,17.76,17.79,1525423
2022-08-29,VERTEX,17.74,17.79,17.57,17.62,4269242
2022-08-30,VERTEX,17.76,17.79,17.07,17.36,1232829
2022-08-31,VERTEX,17.23,17.77,17.12,17.6,1693077
2022-09-01,VERTEX,17.62,18.57,17.53,18.57,4354801
2022-09-02,VERTEX,18.48,18.58,17.5,17.55,3272441
2022-09-05,VERTEX,17.52,18.67,17.37,18.67,2939800
2022-09-06,VERTEX,18.62,18.74,18.41,18.54,3006996
2022-09-07,VERTEX,18.47,18.78,18.42,18.71,4861520
2022-09-08,VERTEX,18.72,18.72,17.96,17.97,1522927
2022-09-09,VERTEX,17.78,18.53,17.71,18.46,1846222
2022-09-12,VERTEX,18.44,18.53,18.43,18.48,2704451
2022-09-13,VERTEX,18.47,18.63,18.33,18.44,4304584
2022-09-14,VERTEX,18.34,18.37,17.4,17.44,2968557
2022-09-15,VERTEX,17.54,17.56,17.38,17.47,3766595
2022-09-16,VERTEX,17.42,18.06,17.21,17.87,4178029
2022-09-19,VERTEX,17.86,17.91,17.62,17.75,4514385
2022-09-20,VERTEX,17.71,18.42,17.67,18.33,2574452
2022-09-21,VERTEX,18.32,19.07,18.2,18.9,2560605
2022-09-22,VERTEX,19.0,19.03,18.35,18.56,864121
2022-09-23,VERTEX,18.74,19.48,18.72,19.38,861403
2022-09-26,VERTEX,19.44,19.47,19.33,19.4,2692831
2022-09-27,VERTEX,19.49,19.55,19.2,19.42,3870922
2022-09-28,VERTEX,19.56,19.58,19.37,19.47,4270779
2022-09-29,VERTEX,19.49,19.59,19.43,19.5,2338230
2022-09-30,VERTEX,19.63,19.81,17.74,18.06,3070649
2022-10-03,VERTEX,18.12,18.29,17.88,17.96,4156787
2022-10-04,VERTEX,17.97,18.09,17.05,17.27,1934893
2022-10-05,VERTEX,17.29,18.14,17.22,18.05,1213281
2022-10-06,VERTEX,17.92,18.88,17.81,18.85,4644369
2022-10-07,VERTEX,18.87,19.31,18.84,19.29,2957236
2022-10-10,VERTEX,19.17,19.2,19.07,19.16,1200431
2022-10-11,VERTEX,19.03,19.06,18.59,18.61,1633939
2022-10-12,VERTEX,18.63,18.68,18.17,18.26,1970949
2022-10-13,VERTEX,18.18,19.37,18.09,19.25,1405057
2022-10-14,VERTEX,19.25,19.41,18.8,18.87,2467106
2022-10-17,VERTEX,18.88,18.92,17.62,17.62,4157566
2022-10-18,VERTEX,17.63,18.31,17.51,18.12,3820900
2022-10-19,VERTEX,18.06,18.89,18.05,18.88,4626742
2022-10-20,VERTEX,18.95,19.88,18.93,19.75,4260860
2022-10-21,VERTEX,19.74,20.37,19.52,20.32,1900925
2022-10-24,VERTEX,20.36,21.07,20.34,21.0,763522
2022-10-25,VERTEX,20.9,21.05,20.88,21.02,1182498
2022-10-26,VERTEX,21.01,21.07,19.64,19.79,4064161
2022-10-27,VERTEX,19.88,19.88,19.76,19.8,2031378
2022-10-28,VERTEX,19.88,20.19,19.84,20.14,3742377
2022-10-31,VERTEX,20.08,20.18,19.83,20.06,2559987
2022-11-01,VERTEX,20.02,20.02,19.93,19.95,4525935
2022-11-02,VERTEX,19.87,20.22,19.29,19.41,2786592
2022-11-03,VERTEX,19.36,19.55,18.84,18.86,4551993
2022-11-04,VERTEX,18.75,19.86,18.54,19.82,1628401
2022-11-07,VERTEX,19.81,20.96,19.73,20.86,3998865
2022-11-08,VERTEX,20.91,21.05,20.77,20.85,2857774
2022-11-09,VERTEX,20.78,21.05,20.74,21.01,1355912
2022-11-10,VERTEX,21.0,21.07,20.29,20.42,1552929
2022-11-11,VERTEX,20.41,20.88,20.4,20.79,1912421
2022-11-14,VERTEX,20.87,21.89,20.74,21.8,1196904
2022-11-15,VERTEX,21.75,21.82,20.75,20.86,4713438
2022-11-16,VERTEX,20.81,21.38,20.62,21.13,1457245
2022-11-17,VERTEX,21.06,21.55,20.84,21.44,3191779
2022-11-18,VERTEX,21.34,21.9,21.08,21.75,3069201
2022-11-21,VERTEX,21.8,22.8,21.64,22.74,2924423
2022-11-22,VERTEX,22.73,24.05,22.49,24.03,3323508
2022-11-23,VERTEX,24.04,24.1,23.78,23.87,4620692
2022-11-24,VERTEX,23.99,24.41,23.89,24.31,4855514
2022-11-25,VERTEX,24.44,24.5,24.29,24.36,4433893
2022-11-28,VERTEX,24.2,24.33,23.89,23.92,2568460
2022-11-29,VERTEX,23.99,24.26,23.93,24.1,3773732
2022-11-30,VERTEX,24.12,24.55,23.91,24.54,1336479
2022-12-01,VERTEX,24.5,24.86,24.31,24.69,4470135
2022-12-02,VERTEX,24.72,24.76,24.07,24.07,1379793
2022-12-05,VERTEX,23.9,24.11,23.58,23.75,1012257
2022-12-06,VERTEX,23.89,23.9,23.44,23.44,4229246
2022-12-07,VERTEX,23.49,23.52,22.77,22.88,3908947
2022-12-08,VERTEX,22.8,23.11,22.51,23.07,1122690
2022-12-09,VERTEX,23.02,23.37,22.89,23.34,4845380
2022-12-12,VERTEX,23.18,24.03,23.08,23.97,1002277
2022-12-13,VERTEX,23.94,23.98,23.23,23.39,720395
2022-12-14,VERTEX,23.34,23.51,22.77,23.0,4800999
2022-12-15,VERTEX,22.88,24.03,22.68,24.0,1503705
2022-12-16,VERTEX,24.07,24.13,23.74,23.88,1556531
2022-12-19,VERTEX,24.0,24.23,23.86,23.89,4072857
2022-12-20,VERTEX,23.89,23.93,23.59,23.77,3232339
2022-12-21,VERTEX,23.74,24.6,23.71,24.51,2840212
2022-12-22,VERTEX,24.56,25.44,24.52,25.31,4946227
2022-12-23,VERTEX,25.31,26.12,24.97,26.09,889782
2022-12-26,VERTEX,25.98,26.28,25.71,26.1,4665764
2022-12-27,VERTEX,26.04,26.22,25.43,25.46,1705811
2022-12-28,VERTEX,25.43,27.05,25.4,26.82,3301771
2022-12-29,VERTEX,26.85,27.53,26.68,27.46,1958268
2022-12-30,VERTEX,27.46,27.85,27.08,27.1,1818926
2023-01-02,VERTEX,27.12,28.28,27.0,28.17,1944782
2023-01-03,VERTEX,28.0,28.36,27.72,27.74,3015653
2023-01-04,VERTEX,27.81,28.96,27.58,28.83,4449527
2023-01-05,VERTEX,28.83,30.25,28.45,30.01,1006189
2023-01-06,VERTEX,30.32,30.38,29.08,29.23,3479164
2023-01-09,VERTEX,29.18,29.85,28.93,29.7,4371054
2023-01-10,VERTEX,29.73,30.6,29.57,30.34,3807127
2023-01-11,VERTEX,30.68,32.76,30.58,32.55,4910641
2023-01-12,VERTEX,32.58,32.61,31.63,31.86,561065
2023-01-13,VERTEX,31.85,33.56,31.49,33.13,2131294
2023-01-16,VERTEX,33.0,33.17,32.84,33.14,2423804
2023-01-17,VERTEX,33.34,33.5,31.77,31.98,2910282
2023-01-18,VERTEX,31.83,31.9,31.7,31.86,1930192
2023-01-19,VERTEX,31.91,32.47,31.35,31.85,1639362
2023-01-20,VERTEX,31.79,32.12,30.86,30.9,4333664
2023-01-23,VERTEX,30.87,31.43,30.47,31.16,1546705
2023-01-24,VERTEX,30.98,32.09,30.91,31.99,4792413
2023-01-25,VERTEX,32.16,32.34,32.02,32.19,666692
2023-01-26,VERTEX,32.15,32.22,31.47,31.69,2405033
2023-01-27,VERTEX,31.54,31.58,31.43,31.55,3242251
2023-01-30,VERTEX,31.71,31.76,31.42,31.54,4878772
2023-01-31,VERTEX,31.47,31.97,31.19,31.72,3940589
2023-02-01,VERTEX,31.76,32.9,31.58,32.69,564616
2023-02-02,VERTEX,32.8,32.97,32.64,32.93,3868551
2023-02-03,VERTEX,33.0,33.02,31.6,31.63,1965737
2023-02-06,VERTEX,31.35,31.49,31.03,31.12,4369514
2023-02-07,VERTEX,31.21,31.41,31.14,31.26,3987190
2023-02-08,VERTEX,31.25,32.25,31.18,32.23,1363784
2023-02-09,VERTEX,32.19,33.57,32.18,33.39,2120448
2023-02-10,VERTEX,33.38,35.06,33.17,35.04,4194940
2023-02-13,VERTEX,34.82,35.5,34.35,35.16,4644330
2023-02-14,VERTEX,35.19,36.05,35.14,35.9,3216319
2023-02-15,VERTEX,35.71,35.75,34.02,34.43,1483092
2023-02-16,VERTEX,34.39,34.91,34.19,34.83,2253132
2023-02-17,VERTEX,34.86,34.98,33.42,33.77,4080500
2023-02-20,VERTEX,33.92,34.08,33.37,33.71,3192709
2023-02-21,VERTEX,33.59,36.98,33.51,36.55,1407660
2023-02-22,VERTEX,36.77,37.23,36.72,36.85,1785247
2023-02-23,VERTEX,36.99,37.37,35.9,35.95,1386972
2023-02-24,VERTEX,35.89,36.37,35.61,36.35,2611162
2023-02-27,VERTEX,36.19,36.31,35.67,35.81,2505872
2023-02-28,VERTEX,35.61,35.89,34.76,34.84,2937997
2023-03-01,VERTEX,34.88,37.07,34.87,36.88,4752232
2023-03-02,VERTEX,36.77,38.14,36.59,37.97,3431803
2023-03-03,VERTEX,38.15,38.47,37.93,38.33,3134547
2023-03-06,VERTEX,38.22,38.65,37.84,37.9,2148048
2023-03-07,VERTEX,37.76,37.96,37.14,37.55,3357648
2023-03-08,VERTEX,37.59,39.66,37.42,39.17,4799239
2023-03-09,VERTEX,39.06,39.58,39.04,39.49,543797
2023-03-10,VERTEX,39.49,39.59,35.9,36.07,2074008
2023-03-13,VERTEX,36.21,38.71,35.98,38.5,754768
2023-03-14,VERTEX,38.52,38.74,38.51,38.69,1416743
2023-03-15,VERTEX,38.71,39.51,38.14,39.05,801203
2023-03-16,VERTEX,39.08,40.33,38.97,40.23,3165403
2023-03-17,VERTEX,39.95,40.8,39.95,40.74,4188389
2023-03-20,VERTEX,40.8,41.85,40.48,41.58,4731176
2023-03-21,VERTEX,41.6,41.79,40.77,41.07,1565834
2023-03-22,VERTEX,41.22,41.27,39.44,39.65,3647335
2023-03-23,VERTEX,39.74,40.1,39.55,39.94,1979771
2023-03-24,VERTEX,39.91,41.62,39.59,41.53,1921097
2023-03-27,VERTEX,41.71,41.79,40.66,40.77,3244787
2023-03-28,VERTEX,40.72,40.74,39.85,39.92,3555506
2023-03-29,VERTEX,39.96,41.45,39.55,41.28,3127794
2023-03-30,VERTEX,41.23,41.26,40.58,40.74,948933
2023-03-31,VERTEX,40.81,40.82,39.72,40.26,2347382
2023-04-03,VERTEX,40.2,40.47,39.72,39.82,1785620
2023-04-04,VERTEX,40.09,40.16,39.6,39.74,519350
2023-04-05,VERTEX,40.06,40.2,37.77,37.98,682877
2023-04-06,VERTEX,38.11,38.24,37.3,37.39,2523211
2023-04-07,VERTEX,37.62,37.67,37.23,37.62,951957
2023-04-10,VERTEX,37.39,38.0,37.33,37.85,3824971
2023-04-11,VERTEX,37.63,39.29,37.58,39.06,753182
2023-04-12,VERTEX,39.01,41.3,38.93,41.06,1558576
2023-04-13,VERTEX,41.07,42.85,40.93,42.79,4935564
2023-04-14,VERTEX,42.75,44.27,42.37,43.87,3687611
2023-04-17,VERTEX,43.58,43.72,43.47,43.68,3008259
2023-04-18,VERTEX,43.88,43.95,42.89,42.9,568187
2023-04-19,VERTEX,43.27,43.67,42.61,42.91,696567
2023-04-20,VERTEX,43.13,43.67,42.55,43.6,4586035
2023-04-21,VERTEX,43.79,45.19,43.55,44.59,4097183
2023-04-24,VERTEX,44.63,45.49,44.57,45.35,4775176
2023-04-25,VERTEX,45.2,45.48,45.07,45.19,4136578
2023-04-26,VERTEX,45.2,46.21,45.13,46.17,511076
2023-04-27,VERTEX,46.56,47.86,46.55,47.78,4125045
2023-04-28,VERTEX,47.72,49.19,47.1,48.95,2560182
2023-05-01,VERTEX,48.86,49.65,48.64,48.89,3615576
2023-05-02,VERTEX,49.11,49.2,47.4,47.73,2362198
2023-05-03,VERTEX,47.96,48.09,46.54,46.57,3744538
2023-05-04,VERTEX,46.41,46.54,45.26,45.67,4288475
2023-05-05,VERTEX,45.62,46.15,45.57,45.99,4885325
2023-05-08,VERTEX,45.89,46.93,45.74,46.64,2933247
2023-05-09,VERTEX,46.65,47.12,44.62,,1755544
2023-05-10,VERTEX,44.98,45.29,44.11,44.13,3251144
2023-05-11,VERTEX,43.99,44.49,43.72,44.42,2749367
2023-05-12,VERTEX,44.62,44.98,42.91,43.29,1411277
2023-05-15,VERTEX,43.31,43.9,43.02,43.8,3760522
2023-05-16,VERTEX,44.21,44.32,43.0,43.41,846791
2023-05-17,VERTEX,43.47,43.47,42.46,42.52,2314279
2023-05-18,VERTEX,42.5,42.9,42.49,42.57,3615489
2023-05-19,VERTEX,42.67,43.43,42.49,43.03,4644742
2023-05-22,VERTEX,42.97,43.16,41.84,41.99,3293041
2023-05-23,VERTEX,41.69,41.74,41.66,41.69,4906683
2023-05-24,VERTEX,41.65,42.46,41.61,42.23,4245479
2023-05-25,VERTEX,42.18,42.39,40.95,41.31,1562735
2023-05-26,VERTEX,41.05,41.05,39.35,39.38,4301075
2023-05-29,VERTEX,39.37,39.39,37.58,37.68,2012733
2023-05-30,VERTEX,37.36,37.59,37.17,37.22,3339658
2023-05-31,VERTEX,37.17,37.46,35.76,35.84,1403689
2023-06-01,VERTEX,35.87,36.0,35.21,35.48,2922626
2023-06-02,VERTEX,35.49,37.15,35.31,37.12,3557617
2023-06-05,VERTEX,37.06,37.23,35.61,35.68,4613037
2023-06-06,VERTEX,35.67,35.74,35.22,35.38,4745317
2023-06-07,VERTEX,35.27,37.91,35.1,37.49,4105688
2023-06-08,VERTEX,37.49,37.99,37.35,37.9,3014207
2023-06-09,VERTEX,37.91,38.15,37.46,37.5,4470912
2023-06-12,VERTEX,37.37,37.53,37.2,37.33,977280
2023-06-13,VERTEX,37.37,37.78,37.29,37.76,4981284
2023-06-14,VERTEX,37.8,39.6,37.56,39.55,1417496
2023-06-15,VERTEX,39.52,39.72,38.64,38.95,2315776
2023-06-16,VERTEX,39.32,39.71,37.89,38.11,4584105
2023-06-19,VERTEX,38.09,38.56,36.43,36.63,3726205
2023-06-20,VERTEX,36.58,36.76,36.32,36.72,4324098
2023-06-21,VERTEX,36.66,37.23,35.19,35.26,3596305
2023-06-22,VERTEX,35.13,35.27,34.76,34.8,3204856
2023-06-23,VERTEX,34.89,35.15,33.83,33.9,1283642
2023-06-26,VERTEX,33.81,35.06,33.8,34.91,4982974
2023-06-27,VERTEX,34.83,34.88,34.29,34.4,3364468
2023-06-28,VERTEX,34.33,35.26,34.29,34.77,3506962
2023-06-29,VERTEX,34.64,34.7,33.13,33.2,2426401
2023-06-30,VERTEX,32.97,33.49,32.57,33.31,4784226
2023-07-03,VERTEX,33.25,33.43,32.08,32.18,2527860
2023-07-04,VERTEX,32.29,32.51,31.72,31.79,1356595
2023-07-05,VERTEX,31.81,33.95,31.66,33.75,1310620
2023-07-06,VERTEX,33.96,34.72,33.86,34.62,3642844
2023-07-07,VERTEX,34.72,35.11,34.41,34.48,3851327
2023-07-10,VERTEX,34.55,37.82,34.34,37.56,1426921
2023-07-11,VERTEX,37.84,38.23,36.54,36.59,3640734
2023-07-12,VERTEX,36.57,37.93,36.54,37.77,4989140
2023-07-13,VERTEX,37.78,37.79,36.11,36.14,2895305
2023-07-14,VERTEX,36.14,36.54,35.52,35.88,4867131
2023-07-17,VERTEX,36.1,36.53,34.37,34.52,1205236
2023-07-18,VERTEX,34.52,34.76,34.45,34.75,2313137
2023-07-19,VERTEX,34.66,34.8,34.41,34.8,3005891
2023-07-20,VERTEX,34.88,35.0,34.34,34.49,2111066
2023-07-21,VERTEX,34.37,35.59,34.25,35.53,950600
2023-07-24,VERTEX,35.61,35.92,34.86,34.96,2562120
2023-07-25,VERTEX,35.01,35.58,34.91,35.27,2027174
2023-07-26,VERTEX,35.24,36.44,35.23,36.07,1417150
2023-07-27,VERTEX,36.15,36.38,34.3,34.56,2175610
2023-07-28,VERTEX,34.35,34.67,33.37,33.82,2381139
2023-07-31,VERTEX,33.84,34.26,33.75,33.86,4475414
2023-08-01,VERTEX,33.8,34.6,33.37,34.45,2711836
2023-08-02,VERTEX,34.85,36.18,34.67,35.81,2370029
2023-08-03,VERTEX,35.83,35.91,35.25,35.58,2251466
2023-08-04,VERTEX,35.5,35.83,35.22,35.26,3193114
2023-08-07,VERTEX,35.06,35.33,34.12,34.39,1740157
2023-08-08,VERTEX,34.57,34.99,34.56,34.69,4436505
2023-08-09,VERTEX,34.64,34.83,34.06,34.39,2384349
2023-08-10,VERTEX,34.29,34.35,34.03,34.12,2415917
2023-08-11,VERTEX,34.17,34.35,33.54,34.02,787432
2023-08-14,VERTEX,34.11,34.56,34.09,34.54,4476665
2023-08-15,VERTEX,34.62,34.65,33.63,33.98,2620187
2023-08-16,VERTEX,33.98,34.05,33.13,33.24,1114075
2023-08-17,VERTEX,33.26,33.99,33.15,33.63,1271372
2023-08-18,VERTEX,33.66,33.78,30.71,30.77,2141794
2023-08-21,VERTEX,30.81,30.94,30.06,30.24,4012304
2023-08-22,VERTEX,30.29,30.33,29.24,29.25,926272
2023-08-23,VERTEX,29.38,30.29,28.92,30.23,1042349
2023-08-24,VERTEX,30.24,30.41,29.76,29.85,3024183
2023-08-25,VERTEX,29.75,29.86,29.2,29.37,2745535
2023-08-28,VERTEX,29.35,29.6,29.19,29.32,4807769
2023-08-29,VERTEX,29.41,29.61,28.7,28.83,3884053
2023-08-30,VERTEX,28.62,28.74,28.42,28.49,3456283
2023-08-31,VERTEX,28.29,28.57,28.12,28.56,2011485
2023-09-01,VERTEX,28.67,28.71,28.19,28.21,3317340
2023-09-04,VERTEX,28.39,28.51,27.81,27.87,3129667
2023-09-05,VERTEX,27.73,27.78,26.8,27.07,1751713
2023-09-06,VERTEX,27.08,27.08,26.08,26.19,2168933
2023-09-07,VERTEX,26.15,26.31,26.1,26.22,4689980
2023-09-08,VERTEX,26.2,26.49,26.19,26.44,2921031
2023-09-11,VERTEX,26.47,26.55,25.32,25.38,2621906
2023-09-12,VERTEX,25.25,26.25,25.18,25.91,4084927
2023-09-13,VERTEX,25.79,26.5,25.7,26.46,1701509
2023-09-14,VERTEX,26.42,27.48,26.39,27.17,1488234
2023-09-15,VERTEX,27.15,27.58,27.08,27.39,4944649
2023-09-18,VERTEX,27.27,27.9,26.91,27.87,4114731
2023-09-19,VERTEX,27.96,29.92,27.8,29.57,2404057
2023-09-20,VERTEX,29.52,29.78,29.14,29.31,4758222
2023-09-21,VERTEX,29.26,29.35,28.09,28.44,2171745
2023-09-22,VERTEX,28.47,28.6,27.14,27.21,3538437
2023-09-25,VERTEX,27.2,28.64,27.19,28.54,657325
2023-09-26,VERTEX,28.64,29.95,28.48,29.95,3639245
2023-09-27,VERTEX,29.83,29.95,28.82,29.16,1302327
2023-09-28,VERTEX,29.0,29.19,28.52,28.56,1586157
2023-09-29,VERTEX,28.52,28.68,28.19,28.29,4141361
2023-10-02,VERTEX,28.3,29.27,28.26,29.25,1424905
2023-10-03,VERTEX,29.11,29.54,28.13,28.19,2672127
2023-10-04,VERTEX,28.03,28.09,26.62,26.63,4642868
2023-10-05,VERTEX,26.65,28.51,26.63,28.24,4796936
2023-10-06,VERTEX,28.15,28.72,27.97,28.47,2497880
2023-10-09,VERTEX,28.31,29.08,28.26,28.83,877486
2023-10-10,VERTEX,28.94,28.95,28.65,28.65,1791160
2023-10-11,VERTEX,28.58,29.05,28.56,29.02,3271745
2023-10-12,VERTEX,29.15,29.25,27.47,27.78,2016401
2023-10-13,VERTEX,27.78,27.86,27.09,27.12,3739928
2023-10-16,VERTEX,27.15,27.32,27.07,27.19,4966269
2023-10-17,VERTEX,27.17,27.24,25.16,25.45,3295324
2023-10-18,VERTEX,25.18,25.24,24.97,25.23,3311705
2023-10-19,VERTEX,25.11,25.18,24.89,24.96,2884449
2023-10-20,VERTEX,24.95,25.0,24.73,24.75,1339228
2023-10-23,VERTEX,24.78,24.85,24.28,24.36,3102342
2023-10-24,VERTEX,24.18,24.39,23.62,23.67,4693497
2023-10-25,VERTEX,23.66,23.88,22.38,22.46,3602973
2023-10-26,VERTEX,22.35,22.95,22.23,22.54,3885155
2023-10-27,VERTEX,22.56,22.76,22.26,22.34,4384685
2023-10-30,VERTEX,22.34,22.52,21.3,21.48,2243656
2023-10-31,VERTEX,21.54,21.63,21.36,21.51,2013550
2023-11-01,VERTEX,21.6,21.6,21.29,21.32,4864622
2023-11-02,VERTEX,21.36,21.47,20.8,21.04,2568443
2023-11-03,VERTEX,21.11,21.28,19.59,19.76,3801329
2023-11-06,VERTEX,19.74,20.21,19.67,20.14,3361593
2023-11-07,VERTEX,20.36,20.53,19.3,19.44,1056143
2023-11-08,VERTEX,19.34,19.56,19.25,19.46,1913971
2023-11-09,VERTEX,19.42,19.54,18.92,19.02,1967940
2023-11-10,VERTEX,19.09,19.12,18.8,18.8,1304522
2023-11-13,VERTEX,18.86,19.49,18.86,19.41,4005771
2023-11-14,VERTEX,19.44,19.76,19.35,19.69,4847759
2023-11-15,VERTEX,19.74,20.32,19.51,20.31,4848170
2023-11-16,VERTEX,20.14,20.54,20.1,20.49,1376279
2023-11-17,VERTEX,20.62,20.76,20.6,20.71,2522817
2023-11-20,VERTEX,20.69,20.72,19.62,19.67,1547298
2023-11-21,VERTEX,19.77,19.85,19.44,19.49,781269
2023-11-22,VERTEX,19.33,19.42,19.19,19.36,3284087
2023-11-23,VERTEX,19.38,20.15,19.19,20.02,4368411
2023-11-24,VERTEX,19.97,20.16,19.64,19.73,848157
2023-11-27,VERTEX,19.77,19.88,19.64,19.87,3388290
2023-11-28,VERTEX,19.89,20.09,19.83,19.99,653214
2023-11-29,VERTEX,20.02,20.8,19.9,20.63,4293831
2023-11-30,VERTEX,20.54,20.58,20.53,20.55,788061
2023-12-01,VERTEX,20.54,21.12,20.52,21.02,2460214
2023-12-04,VERTEX,21.0,21.23,19.89,20.01,1054686
2023-12-05,VERTEX,20.05,20.08,18.99,19.1,2354696
2023-12-06,VERTEX,19.17,19.36,17.7,17.87,2431385
2023-12-07,VERTEX,17.88,18.32,17.86,18.26,2929578
2023-12-08,VERTEX,18.17,18.81,18.15,18.6,4231672
2023-12-11,VERTEX,18.61,19.13,18.33,19.06,4984241
2023-12-12,VERTEX,19.26,19.34,18.51,18.69,2038873
2023-12-13,VERTEX,18.81,18.89,18.35,18.39,4654774
2023-12-14,VERTEX,18.17,18.4,18.05,18.32,2423891
2023-12-15,VERTEX,18.33,19.06,18.24,19.06,1032390
2023-12-18,VERTEX,19.13,20.02,18.98,19.96,3201129
2023-12-19,VERTEX,19.94,20.39,19.88,20.39,3752415
2023-12-20,VERTEX,20.36,20.65,20.3,20.58,1859649
2023-12-21,VERTEX,20.55,21.37,20.41,21.34,3153599
2023-12-22,VERTEX,21.39,21.54,21.1,21.18,2446420
2023-12-25,VERTEX,21.08,21.15,20.89,20.94,1152601
2023-12-26,VERTEX,21.04,21.06,20.84,20.86,2238402
2023-12-27,VERTEX,20.86,21.06,20.17,20.28,2423701
2023-12-28,VERTEX,20.21,20.33,20.07,20.18,2038475
2023-12-29,VERTEX,20.27,20.29,19.54,19.54,4618114
2021-01-18,ATLAS,94.29,96.14,93.92,96.12,3059716
2021-02-01,ATLAS,99.44,100.22,98.51,99.51,2862507
